/* Generated by tools/gen_meltdown_dots.cjs. Font files are not packed. */
#include "meltdown_dots.h"

#include <string.h>

const uint16_t melt_mesh_px[576] = {42389,42389,61308,57115,57115,61308,42389,42389,61308,57115,57115,61308,42389,42389,61308,57115,57115,61308,42389,42389,61308,57115,57115,61308,42389,42389,61308,57115,57115,61308,42389,42389,61308,57115,57115,61308,42389,42389,61308,57115,57115,61308,42389,42389,61308,57115,57115,61308,61308,61308,57115,61308,61308,57115,61308,61308,57115,61308,61308,57115,61308,61308,57115,61308,61308,57115,61308,61308,57115,61308,61308,57115,57115,57115,61308,42389,42389,61308,57115,57115,61308,42389,42389,61308,57115,57115,61308,42389,42389,61308,57115,57115,61308,42389,42389,61308,57115,57115,61308,42389,42389,61308,57115,57115,61308,42389,42389,61308,57115,57115,61308,42389,42389,61308,57115,57115,61308,42389,42389,61308,61308,61308,57115,61308,61308,57115,61308,61308,57115,61308,61308,57115,61308,61308,57115,61308,61308,57115,61308,61308,57115,61308,61308,57115,42389,42389,61308,57115,57115,61308,42389,42389,61308,57115,57115,61308,42389,42389,61308,57115,57115,61308,42389,42389,61308,57115,57115,61308,42389,42389,61308,57115,57115,61308,42389,42389,61308,57115,57115,61308,42389,42389,61308,57115,57115,61308,42389,42389,61308,57115,57115,61308,61308,61308,57115,61308,61308,57115,61308,61308,57115,61308,61308,57115,61308,61308,57115,61308,61308,57115,61308,61308,57115,61308,61308,57115,57115,57115,61308,42389,42389,61308,57115,57115,61308,42389,42389,61308,57115,57115,61308,42389,42389,61308,57115,57115,61308,42389,42389,61308,57115,57115,61308,42389,42389,61308,57115,57115,61308,42389,42389,61308,57115,57115,61308,42389,42389,61308,57115,57115,61308,42389,42389,61308,61308,61308,57115,61308,61308,57115,61308,61308,57115,61308,61308,57115,61308,61308,57115,61308,61308,57115,61308,61308,57115,61308,61308,57115,42389,42389,61308,57115,57115,61308,42389,42389,61308,57115,57115,61308,42389,42389,61308,57115,57115,61308,42389,42389,61308,57115,57115,61308,42389,42389,61308,57115,57115,61308,42389,42389,61308,57115,57115,61308,42389,42389,61308,57115,57115,61308,42389,42389,61308,57115,57115,61308,61308,61308,57115,61308,61308,57115,61308,61308,57115,61308,61308,57115,61308,61308,57115,61308,61308,57115,61308,61308,57115,61308,61308,57115,57115,57115,61308,42389,42389,61308,57115,57115,61308,42389,42389,61308,57115,57115,61308,42389,42389,61308,57115,57115,61308,42389,42389,61308,57115,57115,61308,42389,42389,61308,57115,57115,61308,42389,42389,61308,57115,57115,61308,42389,42389,61308,57115,57115,61308,42389,42389,61308,61308,61308,57115,61308,61308,57115,61308,61308,57115,61308,61308,57115,61308,61308,57115,61308,61308,57115,61308,61308,57115,61308,61308,57115,42389,42389,61308,57115,57115,61308,42389,42389,61308,57115,57115,61308,42389,42389,61308,57115,57115,61308,42389,42389,61308,57115,57115,61308,42389,42389,61308,57115,57115,61308,42389,42389,61308,57115,57115,61308,42389,42389,61308,57115,57115,61308,42389,42389,61308,57115,57115,61308,61308,61308,57115,61308,61308,57115,61308,61308,57115,61308,61308,57115,61308,61308,57115,61308,61308,57115,61308,61308,57115,61308,61308,57115,57115,57115,61308,42389,42389,61308,57115,57115,61308,42389,42389,61308,57115,57115,61308,42389,42389,61308,57115,57115,61308,42389,42389,61308,57115,57115,61308,42389,42389,61308,57115,57115,61308,42389,42389,61308,57115,57115,61308,42389,42389,61308,57115,57115,61308,42389,42389,61308,61308,61308,57115,61308,61308,57115,61308,61308,57115,61308,61308,57115,61308,61308,57115,61308,61308,57115,61308,61308,57115,61308,61308,57115};
const lv_image_dsc_t melt_mesh = {
.header.magic=LV_IMAGE_HEADER_MAGIC, .header.cf=LV_COLOR_FORMAT_RGB565,
.header.w=24,.header.h=24,.header.stride=48,.data_size=sizeof melt_mesh_px,.data=(const uint8_t *)melt_mesh_px
};
static const uint8_t melt_img_0_px[] __attribute__((aligned(4))) = {
    0x00, 0x00, 0x6f, 0xed, 0xe0, 0xde, 0x49, 0x00, 0x00, 0x56, 0xff, 0x86, 0x58, 0xa8, 0xf2, 0x24,
    0x00, 0xc1, 0xc0, 0x00, 0x00, 0x92, 0xe0, 0x8c, 0x00, 0xd7, 0xa2, 0x00, 0x37, 0xd7, 0xeb, 0xad,
    0x09, 0xff, 0x82, 0x00, 0xaf, 0xa2, 0xaf, 0xcf, 0x11, 0xe0, 0x8c, 0x61, 0xe6, 0x16, 0xbc, 0xb6,
    0x09, 0xff, 0x8f, 0xed, 0x56, 0x00, 0xaf, 0xcf, 0x00, 0xd7, 0xf6, 0xa0, 0x00, 0x00, 0xd5, 0xad,
    0x00, 0xc1, 0xde, 0x26, 0x00, 0x24, 0xde, 0x8c, 0x00, 0x56, 0xff, 0x8a, 0x58, 0xa8, 0xf2, 0x24,
    0x00, 0x00, 0x6f, 0xed, 0xe0, 0xde, 0x49, 0x00,
};
static const lv_image_dsc_t melt_img_0 = {
    .header.magic = LV_IMAGE_HEADER_MAGIC,
    .header.cf = LV_COLOR_FORMAT_A8,
    .header.flags = 0,
    .header.w = 8,
    .header.h = 11,
    .header.stride = 8,
    .data_size = sizeof melt_img_0_px,
    .data = melt_img_0_px,
};

static const uint8_t melt_img_1_px[] __attribute__((aligned(4))) = {
    0x00, 0x00, 0x26, 0xa2, 0xb6, 0x8d, 0x00, 0x00, 0x00, 0x69, 0xfa, 0xcb, 0xf6, 0x98, 0x00, 0x00,
    0x00, 0x7a, 0x6d, 0x08, 0xce, 0xad, 0x00, 0x00, 0x00, 0x00, 0x00, 0x00, 0xeb, 0x98, 0x00, 0x00,
    0x00, 0x00, 0x00, 0x00, 0xce, 0xad, 0x00, 0x00, 0x00, 0x00, 0x00, 0x00, 0xeb, 0x98, 0x00, 0x00,
    0x00, 0x00, 0x00, 0x00, 0xce, 0xad, 0x00, 0x00, 0x00, 0x00, 0x00, 0x00, 0xeb, 0x98, 0x00, 0x00,
    0x00, 0x00, 0x00, 0x00, 0xce, 0xad, 0x00, 0x00, 0x00, 0x09, 0x8b, 0x7a, 0xf3, 0xb8, 0x8b, 0x63,
    0x00, 0x11, 0xb6, 0xcf, 0xb6, 0xcf, 0xb6, 0xa8,
};
static const lv_image_dsc_t melt_img_1 = {
    .header.magic = LV_IMAGE_HEADER_MAGIC,
    .header.cf = LV_COLOR_FORMAT_A8,
    .header.flags = 0,
    .header.w = 8,
    .header.h = 11,
    .header.stride = 8,
    .data_size = sizeof melt_img_1_px,
    .data = melt_img_1_px,
};

static const uint8_t melt_img_2_px[] __attribute__((aligned(4))) = {
    0x00, 0x8e, 0xc6, 0xfe, 0xe0, 0xd9, 0x4d, 0x00, 0x00, 0xba, 0x9c, 0x56, 0x63, 0xb9, 0xf7, 0x30,
    0x00, 0x0f, 0x00, 0x00, 0x00, 0x37, 0xe0, 0x8c, 0x00, 0x00, 0x00, 0x00, 0x00, 0x23, 0xff, 0x78,
    0x00, 0x00, 0x00, 0x00, 0x00, 0x94, 0xdb, 0x33, 0x00, 0x00, 0x00, 0x00, 0x51, 0xdc, 0x88, 0x00,
    0x00, 0x00, 0x00, 0x41, 0xd4, 0xad, 0x00, 0x00, 0x00, 0x00, 0x2f, 0xcb, 0xba, 0x00, 0x00, 0x00,
    0x00, 0x24, 0xc4, 0xc4, 0x07, 0x00, 0x00, 0x00, 0x00, 0xbe, 0xf8, 0x83, 0x8e, 0x7d, 0x8e, 0x4b,
    0x00, 0xcd, 0xb6, 0xcf, 0xb6, 0xcf, 0xb6, 0x7e,
};
static const lv_image_dsc_t melt_img_2 = {
    .header.magic = LV_IMAGE_HEADER_MAGIC,
    .header.cf = LV_COLOR_FORMAT_A8,
    .header.flags = 0,
    .header.w = 8,
    .header.h = 11,
    .header.stride = 8,
    .data_size = sizeof melt_img_2_px,
    .data = melt_img_2_px,
};

static const uint8_t melt_img_3_px[] __attribute__((aligned(4))) = {
    0x00, 0x9d, 0xcc, 0xff, 0xe0, 0xdd, 0x54, 0x00, 0x00, 0x85, 0x83, 0x53, 0x61, 0xad, 0xfa, 0x32,
    0x00, 0x00, 0x00, 0x00, 0x00, 0x24, 0xe0, 0x88, 0x00, 0x00, 0x00, 0x00, 0x00, 0x3a, 0xff, 0x66,
    0x00, 0x00, 0x32, 0x9b, 0x8f, 0xed, 0xa6, 0x08, 0x00, 0x00, 0x4d, 0xb6, 0xd8, 0xd4, 0x94, 0x00,
    0x00, 0x00, 0x00, 0x00, 0x00, 0x5d, 0xe0, 0x7b, 0x00, 0x00, 0x00, 0x00, 0x00, 0x00, 0xd5, 0xa8,
    0x00, 0x00, 0x00, 0x00, 0x00, 0x08, 0xd0, 0xb3, 0x0f, 0xb4, 0x83, 0x53, 0x68, 0xb0, 0xfe, 0x54,
    0x07, 0xba, 0xce, 0xfe, 0xdf, 0xd9, 0x5e, 0x00,
};
static const lv_image_dsc_t melt_img_3 = {
    .header.magic = LV_IMAGE_HEADER_MAGIC,
    .header.cf = LV_COLOR_FORMAT_A8,
    .header.flags = 0,
    .header.w = 8,
    .header.h = 11,
    .header.stride = 8,
    .data_size = sizeof melt_img_3_px,
    .data = melt_img_3_px,
};

static const uint8_t melt_img_4_px[] __attribute__((aligned(4))) = {
    0x00, 0x00, 0x00, 0x00, 0x51, 0xcf, 0x8c, 0x00, 0x00, 0x00, 0x00, 0x0d, 0xe2, 0xd4, 0xc4, 0x00,
    0x00, 0x00, 0x00, 0x9b, 0xa4, 0xcf, 0xad, 0x00, 0x00, 0x00, 0x43, 0xd4, 0x2d, 0xb6, 0xc4, 0x00,
    0x00, 0x00, 0xb8, 0x91, 0x00, 0xcf, 0xad, 0x00, 0x00, 0x76, 0xe0, 0x07, 0x00, 0xb6, 0xc4, 0x00,
    0x26, 0xf3, 0x55, 0x00, 0x00, 0xcf, 0xad, 0x00, 0x63, 0xe0, 0xf7, 0xd9, 0xf7, 0xde, 0xfc, 0xd9,
    0x20, 0x5e, 0x53, 0x5e, 0x53, 0xdb, 0xba, 0x5e, 0x00, 0x00, 0x00, 0x00, 0x00, 0xb6, 0xc4, 0x00,
    0x00, 0x00, 0x00, 0x00, 0x00, 0xa8, 0x8c, 0x00,
};
static const lv_image_dsc_t melt_img_4 = {
    .header.magic = LV_IMAGE_HEADER_MAGIC,
    .header.cf = LV_COLOR_FORMAT_A8,
    .header.flags = 0,
    .header.w = 8,
    .header.h = 11,
    .header.stride = 8,
    .data_size = sizeof melt_img_4_px,
    .data = melt_img_4_px,
};

static const uint8_t melt_img_5_px[] __attribute__((aligned(4))) = {
    0x00, 0x8e, 0xce, 0xea, 0xce, 0xea, 0xb9, 0x00, 0x00, 0x89, 0xe0, 0x68, 0x77, 0x68, 0x6b, 0x00,
    0x00, 0x9b, 0xb6, 0x00, 0x00, 0x00, 0x00, 0x00, 0x00, 0x89, 0xd1, 0x51, 0x5e, 0x1d, 0x00, 0x00,
    0x00, 0x9b, 0xe0, 0xfe, 0xe0, 0xf9, 0x72, 0x00, 0x00, 0x41, 0x33, 0x00, 0x27, 0xa3, 0xff, 0x44,
    0x00, 0x00, 0x00, 0x00, 0x00, 0x19, 0xdd, 0x9f, 0x00, 0x00, 0x00, 0x00, 0x00, 0x00, 0xee, 0x9b,
    0x00, 0x00, 0x00, 0x00, 0x00, 0x31, 0xe0, 0x90, 0x00, 0xaf, 0x7d, 0x53, 0x74, 0xc3, 0xf2, 0x26,
    0x00, 0xc6, 0xda, 0xff, 0xde, 0xc6, 0x3e, 0x00,
};
static const lv_image_dsc_t melt_img_5 = {
    .header.magic = LV_IMAGE_HEADER_MAGIC,
    .header.cf = LV_COLOR_FORMAT_A8,
    .header.flags = 0,
    .header.w = 8,
    .header.h = 11,
    .header.stride = 8,
    .data_size = sizeof melt_img_5_px,
    .data = melt_img_5_px,
};

static const uint8_t melt_img_6_px[] __attribute__((aligned(4))) = {
    0x00, 0x00, 0x4b, 0xd8, 0xe0, 0xfe, 0xc2, 0x0d, 0x00, 0x38, 0xf6, 0xad, 0x63, 0x53, 0x98, 0x0b,
    0x00, 0xb5, 0xc3, 0x08, 0x00, 0x00, 0x00, 0x00, 0x00, 0xd0, 0x92, 0x26, 0x5e, 0x41, 0x00, 0x00,
    0x09, 0xff, 0x95, 0xf7, 0xd4, 0xfe, 0xb4, 0x1b, 0x11, 0xe0, 0xf5, 0x42, 0x00, 0x43, 0xfa, 0x85,
    0x0b, 0xff, 0xa0, 0x00, 0x00, 0x00, 0xaf, 0xce, 0x00, 0xda, 0x9b, 0x00, 0x00, 0x00, 0xb8, 0xb6,
    0x00, 0xc6, 0xb0, 0x00, 0x00, 0x00, 0xbc, 0xc7, 0x00, 0x5c, 0xff, 0x7e, 0x51, 0x7f, 0xff, 0x65,
    0x00, 0x00, 0x76, 0xeb, 0xe0, 0xed, 0x7c, 0x00,
};
static const lv_image_dsc_t melt_img_6 = {
    .header.magic = LV_IMAGE_HEADER_MAGIC,
    .header.cf = LV_COLOR_FORMAT_A8,
    .header.flags = 0,
    .header.w = 8,
    .header.h = 11,
    .header.stride = 8,
    .data_size = sizeof melt_img_6_px,
    .data = melt_img_6_px,
};

static const uint8_t melt_img_7_px[] __attribute__((aligned(4))) = {
    0x09, 0xea, 0xce, 0xea, 0xce, 0xea, 0xce, 0xb4, 0x05, 0x68, 0x77, 0x68, 0x77, 0x73, 0xff, 0x72,
    0x00, 0x00, 0x00, 0x00, 0x00, 0x81, 0xdd, 0x21, 0x00, 0x00, 0x00, 0x00, 0x00, 0xbe, 0xba, 0x00,
    0x00, 0x00, 0x00, 0x00, 0x40, 0xff, 0x5b, 0x00, 0x00, 0x00, 0x00, 0x00, 0xac, 0xce, 0x05, 0x00,
    0x00, 0x00, 0x00, 0x0f, 0xd4, 0xa0, 0x00, 0x00, 0x00, 0x00, 0x00, 0x6c, 0xff, 0x36, 0x00, 0x00,
    0x00, 0x00, 0x00, 0xce, 0xba, 0x00, 0x00, 0x00, 0x00, 0x00, 0x39, 0xe0, 0x80, 0x00, 0x00, 0x00,
    0x00, 0x00, 0x6a, 0xcf, 0x1a, 0x00, 0x00, 0x00,
};
static const lv_image_dsc_t melt_img_7 = {
    .header.magic = LV_IMAGE_HEADER_MAGIC,
    .header.cf = LV_COLOR_FORMAT_A8,
    .header.flags = 0,
    .header.w = 8,
    .header.h = 11,
    .header.stride = 8,
    .data_size = sizeof melt_img_7_px,
    .data = melt_img_7_px,
};

static const uint8_t melt_img_8_px[] __attribute__((aligned(4))) = {
    0x00, 0x19, 0x99, 0xf8, 0xe0, 0xed, 0x7e, 0x00, 0x00, 0x93, 0xf7, 0x62, 0x38, 0x80, 0xff, 0x63,
    0x00, 0xd0, 0xaa, 0x00, 0x00, 0x00, 0xd6, 0xa8, 0x00, 0xad, 0xce, 0x00, 0x00, 0x0f, 0xf9, 0x7f,
    0x00, 0x4a, 0xd0, 0xb2, 0x83, 0xcd, 0xb8, 0x20, 0x00, 0x26, 0xbd, 0xce, 0xcf, 0xd0, 0xa6, 0x0f,
    0x00, 0xd0, 0xb6, 0x0a, 0x00, 0x30, 0xd4, 0xa1, 0x0f, 0xe0, 0x8d, 0x00, 0x00, 0x00, 0xc0, 0xba,
    0x0b, 0xff, 0x89, 0x00, 0x00, 0x00, 0xb4, 0xcf, 0x00, 0xaf, 0xf3, 0x66, 0x51, 0x7e, 0xff, 0x80,
    0x00, 0x24, 0xa0, 0xf8, 0xe0, 0xec, 0x87, 0x00,
};
static const lv_image_dsc_t melt_img_8 = {
    .header.magic = LV_IMAGE_HEADER_MAGIC,
    .header.cf = LV_COLOR_FORMAT_A8,
    .header.flags = 0,
    .header.w = 8,
    .header.h = 11,
    .header.stride = 8,
    .data_size = sizeof melt_img_8_px,
    .data = melt_img_8_px,
};

static const uint8_t melt_img_9_px[] __attribute__((aligned(4))) = {
    0x00, 0x23, 0xa5, 0xfd, 0xe0, 0xe1, 0x4f, 0x00, 0x00, 0xa5, 0xef, 0x59, 0x42, 0xa0, 0xf3, 0x26,
    0x09, 0xfe, 0x83, 0x00, 0x00, 0x13, 0xdc, 0x8c, 0x1e, 0xe0, 0x71, 0x00, 0x00, 0x00, 0xd4, 0xa8,
    0x0b, 0xfe, 0x7a, 0x00, 0x00, 0x05, 0xd8, 0xcf, 0x00, 0xb3, 0xe2, 0x2b, 0x05, 0x8c, 0xfb, 0xb6,
    0x00, 0x39, 0xc3, 0xff, 0xe0, 0xd8, 0xaa, 0xce, 0x00, 0x00, 0x00, 0x3c, 0x4a, 0x00, 0xd3, 0x9b,
    0x00, 0x00, 0x00, 0x00, 0x00, 0x43, 0xe0, 0x73, 0x00, 0x4d, 0x87, 0x53, 0x79, 0xcc, 0xd7, 0x04,
    0x00, 0x56, 0xca, 0xfe, 0xdb, 0xb6, 0x20, 0x00,
};
static const lv_image_dsc_t melt_img_9 = {
    .header.magic = LV_IMAGE_HEADER_MAGIC,
    .header.cf = LV_COLOR_FORMAT_A8,
    .header.flags = 0,
    .header.w = 8,
    .header.h = 11,
    .header.stride = 8,
    .data_size = sizeof melt_img_9_px,
    .data = melt_img_9_px,
};

static const uint8_t melt_img_10_px[] __attribute__((aligned(4))) = {
    0x00, 0x00, 0x00, 0xac, 0xd2, 0x79, 0x00, 0x00, 0x00, 0x00, 0x05, 0xd2, 0xed, 0xa9, 0x00, 0x00,
    0x00, 0x00, 0x4e, 0xff, 0x7a, 0xf9, 0x09, 0x00, 0x00, 0x00, 0xa4, 0xc1, 0x23, 0xe0, 0x6d, 0x00,
    0x00, 0x00, 0xc7, 0xa2, 0x00, 0xd5, 0x9c, 0x00, 0x00, 0x38, 0xff, 0x55, 0x00, 0x89, 0xed, 0x00,
    0x00, 0x90, 0xdf, 0x58, 0x4b, 0x89, 0xe0, 0x50, 0x00, 0xb8, 0xff, 0xe0, 0xff, 0xe0, 0xff, 0x8c,
    0x21, 0xfe, 0x72, 0x00, 0x00, 0x00, 0xa4, 0xde, 0x7d, 0xe0, 0x37, 0x00, 0x00, 0x00, 0x7c, 0xe0,
    0x83, 0xbd, 0x00, 0x00, 0x00, 0x00, 0x29, 0xcf,
};
static const lv_image_dsc_t melt_img_10 = {
    .header.magic = LV_IMAGE_HEADER_MAGIC,
    .header.cf = LV_COLOR_FORMAT_A8,
    .header.flags = 0,
    .header.w = 8,
    .header.h = 11,
    .header.stride = 8,
    .data_size = sizeof melt_img_10_px,
    .data = melt_img_10_px,
};

static const uint8_t melt_img_11_px[] __attribute__((aligned(4))) = {
    0x00, 0xb6, 0xbe, 0xd8, 0xb9, 0xc8, 0x64, 0x00, 0x00, 0xbe, 0xd2, 0x68, 0x82, 0x9b, 0xff, 0x68,
    0x00, 0xd8, 0xa3, 0x00, 0x00, 0x00, 0xbf, 0xc6, 0x00, 0xbe, 0xba, 0x00, 0x00, 0x20, 0xed, 0x9c,
    0x00, 0xd8, 0xd2, 0xcf, 0xb6, 0xf1, 0xac, 0x24, 0x00, 0xbe, 0xdd, 0x86, 0x99, 0xa3, 0xf5, 0x5f,
    0x00, 0xd8, 0xa3, 0x00, 0x00, 0x00, 0x9b, 0xeb, 0x00, 0xbe, 0xba, 0x00, 0x00, 0x00, 0x87, 0xe0,
    0x00, 0xd8, 0xa3, 0x00, 0x00, 0x00, 0x8c, 0xfe, 0x00, 0xbe, 0xd5, 0x6f, 0x84, 0x92, 0xf8, 0xa5,
    0x00, 0xb0, 0xb6, 0xcf, 0xb6, 0xcc, 0x7e, 0x0f,
};
static const lv_image_dsc_t melt_img_11 = {
    .header.magic = LV_IMAGE_HEADER_MAGIC,
    .header.cf = LV_COLOR_FORMAT_A8,
    .header.flags = 0,
    .header.w = 8,
    .header.h = 11,
    .header.stride = 8,
    .data_size = sizeof melt_img_11_px,
    .data = melt_img_11_px,
};

static const uint8_t melt_img_12_px[] __attribute__((aligned(4))) = {
    0x00, 0x00, 0x36, 0xc9, 0xe0, 0xff, 0xd6, 0x88, 0x00, 0x23, 0xed, 0xbd, 0x5c, 0x35, 0x7a, 0x8b,
    0x00, 0xa0, 0xdb, 0x29, 0x00, 0x00, 0x00, 0x00, 0x00, 0xc4, 0xc5, 0x00, 0x00, 0x00, 0x00, 0x00,
    0x00, 0xfe, 0x8c, 0x00, 0x00, 0x00, 0x00, 0x00, 0x08, 0xe0, 0x9b, 0x00, 0x00, 0x00, 0x00, 0x00,
    0x00, 0xfe, 0x8e, 0x00, 0x00, 0x00, 0x00, 0x00, 0x00, 0xc2, 0xc8, 0x00, 0x00, 0x00, 0x00, 0x00,
    0x00, 0x99, 0xdd, 0x34, 0x00, 0x00, 0x00, 0x05, 0x00, 0x1f, 0xe6, 0xc3, 0x70, 0x52, 0x8b, 0x94,
    0x00, 0x00, 0x29, 0xba, 0xdb, 0xfe, 0xca, 0x7d,
};
static const lv_image_dsc_t melt_img_12 = {
    .header.magic = LV_IMAGE_HEADER_MAGIC,
    .header.cf = LV_COLOR_FORMAT_A8,
    .header.flags = 0,
    .header.w = 8,
    .header.h = 11,
    .header.stride = 8,
    .data_size = sizeof melt_img_12_px,
    .data = melt_img_12_px,
};

static const uint8_t melt_img_13_px[] __attribute__((aligned(4))) = {
    0x0b, 0xd8, 0xbe, 0xd1, 0xaf, 0x81, 0x07, 0x00, 0x0f, 0xe0, 0xbb, 0x76, 0xad, 0xd9, 0xc6, 0x04,
    0x0d, 0xff, 0x82, 0x00, 0x00, 0x60, 0xe0, 0x79, 0x0f, 0xe0, 0x93, 0x00, 0x00, 0x00, 0xe5, 0xa9,
    0x0d, 0xff, 0x82, 0x00, 0x00, 0x00, 0xb3, 0xd5, 0x0f, 0xe0, 0x93, 0x00, 0x00, 0x00, 0xc7, 0xcd,
    0x0d, 0xff, 0x82, 0x00, 0x00, 0x00, 0xb3, 0xd6, 0x0f, 0xe0, 0x93, 0x00, 0x00, 0x00, 0xe5, 0xaa,
    0x0d, 0xff, 0x82, 0x00, 0x00, 0x60, 0xe0, 0x7a, 0x0f, 0xe0, 0xbe, 0x78, 0xad, 0xda, 0xc7, 0x04,
    0x0b, 0xcf, 0xb6, 0xcf, 0xaf, 0x81, 0x07, 0x00,
};
static const lv_image_dsc_t melt_img_13 = {
    .header.magic = LV_IMAGE_HEADER_MAGIC,
    .header.cf = LV_COLOR_FORMAT_A8,
    .header.flags = 0,
    .header.w = 8,
    .header.h = 11,
    .header.stride = 8,
    .data_size = sizeof melt_img_13_px,
    .data = melt_img_13_px,
};

static const uint8_t melt_img_14_px[] __attribute__((aligned(4))) = {
    0x00, 0x94, 0xb6, 0xcf, 0xb6, 0xcf, 0xb6, 0xa6, 0x00, 0xa0, 0xef, 0x7d, 0x8e, 0x7d, 0x8e, 0x63,
    0x00, 0xb6, 0xc8, 0x00, 0x00, 0x00, 0x00, 0x00, 0x00, 0xa0, 0xe3, 0x00, 0x00, 0x00, 0x00, 0x00,
    0x00, 0xb6, 0xda, 0xcf, 0xb6, 0xcf, 0xb6, 0x7e, 0x00, 0xa0, 0xf1, 0x89, 0x9b, 0x89, 0x9b, 0x53,
    0x00, 0xb6, 0xc8, 0x00, 0x00, 0x00, 0x00, 0x00, 0x00, 0xa0, 0xe3, 0x00, 0x00, 0x00, 0x00, 0x00,
    0x00, 0xb6, 0xc8, 0x00, 0x00, 0x00, 0x00, 0x00, 0x00, 0xa0, 0xef, 0x7d, 0x8e, 0x7d, 0x8e, 0x6d,
    0x00, 0x94, 0xb6, 0xcf, 0xb6, 0xcf, 0xb6, 0xb5,
};
static const lv_image_dsc_t melt_img_14 = {
    .header.magic = LV_IMAGE_HEADER_MAGIC,
    .header.cf = LV_COLOR_FORMAT_A8,
    .header.flags = 0,
    .header.w = 8,
    .header.h = 11,
    .header.stride = 8,
    .data_size = sizeof melt_img_14_px,
    .data = melt_img_14_px,
};

static const uint8_t melt_img_15_px[] __attribute__((aligned(4))) = {
    0x00, 0x5e, 0xb6, 0xcf, 0xb6, 0xcf, 0xb6, 0xc9, 0x00, 0x67, 0xff, 0x86, 0x8e, 0x7d, 0x8e, 0x79,
    0x00, 0x75, 0xe0, 0x2f, 0x00, 0x00, 0x00, 0x00, 0x00, 0x67, 0xff, 0x29, 0x00, 0x00, 0x00, 0x00,
    0x00, 0x75, 0xe0, 0xd4, 0xb6, 0xcf, 0xb6, 0x7d, 0x00, 0x67, 0xff, 0x91, 0x9b, 0x89, 0x9b, 0x52,
    0x00, 0x75, 0xe0, 0x2f, 0x00, 0x00, 0x00, 0x00, 0x00, 0x67, 0xff, 0x29, 0x00, 0x00, 0x00, 0x00,
    0x00, 0x75, 0xe0, 0x2f, 0x00, 0x00, 0x00, 0x00, 0x00, 0x67, 0xff, 0x29, 0x00, 0x00, 0x00, 0x00,
    0x00, 0x5e, 0xb6, 0x26, 0x00, 0x00, 0x00, 0x00,
};
static const lv_image_dsc_t melt_img_15 = {
    .header.magic = LV_IMAGE_HEADER_MAGIC,
    .header.cf = LV_COLOR_FORMAT_A8,
    .header.flags = 0,
    .header.w = 8,
    .header.h = 11,
    .header.stride = 8,
    .data_size = sizeof melt_img_15_px,
    .data = melt_img_15_px,
};

static const uint8_t melt_img_16_px[] __attribute__((aligned(4))) = {
    0x00, 0x00, 0x58, 0xe1, 0xe0, 0xff, 0xc5, 0x59, 0x00, 0x51, 0xfe, 0x9f, 0x4b, 0x3f, 0x99, 0x84,
    0x00, 0xd7, 0xbc, 0x00, 0x00, 0x00, 0x00, 0x13, 0x2d, 0xe0, 0x8c, 0x00, 0x00, 0x00, 0x00, 0x00,
    0x53, 0xff, 0x57, 0x00, 0x00, 0x00, 0x00, 0x00, 0x5e, 0xe0, 0x5e, 0x00, 0x0f, 0xa9, 0xc0, 0x98,
    0x53, 0xff, 0x58, 0x00, 0x0b, 0x9b, 0xb6, 0xe6, 0x27, 0xe0, 0x8d, 0x00, 0x00, 0x00, 0x9b, 0xca,
    0x00, 0xd1, 0xbe, 0x00, 0x00, 0x00, 0x89, 0xe6, 0x00, 0x4a, 0xfb, 0xa8, 0x60, 0x56, 0xd0, 0xca,
    0x00, 0x00, 0x4e, 0xd1, 0xdf, 0xfe, 0xb6, 0x57,
};
static const lv_image_dsc_t melt_img_16 = {
    .header.magic = LV_IMAGE_HEADER_MAGIC,
    .header.cf = LV_COLOR_FORMAT_A8,
    .header.flags = 0,
    .header.w = 8,
    .header.h = 11,
    .header.stride = 8,
    .data_size = sizeof melt_img_16_px,
    .data = melt_img_16_px,
};

static const uint8_t melt_img_17_px[] __attribute__((aligned(4))) = {
    0x0b, 0xe2, 0x72, 0x00, 0x00, 0x00, 0x9b, 0xb7, 0x0f, 0xe0, 0x93, 0x00, 0x00, 0x00, 0xc6, 0xb6,
    0x0d, 0xff, 0x82, 0x00, 0x00, 0x00, 0xaf, 0xcf, 0x0f, 0xe0, 0x93, 0x00, 0x00, 0x00, 0xc6, 0xb6,
    0x0d, 0xff, 0xca, 0xcf, 0xb6, 0xcf, 0xd4, 0xcf, 0x0f, 0xe0, 0xcc, 0x89, 0x9b, 0x89, 0xe3, 0xb6,
    0x0d, 0xff, 0x82, 0x00, 0x00, 0x00, 0xaf, 0xcf, 0x0f, 0xe0, 0x93, 0x00, 0x00, 0x00, 0xc6, 0xb6,
    0x0d, 0xff, 0x82, 0x00, 0x00, 0x00, 0xaf, 0xcf, 0x0f, 0xe0, 0x93, 0x00, 0x00, 0x00, 0xc6, 0xb6,
    0x0b, 0xcf, 0x69, 0x00, 0x00, 0x00, 0x8e, 0xa8,
};
static const lv_image_dsc_t melt_img_17 = {
    .header.magic = LV_IMAGE_HEADER_MAGIC,
    .header.cf = LV_COLOR_FORMAT_A8,
    .header.flags = 0,
    .header.w = 8,
    .header.h = 11,
    .header.stride = 8,
    .data_size = sizeof melt_img_17_px,
    .data = melt_img_17_px,
};

static const uint8_t melt_img_18_px[] __attribute__((aligned(4))) = {
    0x00, 0x8e, 0xb6, 0xcf, 0xb6, 0xcf, 0xb6, 0x5b, 0x00, 0x55, 0x8e, 0xa1, 0xff, 0x83, 0x8e, 0x37,
    0x00, 0x00, 0x00, 0x75, 0xe0, 0x23, 0x00, 0x00, 0x00, 0x00, 0x00, 0x67, 0xff, 0x1f, 0x00, 0x00,
    0x00, 0x00, 0x00, 0x75, 0xe0, 0x23, 0x00, 0x00, 0x00, 0x00, 0x00, 0x67, 0xff, 0x1f, 0x00, 0x00,
    0x00, 0x00, 0x00, 0x75, 0xe0, 0x23, 0x00, 0x00, 0x00, 0x00, 0x00, 0x67, 0xff, 0x1f, 0x00, 0x00,
    0x00, 0x00, 0x00, 0x75, 0xe0, 0x23, 0x00, 0x00, 0x00, 0x55, 0x8e, 0xa1, 0xff, 0x83, 0x8e, 0x37,
    0x00, 0x8e, 0xb6, 0xcf, 0xb6, 0xcf, 0xb6, 0x5b,
};
static const lv_image_dsc_t melt_img_18 = {
    .header.magic = LV_IMAGE_HEADER_MAGIC,
    .header.cf = LV_COLOR_FORMAT_A8,
    .header.flags = 0,
    .header.w = 8,
    .header.h = 11,
    .header.stride = 8,
    .data_size = sizeof melt_img_18_px,
    .data = melt_img_18_px,
};

static const uint8_t melt_img_19_px[] __attribute__((aligned(4))) = {
    0x00, 0x00, 0x5e, 0xea, 0xce, 0xea, 0xa8, 0x00, 0x00, 0x00, 0x37, 0x68, 0x77, 0xbe, 0xcf, 0x00,
    0x00, 0x00, 0x00, 0x00, 0x00, 0xc3, 0xb6, 0x00, 0x00, 0x00, 0x00, 0x00, 0x00, 0xac, 0xcf, 0x00,
    0x00, 0x00, 0x00, 0x00, 0x00, 0xc3, 0xb6, 0x00, 0x00, 0x00, 0x00, 0x00, 0x00, 0xac, 0xcf, 0x00,
    0x00, 0x00, 0x00, 0x00, 0x00, 0xc3, 0xb6, 0x00, 0x00, 0x00, 0x00, 0x00, 0x00, 0xad, 0xcf, 0x00,
    0x20, 0x08, 0x00, 0x00, 0x00, 0xd3, 0xb2, 0x00, 0x5e, 0xc0, 0x78, 0x52, 0x87, 0xe0, 0x8f, 0x00,
    0x2f, 0xbb, 0xd6, 0xff, 0xd8, 0xab, 0x0b, 0x00,
};
static const lv_image_dsc_t melt_img_19 = {
    .header.magic = LV_IMAGE_HEADER_MAGIC,
    .header.cf = LV_COLOR_FORMAT_A8,
    .header.flags = 0,
    .header.w = 8,
    .header.h = 11,
    .header.stride = 8,
    .data_size = sizeof melt_img_19_px,
    .data = melt_img_19_px,
};

static const uint8_t melt_img_20_px[] __attribute__((aligned(4))) = {
    0x0b, 0xe2, 0x72, 0x00, 0x00, 0x00, 0x78, 0xe0, 0x0f, 0xe0, 0x93, 0x00, 0x00, 0x71, 0xfe, 0x6a,
    0x0d, 0xff, 0x82, 0x00, 0x6a, 0xfe, 0x72, 0x00, 0x0f, 0xe0, 0x93, 0x60, 0xfd, 0x79, 0x00, 0x00,
    0x0d, 0xff, 0xaf, 0xfa, 0xaa, 0x00, 0x00, 0x00, 0x0f, 0xe0, 0xff, 0xc3, 0xfb, 0x3d, 0x00, 0x00,
    0x0d, 0xff, 0xa5, 0x0a, 0xc4, 0xd9, 0x07, 0x00, 0x0f, 0xe0, 0x93, 0x00, 0x55, 0xe0, 0x98, 0x00,
    0x0d, 0xff, 0x82, 0x00, 0x00, 0xa6, 0xde, 0x4b, 0x0f, 0xe0, 0x93, 0x00, 0x00, 0x19, 0xe7, 0xc2,
    0x0b, 0xcf, 0x69, 0x00, 0x00, 0x00, 0x56, 0xcf,
};
static const lv_image_dsc_t melt_img_20 = {
    .header.magic = LV_IMAGE_HEADER_MAGIC,
    .header.cf = LV_COLOR_FORMAT_A8,
    .header.flags = 0,
    .header.w = 8,
    .header.h = 11,
    .header.stride = 8,
    .data_size = sizeof melt_img_20_px,
    .data = melt_img_20_px,
};

static const uint8_t melt_img_21_px[] __attribute__((aligned(4))) = {
    0x00, 0x7e, 0xb6, 0x00, 0x00, 0x00, 0x00, 0x00, 0x00, 0x89, 0xfe, 0x00, 0x00, 0x00, 0x00, 0x00,
    0x00, 0x9b, 0xe0, 0x00, 0x00, 0x00, 0x00, 0x00, 0x00, 0x89, 0xfe, 0x00, 0x00, 0x00, 0x00, 0x00,
    0x00, 0x9b, 0xe0, 0x00, 0x00, 0x00, 0x00, 0x00, 0x00, 0x89, 0xfe, 0x00, 0x00, 0x00, 0x00, 0x00,
    0x00, 0x9b, 0xe0, 0x00, 0x00, 0x00, 0x00, 0x00, 0x00, 0x89, 0xfe, 0x00, 0x00, 0x00, 0x00, 0x00,
    0x00, 0x9b, 0xe0, 0x00, 0x00, 0x00, 0x00, 0x00, 0x00, 0x89, 0xfe, 0x7d, 0x8e, 0x7d, 0x8e, 0x7d,
    0x00, 0x7e, 0xb6, 0xcf, 0xb6, 0xcf, 0xb6, 0xcf,
};
static const lv_image_dsc_t melt_img_21 = {
    .header.magic = LV_IMAGE_HEADER_MAGIC,
    .header.cf = LV_COLOR_FORMAT_A8,
    .header.flags = 0,
    .header.w = 8,
    .header.h = 11,
    .header.stride = 8,
    .data_size = sizeof melt_img_21_px,
    .data = melt_img_21_px,
};

static const uint8_t melt_img_22_px[] __attribute__((aligned(4))) = {
    0x94, 0xcf, 0x54, 0x00, 0x00, 0x5b, 0xb6, 0xa8, 0xcf, 0xd9, 0xb7, 0x00, 0x00, 0x9e, 0xf5, 0xb6,
    0xb6, 0xc4, 0xd7, 0x0a, 0x07, 0xf1, 0xa6, 0xcf, 0xcf, 0x9b, 0xce, 0x62, 0x6d, 0xba, 0xa5, 0xb6,
    0xb6, 0xb0, 0x72, 0xba, 0xa2, 0x8a, 0x91, 0xcf, 0xcf, 0x9b, 0x29, 0xd9, 0xf6, 0x2d, 0xa5, 0xb6,
    0xb6, 0xb0, 0x00, 0xca, 0xb8, 0x00, 0x91, 0xcf, 0xcf, 0x9b, 0x00, 0x07, 0x0a, 0x00, 0xa5, 0xb6,
    0xb6, 0xb0, 0x00, 0x00, 0x00, 0x00, 0x91, 0xcf, 0xcf, 0x9b, 0x00, 0x00, 0x00, 0x00, 0xa5, 0xb6,
    0x94, 0x8f, 0x00, 0x00, 0x00, 0x00, 0x76, 0xa8,
};
static const lv_image_dsc_t melt_img_22 = {
    .header.magic = LV_IMAGE_HEADER_MAGIC,
    .header.cf = LV_COLOR_FORMAT_A8,
    .header.flags = 0,
    .header.w = 8,
    .header.h = 11,
    .header.stride = 8,
    .data_size = sizeof melt_img_22_px,
    .data = melt_img_22_px,
};

static const uint8_t melt_img_23_px[] __attribute__((aligned(4))) = {
    0xab, 0xcf, 0x52, 0x00, 0x00, 0x00, 0x94, 0xa8, 0xef, 0xe0, 0xca, 0x00, 0x00, 0x00, 0xcf, 0xb6,
    0xd2, 0xe5, 0xe0, 0x51, 0x00, 0x00, 0xb6, 0xcf, 0xef, 0xaf, 0xc2, 0xaa, 0x00, 0x00, 0xcf, 0xb6,
    0xd2, 0xc7, 0x49, 0xfe, 0x3b, 0x00, 0xb6, 0xcf, 0xef, 0xaf, 0x00, 0xb3, 0xb5, 0x00, 0xcf, 0xb6,
    0xd2, 0xc7, 0x00, 0x60, 0xdf, 0x37, 0xb6, 0xcf, 0xef, 0xaf, 0x00, 0x00, 0xd7, 0x98, 0xcf, 0xb6,
    0xd2, 0xc7, 0x00, 0x00, 0x61, 0xfa, 0xc5, 0xcf, 0xef, 0xaf, 0x00, 0x00, 0x00, 0xc6, 0xff, 0xb6,
    0xab, 0xa2, 0x00, 0x00, 0x00, 0x6e, 0xb6, 0xa8,
};
static const lv_image_dsc_t melt_img_23 = {
    .header.magic = LV_IMAGE_HEADER_MAGIC,
    .header.cf = LV_COLOR_FORMAT_A8,
    .header.flags = 0,
    .header.w = 8,
    .header.h = 11,
    .header.stride = 8,
    .data_size = sizeof melt_img_23_px,
    .data = melt_img_23_px,
};

static const uint8_t melt_img_24_px[] __attribute__((aligned(4))) = {
    0x00, 0x00, 0x8f, 0xfb, 0xe0, 0xef, 0x69, 0x00, 0x00, 0x79, 0xfe, 0x72, 0x3d, 0x97, 0xfe, 0x40,
    0x00, 0xe0, 0xa9, 0x00, 0x00, 0x08, 0xd2, 0xaf, 0x0d, 0xe0, 0x97, 0x00, 0x00, 0x00, 0xca, 0xbb,
    0x43, 0xff, 0x6b, 0x00, 0x00, 0x00, 0xa0, 0xf6, 0x59, 0xe0, 0x73, 0x00, 0x00, 0x00, 0xb0, 0xdd,
    0x40, 0xff, 0x6d, 0x00, 0x00, 0x00, 0xa0, 0xf4, 0x0d, 0xe0, 0x98, 0x00, 0x00, 0x00, 0xcb, 0xba,
    0x00, 0xdd, 0xb1, 0x00, 0x00, 0x0d, 0xd6, 0xaa, 0x00, 0x70, 0xff, 0x7e, 0x5d, 0xa1, 0xfb, 0x38,
    0x00, 0x00, 0x82, 0xef, 0xe0, 0xe2, 0x5b, 0x00,
};
static const lv_image_dsc_t melt_img_24 = {
    .header.magic = LV_IMAGE_HEADER_MAGIC,
    .header.cf = LV_COLOR_FORMAT_A8,
    .header.flags = 0,
    .header.w = 8,
    .header.h = 11,
    .header.stride = 8,
    .data_size = sizeof melt_img_24_px,
    .data = melt_img_24_px,
};

static const uint8_t melt_img_25_px[] __attribute__((aligned(4))) = {
    0x00, 0x99, 0xbe, 0xd8, 0xba, 0xce, 0x7e, 0x0a, 0x00, 0xa0, 0xed, 0x68, 0x7e, 0x99, 0xfe, 0x9e,
    0x00, 0xb6, 0xc8, 0x00, 0x00, 0x00, 0x9a, 0xfe, 0x00, 0xa0, 0xe3, 0x00, 0x00, 0x00, 0x92, 0xe0,
    0x00, 0xb6, 0xc8, 0x00, 0x00, 0x08, 0xb3, 0xf5, 0x00, 0xa0, 0xf6, 0xa9, 0xc2, 0xc8, 0xff, 0x74,
    0x00, 0xb6, 0xd4, 0x9b, 0x89, 0x97, 0x41, 0x00, 0x00, 0xa0, 0xe3, 0x00, 0x00, 0x00, 0x00, 0x00,
    0x00, 0xb6, 0xc8, 0x00, 0x00, 0x00, 0x00, 0x00, 0x00, 0xa0, 0xe3, 0x00, 0x00, 0x00, 0x00, 0x00,
    0x00, 0x94, 0xa2, 0x00, 0x00, 0x00, 0x00, 0x00,
};
static const lv_image_dsc_t melt_img_25 = {
    .header.magic = LV_IMAGE_HEADER_MAGIC,
    .header.cf = LV_COLOR_FORMAT_A8,
    .header.flags = 0,
    .header.w = 8,
    .header.h = 11,
    .header.stride = 8,
    .data_size = sizeof melt_img_25_px,
    .data = melt_img_25_px,
};

static const uint8_t melt_img_26_px[] __attribute__((aligned(4))) = {
    0x00, 0x00, 0x8f, 0xfb, 0xe0, 0xef, 0x69, 0x00, 0x00, 0x79, 0xfe, 0x72, 0x3d, 0x97, 0xfe, 0x40,
    0x00, 0xe0, 0xa9, 0x00, 0x00, 0x08, 0xd2, 0xaf, 0x0d, 0xe0, 0x97, 0x00, 0x00, 0x00, 0xca, 0xbb,
    0x43, 0xff, 0x6b, 0x00, 0x00, 0x00, 0xa0, 0xf6, 0x59, 0xe0, 0x73, 0x00, 0x00, 0x00, 0xb0, 0xdd,
    0x40, 0xff, 0x6d, 0x00, 0x00, 0x00, 0xa0, 0xf5, 0x0d, 0xe0, 0x98, 0x00, 0x00, 0x00, 0xcb, 0xba,
    0x00, 0xdb, 0xb0, 0x00, 0x00, 0x0a, 0xd5, 0xac, 0x00, 0x6d, 0xff, 0x7e, 0x5c, 0xa1, 0xfc, 0x3b,
    0x00, 0x00, 0x82, 0xef, 0xe0, 0xff, 0x6d, 0x00,
};
static const lv_image_dsc_t melt_img_26 = {
    .header.magic = LV_IMAGE_HEADER_MAGIC,
    .header.cf = LV_COLOR_FORMAT_A8,
    .header.flags = 0,
    .header.w = 8,
    .header.h = 11,
    .header.stride = 8,
    .data_size = sizeof melt_img_26_px,
    .data = melt_img_26_px,
};

static const uint8_t melt_img_27_px[] __attribute__((aligned(4))) = {
    0x00, 0xf9, 0xdb, 0xf9, 0xd5, 0xc6, 0x52, 0x00, 0x00, 0xe0, 0xb8, 0x58, 0x76, 0xba, 0xfc, 0x3f,
    0x00, 0xff, 0x89, 0x00, 0x00, 0x27, 0xe0, 0x9f, 0x00, 0xe0, 0x9b, 0x00, 0x00, 0x04, 0xfe, 0x92,
    0x00, 0xff, 0x89, 0x00, 0x04, 0x8b, 0xe0, 0x65, 0x00, 0xe0, 0xfd, 0xdc, 0xfd, 0xd4, 0x72, 0x00,
    0x00, 0xff, 0xa0, 0x5f, 0x76, 0xf3, 0x8e, 0x00, 0x00, 0xe0, 0x9b, 0x00, 0x00, 0x72, 0xfe, 0x3c,
    0x00, 0xff, 0x89, 0x00, 0x00, 0x05, 0xca, 0xbc, 0x00, 0xe0, 0x9b, 0x00, 0x00, 0x00, 0x85, 0xe0,
    0x00, 0xcf, 0x6f, 0x00, 0x00, 0x00, 0x0d, 0xca,
};
static const lv_image_dsc_t melt_img_27 = {
    .header.magic = LV_IMAGE_HEADER_MAGIC,
    .header.cf = LV_COLOR_FORMAT_A8,
    .header.flags = 0,
    .header.w = 8,
    .header.h = 11,
    .header.stride = 8,
    .data_size = sizeof melt_img_27_px,
    .data = melt_img_27_px,
};

static const uint8_t melt_img_28_px[] __attribute__((aligned(4))) = {
    0x00, 0x1e, 0x9c, 0xfb, 0xe0, 0xfe, 0xb9, 0x3c, 0x00, 0x9e, 0xed, 0x62, 0x34, 0x52, 0xae, 0x50,
    0x04, 0xfc, 0x7a, 0x00, 0x00, 0x00, 0x00, 0x00, 0x05, 0xdf, 0xa2, 0x00, 0x00, 0x00, 0x00, 0x00,
    0x00, 0xba, 0xe0, 0xbe, 0x73, 0x3b, 0x00, 0x00, 0x00, 0x11, 0x99, 0xc9, 0xff, 0xe0, 0xc2, 0x1c,
    0x00, 0x00, 0x00, 0x00, 0x2a, 0x8d, 0xde, 0xa5, 0x00, 0x00, 0x00, 0x00, 0x00, 0x00, 0xbe, 0xb6,
    0x00, 0x1c, 0x00, 0x00, 0x00, 0x00, 0xaa, 0xce, 0x00, 0xc8, 0x9b, 0x55, 0x5d, 0x89, 0xfe, 0x7a,
    0x00, 0x9a, 0xc2, 0xfe, 0xe0, 0xe6, 0x81, 0x00,
};
static const lv_image_dsc_t melt_img_28 = {
    .header.magic = LV_IMAGE_HEADER_MAGIC,
    .header.cf = LV_COLOR_FORMAT_A8,
    .header.flags = 0,
    .header.w = 8,
    .header.h = 11,
    .header.stride = 8,
    .data_size = sizeof melt_img_28_px,
    .data = melt_img_28_px,
};

static const uint8_t melt_img_29_px[] __attribute__((aligned(4))) = {
    0xa1, 0xea, 0xce, 0xea, 0xce, 0xea, 0xce, 0xea, 0x5d, 0x68, 0x77, 0x94, 0xff, 0x7a, 0x77, 0x68,
    0x00, 0x00, 0x00, 0x73, 0xe0, 0x3b, 0x00, 0x00, 0x00, 0x00, 0x00, 0x65, 0xff, 0x33, 0x00, 0x00,
    0x00, 0x00, 0x00, 0x73, 0xe0, 0x3b, 0x00, 0x00, 0x00, 0x00, 0x00, 0x65, 0xff, 0x33, 0x00, 0x00,
    0x00, 0x00, 0x00, 0x73, 0xe0, 0x3b, 0x00, 0x00, 0x00, 0x00, 0x00, 0x65, 0xff, 0x33, 0x00, 0x00,
    0x00, 0x00, 0x00, 0x73, 0xe0, 0x3b, 0x00, 0x00, 0x00, 0x00, 0x00, 0x65, 0xff, 0x33, 0x00, 0x00,
    0x00, 0x00, 0x00, 0x5d, 0xb6, 0x30, 0x00, 0x00,
};
static const lv_image_dsc_t melt_img_29 = {
    .header.magic = LV_IMAGE_HEADER_MAGIC,
    .header.cf = LV_COLOR_FORMAT_A8,
    .header.flags = 0,
    .header.w = 8,
    .header.h = 11,
    .header.stride = 8,
    .data_size = sizeof melt_img_29_px,
    .data = melt_img_29_px,
};

static const uint8_t melt_img_30_px[] __attribute__((aligned(4))) = {
    0x00, 0xed, 0x7f, 0x00, 0x00, 0x00, 0xaa, 0xc0, 0x00, 0xdf, 0x9b, 0x00, 0x00, 0x00, 0xcf, 0xb5,
    0x00, 0xfe, 0x89, 0x00, 0x00, 0x00, 0xb6, 0xce, 0x00, 0xdf, 0x9b, 0x00, 0x00, 0x00, 0xcf, 0xb5,
    0x00, 0xfe, 0x89, 0x00, 0x00, 0x00, 0xb6, 0xce, 0x00, 0xdf, 0x9b, 0x00, 0x00, 0x00, 0xcf, 0xb5,
    0x00, 0xfe, 0x89, 0x00, 0x00, 0x00, 0xb6, 0xce, 0x00, 0xde, 0x9b, 0x00, 0x00, 0x00, 0xcf, 0xb3,
    0x00, 0xe7, 0x92, 0x00, 0x00, 0x00, 0xbe, 0xb5, 0x00, 0x92, 0xf3, 0x6a, 0x5d, 0x86, 0xff, 0x60,
    0x00, 0x13, 0x92, 0xf3, 0xe0, 0xe8, 0x73, 0x00,
};
static const lv_image_dsc_t melt_img_30 = {
    .header.magic = LV_IMAGE_HEADER_MAGIC,
    .header.cf = LV_COLOR_FORMAT_A8,
    .header.flags = 0,
    .header.w = 8,
    .header.h = 11,
    .header.stride = 8,
    .data_size = sizeof melt_img_30_px,
    .data = melt_img_30_px,
};

static const uint8_t melt_img_31_px[] __attribute__((aligned(4))) = {
    0x6d, 0xce, 0x09, 0x00, 0x00, 0x00, 0x47, 0xcf, 0x59, 0xe0, 0x60, 0x00, 0x00, 0x00, 0x9b, 0xdc,
    0x04, 0xf1, 0x8c, 0x00, 0x00, 0x00, 0xb9, 0xc2, 0x00, 0xa3, 0xd5, 0x00, 0x00, 0x16, 0xfe, 0x73,
    0x00, 0x79, 0xe0, 0x1e, 0x00, 0x6b, 0xe0, 0x35, 0x00, 0x21, 0xfe, 0x61, 0x00, 0x94, 0xde, 0x00,
    0x00, 0x00, 0xba, 0xac, 0x00, 0xde, 0x8e, 0x00, 0x00, 0x00, 0x95, 0xc6, 0x2c, 0xe0, 0x5b, 0x00,
    0x00, 0x00, 0x42, 0xff, 0x7e, 0xf3, 0x04, 0x00, 0x00, 0x00, 0x00, 0xcf, 0xed, 0xa4, 0x00, 0x00,
    0x00, 0x00, 0x00, 0x97, 0xb6, 0x6c, 0x00, 0x00,
};
static const lv_image_dsc_t melt_img_31 = {
    .header.magic = LV_IMAGE_HEADER_MAGIC,
    .header.cf = LV_COLOR_FORMAT_A8,
    .header.flags = 0,
    .header.w = 8,
    .header.h = 11,
    .header.stride = 8,
    .data_size = sizeof melt_img_31_px,
    .data = melt_img_31_px,
};

static const uint8_t melt_img_32_px[] __attribute__((aligned(4))) = {
    0xb3, 0x7c, 0x00, 0x00, 0x00, 0x00, 0x00, 0xa6, 0xd9, 0x92, 0x00, 0x00, 0x00, 0x00, 0x00, 0xbc,
    0xac, 0xc6, 0x00, 0x00, 0x00, 0x00, 0x00, 0xf8, 0x9f, 0xba, 0x00, 0x82, 0xf9, 0x4f, 0x0d, 0xe0,
    0x6f, 0xf7, 0x00, 0xc5, 0xd6, 0x8d, 0x46, 0xff, 0x5c, 0xe0, 0x0d, 0xd1, 0xad, 0xa6, 0x65, 0xde,
    0x1a, 0xff, 0x5f, 0xf5, 0x42, 0xe5, 0x76, 0xdd, 0x00, 0xd9, 0xaf, 0xaf, 0x05, 0xdb, 0xab, 0xae,
    0x00, 0xd0, 0xd1, 0x98, 0x00, 0xc9, 0xd4, 0xa0, 0x00, 0xa3, 0xff, 0x56, 0x00, 0x89, 0xff, 0x72,
    0x00, 0x7d, 0xb6, 0x13, 0x00, 0x55, 0xb6, 0x4e,
};
static const lv_image_dsc_t melt_img_32 = {
    .header.magic = LV_IMAGE_HEADER_MAGIC,
    .header.cf = LV_COLOR_FORMAT_A8,
    .header.flags = 0,
    .header.w = 8,
    .header.h = 11,
    .header.stride = 8,
    .data_size = sizeof melt_img_32_px,
    .data = melt_img_32_px,
};

static const uint8_t melt_img_33_px[] __attribute__((aligned(4))) = {
    0x37, 0xe2, 0x69, 0x00, 0x00, 0x00, 0x69, 0xe1, 0x00, 0x97, 0xed, 0x1a, 0x00, 0x1c, 0xee, 0x93,
    0x00, 0x24, 0xd4, 0xa0, 0x00, 0xa4, 0xcf, 0x20, 0x00, 0x00, 0x7e, 0xdd, 0x67, 0xde, 0x68, 0x00,
    0x00, 0x00, 0x00, 0xcf, 0xe0, 0xc2, 0x00, 0x00, 0x00, 0x00, 0x00, 0x94, 0xff, 0x7e, 0x00, 0x00,
    0x00, 0x00, 0x44, 0xfe, 0xad, 0xf3, 0x26, 0x00, 0x00, 0x04, 0xd9, 0xb3, 0x05, 0xc2, 0xbb, 0x00,
    0x00, 0x8e, 0xdd, 0x3e, 0x00, 0x60, 0xe0, 0x5e, 0x34, 0xd8, 0x9c, 0x00, 0x00, 0x00, 0xc5, 0xc4,
    0x81, 0xc4, 0x11, 0x00, 0x00, 0x00, 0x37, 0xcf,
};
static const lv_image_dsc_t melt_img_33 = {
    .header.magic = LV_IMAGE_HEADER_MAGIC,
    .header.cf = LV_COLOR_FORMAT_A8,
    .header.flags = 0,
    .header.w = 8,
    .header.h = 11,
    .header.stride = 8,
    .data_size = sizeof melt_img_33_px,
    .data = melt_img_33_px,
};

static const uint8_t melt_img_34_px[] __attribute__((aligned(4))) = {
    0x6e, 0xcd, 0x1f, 0x00, 0x00, 0x00, 0x51, 0xcf, 0x26, 0xd4, 0xa3, 0x00, 0x00, 0x00, 0xd8, 0xb6,
    0x00, 0x8a, 0xdd, 0x37, 0x00, 0x75, 0xe0, 0x4a, 0x00, 0x07, 0xdf, 0xa3, 0x0a, 0xcb, 0xac, 0x00,
    0x00, 0x00, 0x56, 0xff, 0x9e, 0xf2, 0x23, 0x00, 0x00, 0x00, 0x00, 0xad, 0xff, 0x7b, 0x00, 0x00,
    0x00, 0x00, 0x00, 0x75, 0xe0, 0x23, 0x00, 0x00, 0x00, 0x00, 0x00, 0x67, 0xff, 0x1f, 0x00, 0x00,
    0x00, 0x00, 0x00, 0x75, 0xe0, 0x23, 0x00, 0x00, 0x00, 0x00, 0x00, 0x67, 0xff, 0x1f, 0x00, 0x00,
    0x00, 0x00, 0x00, 0x5f, 0xb6, 0x1c, 0x00, 0x00,
};
static const lv_image_dsc_t melt_img_34 = {
    .header.magic = LV_IMAGE_HEADER_MAGIC,
    .header.cf = LV_COLOR_FORMAT_A8,
    .header.flags = 0,
    .header.w = 8,
    .header.h = 11,
    .header.stride = 8,
    .data_size = sizeof melt_img_34_px,
    .data = melt_img_34_px,
};

static const uint8_t melt_img_35_px[] __attribute__((aligned(4))) = {
    0x00, 0xa8, 0xb6, 0xcf, 0xb6, 0xcf, 0xb6, 0xcf, 0x00, 0x65, 0x8e, 0x7d, 0x8e, 0x7d, 0xe2, 0xd5,
    0x00, 0x00, 0x00, 0x00, 0x00, 0x5d, 0xe0, 0x79, 0x00, 0x00, 0x00, 0x00, 0x17, 0xc8, 0xc5, 0x00,
    0x00, 0x00, 0x00, 0x00, 0x8f, 0xf2, 0x26, 0x00, 0x00, 0x00, 0x00, 0x46, 0xfe, 0x6c, 0x00, 0x00,
    0x00, 0x00, 0x07, 0xdc, 0xae, 0x00, 0x00, 0x00, 0x00, 0x00, 0x96, 0xd5, 0x2d, 0x00, 0x00, 0x00,
    0x00, 0x41, 0xdd, 0x7c, 0x00, 0x00, 0x00, 0x00, 0x00, 0xb6, 0xef, 0x7d, 0x8e, 0x7d, 0x8e, 0x7d,
    0x00, 0xc8, 0xb6, 0xcf, 0xb6, 0xcf, 0xb6, 0xcf,
};
static const lv_image_dsc_t melt_img_35 = {
    .header.magic = LV_IMAGE_HEADER_MAGIC,
    .header.cf = LV_COLOR_FORMAT_A8,
    .header.flags = 0,
    .header.w = 8,
    .header.h = 11,
    .header.stride = 8,
    .data_size = sizeof melt_img_35_px,
    .data = melt_img_35_px,
};

static const uint8_t melt_img_36_px[] __attribute__((aligned(4))) = {
    0x00, 0x00, 0x00, 0x00, 0x00, 0x00, 0x00, 0x00, 0x00, 0x00, 0x00, 0x00, 0x00, 0x00, 0x00, 0x00,
    0x00, 0x00, 0x00, 0x00, 0x00, 0x00, 0x00, 0x00, 0x00, 0x00, 0x00, 0x00, 0x00, 0x00, 0x00, 0x00,
    0x00, 0x00, 0x00, 0x00, 0x00, 0x00, 0x00, 0x00, 0x00, 0x00, 0x00, 0x00, 0x00, 0x00, 0x00, 0x00,
    0x00, 0x00, 0x00, 0x00, 0x00, 0x00, 0x00, 0x00, 0x00, 0x00, 0x08, 0x11, 0x13, 0x07, 0x00, 0x00,
    0x00, 0x00, 0x53, 0xff, 0xe0, 0x5e, 0x00, 0x00, 0x00, 0x00, 0x5e, 0xe0, 0xff, 0x53, 0x00, 0x00,
    0x00, 0x00, 0x43, 0xcf, 0xb6, 0x4d, 0x00, 0x00,
};
static const lv_image_dsc_t melt_img_36 = {
    .header.magic = LV_IMAGE_HEADER_MAGIC,
    .header.cf = LV_COLOR_FORMAT_A8,
    .header.flags = 0,
    .header.w = 8,
    .header.h = 11,
    .header.stride = 8,
    .data_size = sizeof melt_img_36_px,
    .data = melt_img_36_px,
};

static const uint8_t melt_img_37_px[] __attribute__((aligned(4))) = {
    0x00, 0x00, 0x00, 0x00, 0x00, 0x00, 0x00, 0x00, 0x00, 0x00, 0x00, 0x00, 0x00, 0x00, 0x00, 0x00,
    0x00, 0x00, 0x00, 0x00, 0x00, 0x00, 0x00, 0x00, 0x00, 0x00, 0x00, 0x00, 0x00, 0x00, 0x00, 0x00,
    0x00, 0x00, 0x00, 0x00, 0x00, 0x00, 0x00, 0x00, 0x35, 0x7a, 0x8b, 0x7a, 0x8b, 0x7a, 0x8b, 0x7a,
    0x46, 0xcf, 0xb6, 0xcf, 0xb6, 0xcf, 0xb6, 0xcf, 0x00, 0x00, 0x00, 0x00, 0x00, 0x00, 0x00, 0x00,
    0x00, 0x00, 0x00, 0x00, 0x00, 0x00, 0x00, 0x00, 0x00, 0x00, 0x00, 0x00, 0x00, 0x00, 0x00, 0x00,
    0x00, 0x00, 0x00, 0x00, 0x00, 0x00, 0x00, 0x00,
};
static const lv_image_dsc_t melt_img_37 = {
    .header.magic = LV_IMAGE_HEADER_MAGIC,
    .header.cf = LV_COLOR_FORMAT_A8,
    .header.flags = 0,
    .header.w = 8,
    .header.h = 11,
    .header.stride = 8,
    .data_size = sizeof melt_img_37_px,
    .data = melt_img_37_px,
};

static const uint8_t melt_img_38_px[] __attribute__((aligned(4))) = {
    0x00, 0x00, 0x00, 0x00, 0x00, 0x05, 0xa9, 0x78, 0x00, 0x00, 0x00, 0x00, 0x00, 0x63, 0xfb, 0x2a,
    0x00, 0x00, 0x00, 0x00, 0x00, 0xd7, 0x9c, 0x00, 0x00, 0x00, 0x00, 0x00, 0x5e, 0xe0, 0x3e, 0x00,
    0x00, 0x00, 0x00, 0x00, 0xb0, 0xc0, 0x00, 0x00, 0x00, 0x00, 0x00, 0x41, 0xff, 0x48, 0x00, 0x00,
    0x00, 0x00, 0x00, 0xba, 0xb6, 0x00, 0x00, 0x00, 0x00, 0x00, 0x39, 0xe0, 0x66, 0x00, 0x00, 0x00,
    0x00, 0x00, 0x98, 0xdd, 0x00, 0x00, 0x00, 0x00, 0x00, 0x24, 0xf9, 0x6a, 0x00, 0x00, 0x00, 0x00,
    0x00, 0x9e, 0xcc, 0x05, 0x00, 0x00, 0x00, 0x00,
};
static const lv_image_dsc_t melt_img_38 = {
    .header.magic = LV_IMAGE_HEADER_MAGIC,
    .header.cf = LV_COLOR_FORMAT_A8,
    .header.flags = 0,
    .header.w = 8,
    .header.h = 11,
    .header.stride = 8,
    .data_size = sizeof melt_img_38_px,
    .data = melt_img_38_px,
};

static const uint8_t melt_img_39_px[] __attribute__((aligned(4))) = {
    0x00, 0x00, 0x00, 0x00, 0x00, 0x00, 0x00, 0x00, 0x00, 0x00, 0x00, 0x00, 0x00, 0x00, 0x00, 0x00,
    0x00, 0x00, 0x00, 0x00, 0x00, 0x00, 0x00, 0x00, 0x0b, 0x1b, 0x00, 0x32, 0x68, 0x00, 0xa4, 0xb2,
    0x00, 0xbe, 0xc0, 0x00, 0xb9, 0xb0, 0x00, 0x8c, 0x5f, 0x00, 0x22, 0x19, 0x00, 0x00, 0x00, 0x00,
    0x00, 0x00, 0x00, 0x00, 0x00, 0x00, 0x00, 0x00, 0x00, 0x00, 0x00, 0x00, 0x00, 0x00, 0x00, 0x00,
    0x00, 0x00, 0x00, 0x00, 0x00, 0x00, 0x00, 0x00, 0x00, 0x00, 0x00, 0x00, 0x00, 0x00, 0x00, 0x00,
    0x00, 0x00, 0x00, 0x00, 0x00, 0x00, 0x00, 0x00, 0x00, 0x00, 0x06, 0x1c, 0x00, 0x69, 0xad, 0x00,
    0xe7, 0xf3, 0x00, 0xf9, 0xfb, 0x00, 0xfc, 0xfc, 0x00, 0xfb, 0xfa, 0x00, 0xf7, 0xf2, 0x00, 0xcc,
    0xa6, 0x00, 0x2d, 0x18, 0x00, 0x00, 0x00, 0x00, 0x00, 0x00, 0x00, 0x00, 0x00, 0x00, 0x00, 0x00,
    0x00, 0x00, 0x00, 0x00, 0x00, 0x00, 0x00, 0x00, 0x00, 0x00, 0x00, 0x00, 0x00, 0x00, 0x00, 0x00,
    0x00, 0x00, 0x00, 0x00, 0x00, 0x00, 0x00, 0x00, 0x00, 0x00, 0x00, 0x00, 0x00, 0x00, 0x00, 0x00,
    0x00, 0x00, 0x00, 0x00, 0x00, 0x00, 0x00, 0x00, 0x00, 0x00, 0x00, 0x00, 0x00, 0x00, 0x00, 0x00,
    0x00, 0x00, 0x00, 0x00, 0x00, 0x00, 0x00, 0x00, 0x00, 0x00, 0x00, 0x00, 0x00, 0x00, 0x00, 0x00,
    0x00, 0x00, 0x00, 0x00, 0x00, 0x00, 0x00, 0x00, 0x00, 0x00, 0x00, 0x00, 0x00, 0x00, 0x00, 0x00,
    0x00, 0x00, 0x00, 0x00, 0x00, 0x00, 0x00, 0x00, 0x00, 0x00, 0x00, 0x00, 0x00, 0x00, 0x00, 0x00,
    0x00, 0x19, 0x50, 0x00, 0xe5, 0xfc, 0x00, 0xff, 0xff, 0x00, 0xff, 0xff, 0x00, 0xff, 0xff, 0x00,
    0xff, 0xff, 0x00, 0xff, 0xff, 0x00, 0xff, 0xff, 0x00, 0xff, 0xff, 0x00, 0xfe, 0xfa, 0x00, 0x9b,
    0x48, 0x00, 0x01, 0x00, 0x00, 0x00, 0x00, 0x00, 0x00, 0x00, 0x00, 0x00, 0x00, 0x00, 0x00, 0x00,
    0x00, 0x00, 0x00, 0x00, 0x00, 0x00, 0x00, 0x00, 0x00, 0x00, 0x00, 0x00, 0x00, 0x00, 0x00, 0x00,
    0x00, 0x00, 0x00, 0x00, 0x01, 0x00, 0x8c, 0xdb, 0x00, 0xff, 0xff, 0x00, 0xff, 0xff, 0x00, 0xff,
    0xff, 0x00, 0xff, 0xff, 0x00, 0xff, 0xff, 0x00, 0xff, 0xff, 0x00, 0xff, 0xff, 0x00, 0xff, 0xff,
    0x00, 0xff, 0xff, 0x00, 0xfa, 0xd3, 0x00, 0x2b, 0x01, 0x00, 0x00, 0x00, 0x00, 0x00, 0x00, 0x00,
    0x00, 0x00, 0x00, 0x00, 0x00, 0x00, 0x00, 0x00, 0x00, 0x00, 0x00, 0x00, 0x00, 0x00, 0x00, 0x00,
    0x00, 0x00, 0x00, 0x00, 0x00, 0x00, 0x00, 0x00, 0x00, 0x00, 0x00, 0x00, 0x00, 0x00, 0x00, 0x00,
    0x00, 0x00, 0x00, 0x00, 0x00, 0x00, 0x00, 0x00, 0x00, 0x00, 0x00, 0x00, 0x00, 0x00, 0x00, 0x00,
    0x00, 0x00, 0x00, 0x00, 0x00, 0x00, 0x00, 0x00, 0x00, 0x00, 0x00, 0x00, 0x00, 0x00, 0x00, 0x00,
    0x00, 0x00, 0x00, 0x00, 0x00, 0x00, 0x00, 0x00, 0x00, 0x00, 0x00, 0x00, 0x00, 0x00, 0x00, 0x00,
    0x00, 0x00, 0x00, 0x00, 0x00, 0x00, 0x00, 0x00, 0x00, 0x00, 0x00, 0x00, 0x00, 0x52, 0xc2, 0x00,
    0xff, 0xff, 0x00, 0xff, 0xff, 0x00, 0xff, 0xff, 0x00, 0xff, 0xff, 0x00, 0xff, 0xff, 0x00, 0xff,
    0xff, 0x00, 0xff, 0xff, 0x00, 0xff, 0xff, 0x00, 0xff, 0xff, 0x00, 0xff, 0xff, 0x00, 0xff, 0xff,
    0x00, 0xf4, 0xb7, 0x00, 0x02, 0x00, 0x00, 0x00, 0x00, 0x00, 0x00, 0x00, 0x00, 0x00, 0x00, 0x00,
    0x00, 0x00, 0x00, 0x00, 0x00, 0x00, 0x00, 0x00, 0x00, 0x00, 0x00, 0x00, 0x00, 0x00, 0x00, 0x01,
    0x13, 0x00, 0xcf, 0xfa, 0x00, 0xff, 0xff, 0x00, 0xff, 0xff, 0x00, 0xff, 0xff, 0x00, 0xff, 0xff,
    0x00, 0xff, 0xff, 0x00, 0xff, 0xff, 0x00, 0xff, 0xff, 0x00, 0xff, 0xff, 0x00, 0xff, 0xff, 0x00,
    0xff, 0xff, 0x00, 0xff, 0xff, 0x00, 0xff, 0xf7, 0x00, 0x51, 0x09, 0x00, 0x00, 0x00, 0x00, 0x00,
    0x00, 0x00, 0x00, 0x00, 0x00, 0x00, 0x00, 0x00, 0x00, 0x00, 0x00, 0x00, 0x00, 0x00, 0x00, 0x00,
    0x00, 0x00, 0x00, 0x00, 0x00, 0x00, 0x00, 0x00, 0x00, 0x00, 0x00, 0x00, 0x00, 0x00, 0x00, 0x00,
    0x00, 0x00, 0x00, 0x00, 0x00, 0x00, 0x00, 0x00, 0x00, 0x00, 0x00, 0x00, 0x00, 0x00, 0x00, 0x00,
    0x00, 0x00, 0x00, 0x00, 0x00, 0x00, 0x00, 0x00, 0x00, 0x00, 0x00, 0x00, 0x00, 0x00, 0x00, 0x00,
    0x00, 0x00, 0x00, 0x00, 0x00, 0x00, 0x00, 0x00, 0x00, 0x00, 0x00, 0x00, 0x00, 0x00, 0x00, 0x00,
    0x00, 0x00, 0x00, 0x00, 0x00, 0x00, 0x00, 0x00, 0x00, 0x4f, 0xd3, 0x00, 0xff, 0xff, 0x00, 0xff,
    0xff, 0x00, 0xff, 0xff, 0x00, 0xff, 0xff, 0x00, 0xff, 0xff, 0x00, 0xff, 0xff, 0x00, 0xff, 0xff,
    0x00, 0xff, 0xff, 0x00, 0xff, 0xff, 0x00, 0xff, 0xff, 0x00, 0xff, 0xff, 0x00, 0xff, 0xff, 0x00,
    0xff, 0xff, 0x00, 0xfb, 0xc3, 0x00, 0x05, 0x00, 0x00, 0x00, 0x00, 0x00, 0x00, 0x00, 0x00, 0x00,
    0x00, 0x00, 0x00, 0x00, 0x00, 0x00, 0x00, 0x00, 0x00, 0x00, 0x00, 0x00, 0x05, 0x00, 0xc8, 0xfb,
    0x00, 0xff, 0xff, 0x00, 0xff, 0xff, 0x00, 0xff, 0xff, 0x00, 0xff, 0xff, 0x00, 0xff, 0xff, 0x00,
    0xff, 0xff, 0x00, 0xff, 0xff, 0x00, 0xff, 0xff, 0x00, 0xff, 0xff, 0x00, 0xff, 0xff, 0x00, 0xff,
    0xff, 0x00, 0xff, 0xff, 0x00, 0xff, 0xff, 0x00, 0xff, 0xfa, 0x00, 0x37, 0x04, 0x00, 0x00, 0x00,
    0x00, 0x00, 0x00, 0x00, 0x00, 0x00, 0x00, 0x00, 0x00, 0x00, 0x00, 0x00, 0x00, 0x00, 0x00, 0x00,
    0x00, 0x00, 0x00, 0x00, 0x00, 0x00, 0x00, 0x00, 0x00, 0x00, 0x00, 0x00, 0x00, 0x00, 0x00, 0x00,
    0x00, 0x00, 0x00, 0x00, 0x00, 0x00, 0x00, 0x00, 0x00, 0x00, 0x00, 0x00, 0x00, 0x00, 0x00, 0x00,
    0x00, 0x00, 0x00, 0x00, 0x00, 0x00, 0x00, 0x00, 0x00, 0x00, 0x00, 0x00, 0x00, 0x00, 0x00, 0x00,
    0x00, 0x00, 0x00, 0x00, 0x00, 0x00, 0x00, 0x00, 0x00, 0x00, 0x00, 0x00, 0x00, 0x00, 0x00, 0x00,
    0x00, 0x00, 0x00, 0x00, 0x00, 0x19, 0x93, 0x00, 0xff, 0xff, 0x00, 0xff, 0xff, 0x00, 0xff, 0xff,
    0x00, 0xff, 0xff, 0x00, 0xff, 0xff, 0x00, 0xff, 0xff, 0x00, 0xff, 0xff, 0x00, 0xff, 0xff, 0x00,
    0xff, 0xff, 0x00, 0xff, 0xff, 0x00, 0xff, 0xff, 0x00, 0xff, 0xff, 0x00, 0xff, 0xff, 0x00, 0xff,
    0xff, 0x00, 0xff, 0xff, 0x00, 0xed, 0x7a, 0x00, 0x00, 0x00, 0x00, 0x00, 0x00, 0x00, 0x00, 0x00,
    0x00, 0x00, 0x00, 0x00, 0x00, 0x00, 0x00, 0x00, 0x00, 0x00, 0x60, 0xe2, 0x00, 0xff, 0xff, 0x00,
    0xff, 0xff, 0x00, 0xff, 0xff, 0x00, 0xff, 0xff, 0x00, 0xff, 0xff, 0x00, 0xff, 0xff, 0x00, 0xff,
    0xff, 0x00, 0xff, 0xff, 0x00, 0xff, 0xff, 0x00, 0xff, 0xff, 0x00, 0xff, 0xff, 0x00, 0xff, 0xff,
    0x00, 0xff, 0xff, 0x00, 0xff, 0xff, 0x00, 0xff, 0xff, 0x00, 0xfd, 0xd6, 0x00, 0x04, 0x00, 0x00,
    0x00, 0x00, 0x00, 0x00, 0x00, 0x00, 0x00, 0x00, 0x00, 0x00, 0x00, 0x00, 0x00, 0x00, 0x00, 0x00,
    0x00, 0x00, 0x00, 0x00, 0x00, 0x00, 0x00, 0x00, 0x00, 0x00, 0x00, 0x00, 0x00, 0x00, 0x00, 0x00,
    0x00, 0x00, 0x00, 0x00, 0x00, 0x00, 0x00, 0x00, 0x00, 0x00, 0x00, 0x00, 0x00, 0x00, 0x00, 0x00,
    0x00, 0x00, 0x00, 0x00, 0x00, 0x00, 0x00, 0x00, 0x00, 0x00, 0x00, 0x00, 0x00, 0x00, 0x00, 0x00,
    0x00, 0x00, 0x00, 0x00, 0x00, 0x00, 0x00, 0x00, 0x00, 0x00, 0x00, 0x00, 0x00, 0x00, 0x00, 0x00,
    0x00, 0x00, 0x08, 0x00, 0xf2, 0xff, 0x00, 0xff, 0xff, 0x00, 0xff, 0xff, 0x00, 0xff, 0xff, 0x00,
    0xff, 0xff, 0x00, 0xff, 0xff, 0x00, 0xff, 0xff, 0x00, 0xff, 0xff, 0x00, 0xff, 0xff, 0x00, 0xff,
    0xff, 0x00, 0xff, 0xff, 0x00, 0xff, 0xff, 0x00, 0xff, 0xff, 0x00, 0xff, 0xff, 0x00, 0xff, 0xff,
    0x00, 0xff, 0xff, 0x00, 0xff, 0xff, 0x00, 0x77, 0x06, 0x00, 0x00, 0x00, 0x00, 0x00, 0x00, 0x00,
    0x00, 0x00, 0x00, 0x00, 0x00, 0x00, 0x02, 0x46, 0x00, 0xfd, 0xff, 0x00, 0xff, 0xff, 0x00, 0xff,
    0xff, 0x00, 0xff, 0xff, 0x00, 0xff, 0xff, 0x00, 0xff, 0xff, 0x00, 0xff, 0xff, 0x00, 0xff, 0xff,
    0x00, 0xff, 0xff, 0x00, 0xff, 0xff, 0x00, 0xff, 0xff, 0x00, 0xff, 0xff, 0x00, 0xff, 0xff, 0x00,
    0xff, 0xff, 0x00, 0xff, 0xff, 0x00, 0xff, 0xff, 0x00, 0xff, 0xff, 0x00, 0xc6, 0x34, 0x00, 0x00,
    0x00, 0x00, 0x00, 0x00, 0x00, 0x00, 0x00, 0x00, 0x00, 0x00, 0x00, 0x00, 0x00, 0x00, 0x00, 0x00,
    0x00, 0x00, 0x00, 0x00, 0x00, 0x00, 0x00, 0x00, 0x00, 0x00, 0x00, 0x00, 0x00, 0x00, 0x00, 0x00,
    0x00, 0x00, 0x00, 0x00, 0x00, 0x00, 0x00, 0x00, 0x00, 0x00, 0x00, 0x00, 0x00, 0x00, 0x00, 0x00,
    0x00, 0x00, 0x00, 0x00, 0x00, 0x00, 0x00, 0x00, 0x00, 0x00, 0x00, 0x00, 0x00, 0x00, 0x00, 0x00,
    0x00, 0x00, 0x00, 0x00, 0x00, 0x00, 0x00, 0x00, 0x00, 0x00, 0x00, 0x00, 0x00, 0x00, 0x00, 0x00,
    0x4f, 0xd5, 0x00, 0xff, 0xff, 0x00, 0xff, 0xff, 0x00, 0xff, 0xff, 0x00, 0xff, 0xff, 0x00, 0xff,
    0xff, 0x00, 0xff, 0xff, 0x00, 0xff, 0xff, 0x00, 0xff, 0xff, 0x00, 0xff, 0xff, 0x00, 0xff, 0xff,
    0x00, 0xff, 0xff, 0x00, 0xff, 0xff, 0x00, 0xff, 0xff, 0x00, 0xff, 0xff, 0x00, 0xff, 0xff, 0x00,
    0xff, 0xff, 0x00, 0xff, 0xff, 0x00, 0xfd, 0xc8, 0x00, 0x00, 0x00, 0x00, 0x00, 0x00, 0x00, 0x00,
    0x00, 0x00, 0x00, 0x00, 0x00, 0x8d, 0xf3, 0x00, 0xff, 0xff, 0x00, 0xff, 0xff, 0x00, 0xff, 0xff,
    0x00, 0xff, 0xff, 0x00, 0xff, 0xff, 0x00, 0xff, 0xff, 0x00, 0xff, 0xff, 0x00, 0xff, 0xff, 0x00,
    0xff, 0xff, 0x00, 0xff, 0xff, 0x00, 0xff, 0xff, 0x00, 0xff, 0xff, 0x00, 0xff, 0xff, 0x00, 0xff,
    0xff, 0x00, 0xff, 0xff, 0x00, 0xff, 0xff, 0x00, 0xff, 0xff, 0x00, 0xff, 0xec, 0x00, 0x04, 0x00,
    0x00, 0x00, 0x00, 0x00, 0x00, 0x00, 0x00, 0x00, 0x00, 0x00, 0x00, 0x00, 0x00, 0x00, 0x00, 0x00,
    0x00, 0x00, 0x00, 0x00, 0x00, 0x00, 0x00, 0x00, 0x00, 0x00, 0x00, 0x00, 0x00, 0x00, 0x00, 0x00,
    0x00, 0x00, 0x00, 0x00, 0x00, 0x00, 0x00, 0x00, 0x00, 0x00, 0x00, 0x00, 0x00, 0x00, 0x00, 0x00,
    0x00, 0x00, 0x00, 0x00, 0x00, 0x00, 0x00, 0x00, 0x00, 0x00, 0x00, 0x00, 0x00, 0x00, 0x00, 0x00,
    0x00, 0x00, 0x00, 0x00, 0x00, 0x00, 0x00, 0x00, 0x00, 0x00, 0x00, 0x00, 0x00, 0x05, 0x00, 0xec,
    0xff, 0x00, 0xff, 0xff, 0x00, 0xff, 0xff, 0x00, 0xff, 0xff, 0x00, 0xff, 0xff, 0x00, 0xff, 0xff,
    0x00, 0xff, 0xff, 0x00, 0xff, 0xff, 0x00, 0xed, 0xbb, 0x00, 0x51, 0x40, 0x00, 0x89, 0xc5, 0x00,
    0xfe, 0xff, 0x00, 0xff, 0xff, 0x00, 0xff, 0xff, 0x00, 0xff, 0xff, 0x00, 0xff, 0xff, 0x00, 0xff,
    0xff, 0x00, 0xff, 0xff, 0x00, 0xff, 0xff, 0x00, 0x62, 0x00, 0x00, 0x00, 0x00, 0x00, 0x00, 0x00,
    0x00, 0x00, 0x24, 0x00, 0xfc, 0xff, 0x00, 0xff, 0xff, 0x00, 0xff, 0xff, 0x00, 0xff, 0xff, 0x00,
    0xff, 0xff, 0x00, 0xff, 0xff, 0x00, 0xff, 0xff, 0x00, 0xff, 0xfe, 0x00, 0x8c, 0x2a, 0x00, 0x03,
    0x02, 0x00, 0x07, 0x3a, 0x00, 0xf0, 0xff, 0x00, 0xff, 0xff, 0x00, 0xff, 0xff, 0x00, 0xff, 0xff,
    0x00, 0xff, 0xff, 0x00, 0xff, 0xff, 0x00, 0xff, 0xff, 0x00, 0xff, 0xff, 0x00, 0x94, 0x10, 0x00,
    0x00, 0x00, 0x00, 0x00, 0x00, 0x00, 0x00, 0x00, 0x00, 0x00, 0x00, 0x00, 0x00, 0x00, 0x00, 0x00,
    0x00, 0x00, 0x00, 0x00, 0x00, 0x00, 0x00, 0x00, 0x00, 0x00, 0x00, 0x00, 0x00, 0x00, 0x00, 0x00,
    0x00, 0x00, 0x00, 0x00, 0x00, 0x00, 0x00, 0x00, 0x00, 0x00, 0x00, 0x00, 0x00, 0x00, 0x00, 0x00,
    0x00, 0x00, 0x00, 0x00, 0x00, 0x00, 0x00, 0x00, 0x00, 0x00, 0x00, 0x00, 0x00, 0x00, 0x00, 0x00,
    0x00, 0x00, 0x00, 0x00, 0x00, 0x00, 0x00, 0x00, 0x00, 0x00, 0x00, 0x08, 0x75, 0x00, 0xff, 0xff,
    0x00, 0xff, 0xff, 0x00, 0xff, 0xff, 0x00, 0xff, 0xff, 0x00, 0xff, 0xff, 0x00, 0xff, 0xff, 0x00,
    0xff, 0xff, 0x00, 0xfc, 0xc5, 0x00, 0x03, 0x00, 0x00, 0x00, 0x00, 0x00, 0x00, 0x00, 0x00, 0x47,
    0xd6, 0x00, 0xff, 0xff, 0x00, 0xff, 0xff, 0x00, 0xff, 0xff, 0x00, 0xff, 0xff, 0x00, 0xff, 0xff,
    0x00, 0xff, 0xff, 0x00, 0xff, 0xff, 0x00, 0xec, 0x60, 0x00, 0x00, 0x00, 0x00, 0x00, 0x00, 0x00,
    0x28, 0xae, 0x00, 0xff, 0xff, 0x00, 0xff, 0xff, 0x00, 0xff, 0xff, 0x00, 0xff, 0xff, 0x00, 0xff,
    0xff, 0x00, 0xff, 0xff, 0x00, 0xff, 0xff, 0x00, 0xec, 0x63, 0x00, 0x00, 0x00, 0x00, 0x00, 0x00,
    0x00, 0x00, 0x00, 0x00, 0x10, 0x84, 0x00, 0xff, 0xff, 0x00, 0xff, 0xff, 0x00, 0xff, 0xff, 0x00,
    0xff, 0xff, 0x00, 0xff, 0xff, 0x00, 0xff, 0xff, 0x00, 0xff, 0xff, 0x00, 0xfc, 0x94, 0x00, 0x00,
    0x00, 0x00, 0x00, 0x00, 0x00, 0x00, 0x00, 0x00, 0x00, 0x00, 0x00, 0x00, 0x00, 0x00, 0x00, 0x00,
    0x00, 0x00, 0x00, 0x00, 0x00, 0x00, 0x00, 0x00, 0x00, 0x00, 0x00, 0x00, 0x00, 0x00, 0x00, 0x00,
    0x00, 0x00, 0x00, 0x00, 0x00, 0x00, 0x00, 0x00, 0x00, 0x00, 0x00, 0x00, 0x00, 0x00, 0x00, 0x00,
    0x00, 0x00, 0x00, 0x00, 0x00, 0x00, 0x00, 0x00, 0x00, 0x00, 0x00, 0x00, 0x00, 0x00, 0x00, 0x00,
    0x00, 0x00, 0x00, 0x00, 0x00, 0x00, 0x00, 0x00, 0x00, 0x00, 0x5a, 0xf4, 0x00, 0xff, 0xff, 0x00,
    0xff, 0xff, 0x00, 0xff, 0xff, 0x00, 0xff, 0xff, 0x00, 0xff, 0xff, 0x00, 0xff, 0xff, 0x00, 0xff,
    0xff, 0x00, 0x6e, 0x0d, 0x00, 0x00, 0x00, 0x00, 0x00, 0x00, 0x00, 0x00, 0x00, 0x00, 0x00, 0x16,
    0x00, 0xfa, 0xff, 0x00, 0xff, 0xff, 0x00, 0xff, 0xff, 0x00, 0xff, 0xff, 0x00, 0xff, 0xff, 0x00,
    0xff, 0xff, 0x00, 0xff, 0xff, 0x00, 0xff, 0xea, 0x00, 0x01, 0x00, 0x00, 0x00, 0x00, 0x00, 0x95,
    0xfe, 0x00, 0xff, 0xff, 0x00, 0xff, 0xff, 0x00, 0xff, 0xff, 0x00, 0xff, 0xff, 0x00, 0xff, 0xff,
    0x00, 0xff, 0xff, 0x00, 0xff, 0xff, 0x00, 0x39, 0x01, 0x00, 0x00, 0x00, 0x00, 0x00, 0x00, 0x00,
    0x00, 0x00, 0x00, 0x00, 0x03, 0x00, 0xe5, 0xff, 0x00, 0xff, 0xff, 0x00, 0xff, 0xff, 0x00, 0xff,
    0xff, 0x00, 0xff, 0xff, 0x00, 0xff, 0xff, 0x00, 0xff, 0xff, 0x00, 0xff, 0xfb, 0x00, 0x0e, 0x00,
    0x00, 0x00, 0x00, 0x00, 0x00, 0x00, 0x00, 0x00, 0x00, 0x00, 0x00, 0x00, 0x00, 0x00, 0x00, 0x00,
    0x00, 0x00, 0x00, 0x00, 0x00, 0x00, 0x00, 0x00, 0x00, 0x00, 0x00, 0x00, 0x00, 0x00, 0x00, 0x00,
    0x00, 0x00, 0x00, 0x00, 0x00, 0x00, 0x00, 0x00, 0x00, 0x00, 0x00, 0x00, 0x00, 0x00, 0x00, 0x00,
    0x00, 0x00, 0x00, 0x00, 0x00, 0x00, 0x00, 0x00, 0x00, 0x00, 0x00, 0x00, 0x00, 0x00, 0x00, 0x00,
    0x00, 0x00, 0x00, 0x00, 0x00, 0x00, 0x00, 0x00, 0x00, 0xe1, 0xff, 0x00, 0xff, 0xff, 0x00, 0xff,
    0xff, 0x00, 0xff, 0xff, 0x00, 0xff, 0xff, 0x00, 0xff, 0xff, 0x00, 0xff, 0xff, 0x00, 0xff, 0xf5,
    0x00, 0x03, 0x00, 0x00, 0x00, 0x00, 0x00, 0x00, 0x00, 0x00, 0x00, 0x00, 0x00, 0x00, 0x00, 0x00,
    0x83, 0xfd, 0x00, 0xff, 0xff, 0x00, 0xff, 0xff, 0x00, 0xff, 0xff, 0x00, 0xff, 0xff, 0x00, 0xff,
    0xff, 0x00, 0xff, 0xff, 0x00, 0xff, 0xff, 0x00, 0x38, 0x00, 0x00, 0x00, 0x04, 0x00, 0xf4, 0xff,
    0x00, 0xff, 0xff, 0x00, 0xff, 0xff, 0x00, 0xff, 0xff, 0x00, 0xff, 0xff, 0x00, 0xff, 0xff, 0x00,
    0xff, 0xff, 0x00, 0xff, 0xde, 0x00, 0x00, 0x00, 0x00, 0x00, 0x00, 0x00, 0x00, 0x00, 0x00, 0x00,
    0x00, 0x00, 0x00, 0x00, 0x00, 0x4e, 0xed, 0x00, 0xff, 0xff, 0x00, 0xff, 0xff, 0x00, 0xff, 0xff,
    0x00, 0xff, 0xff, 0x00, 0xff, 0xff, 0x00, 0xff, 0xff, 0x00, 0xff, 0xff, 0x00, 0x43, 0x00, 0x00,
    0x00, 0x00, 0x00, 0x00, 0x00, 0x00, 0x00, 0x00, 0x00, 0x00, 0x00, 0x00, 0x00, 0x00, 0x00, 0x00,
    0x00, 0x00, 0x00, 0x00, 0x00, 0x00, 0x00, 0x00, 0x00, 0x00, 0x00, 0x00, 0x00, 0x00, 0x00, 0x00,
    0x00, 0x00, 0x00, 0x00, 0x00, 0x00, 0x00, 0x00, 0x00, 0x00, 0x00, 0x00, 0x00, 0x00, 0x00, 0x00,
    0x00, 0x00, 0x00, 0x00, 0x00, 0x00, 0x00, 0x00, 0x00, 0x00, 0x00, 0x00, 0x00, 0x00, 0x00, 0x00,
    0x00, 0x00, 0x00, 0x00, 0x00, 0x00, 0x20, 0x00, 0xfd, 0xff, 0x00, 0xff, 0xff, 0x00, 0xff, 0xff,
    0x00, 0xff, 0xff, 0x00, 0xff, 0xff, 0x00, 0xff, 0xff, 0x00, 0xff, 0xff, 0x00, 0xfe, 0x96, 0x00,
    0x00, 0x00, 0x00, 0x00, 0x00, 0x00, 0x00, 0x00, 0x00, 0x00, 0x00, 0x00, 0x00, 0x00, 0x00, 0x2f,
    0xbb, 0x00, 0xff, 0xff, 0x00, 0xff, 0xff, 0x00, 0xff, 0xff, 0x00, 0xff, 0xff, 0x00, 0xff, 0xff,
    0x00, 0xff, 0xff, 0x00, 0xff, 0xff, 0x00, 0x99, 0x19, 0x00, 0x00, 0x28, 0x00, 0xfe, 0xff, 0x00,
    0xff, 0xff, 0x00, 0xff, 0xff, 0x00, 0xff, 0xff, 0x00, 0xff, 0xff, 0x00, 0xff, 0xff, 0x00, 0xff,
    0xff, 0x00, 0xf8, 0x6b, 0x00, 0x00, 0x00, 0x00, 0x00, 0x00, 0x00, 0x00, 0x00, 0x00, 0x00, 0x00,
    0x00, 0x00, 0x00, 0x00, 0x16, 0x8f, 0x00, 0xff, 0xff, 0x00, 0xff, 0xff, 0x00, 0xff, 0xff, 0x00,
    0xff, 0xff, 0x00, 0xff, 0xff, 0x00, 0xff, 0xff, 0x00, 0xff, 0xff, 0x00, 0xba, 0x24, 0x00, 0x00,
    0x00, 0x00, 0x00, 0x00, 0x00, 0x00, 0x00, 0x00, 0x00, 0x00, 0x00, 0x00, 0x00, 0x00, 0x00, 0x00,
    0x00, 0x00, 0x00, 0x00, 0x00, 0x00, 0x00, 0x00, 0x00, 0x00, 0x00, 0x00, 0x00, 0x00, 0x00, 0x00,
    0x00, 0x00, 0x00, 0x00, 0x00, 0x00, 0x00, 0x00, 0x00, 0x00, 0x00, 0x00, 0x00, 0x00, 0x00, 0x00,
    0x00, 0x00, 0x00, 0x00, 0x00, 0x00, 0x00, 0x00, 0x00, 0x00, 0x00, 0x00, 0x00, 0x00, 0x00, 0x00,
    0x00, 0x00, 0x00, 0x00, 0x00, 0x34, 0x00, 0xff, 0xff, 0x00, 0xff, 0xff, 0x00, 0xff, 0xff, 0x00,
    0xff, 0xff, 0x00, 0xff, 0xff, 0x00, 0xff, 0xff, 0x00, 0xff, 0xff, 0x00, 0xdc, 0x4c, 0x00, 0x00,
    0x00, 0x00, 0x00, 0x00, 0x00, 0x00, 0x00, 0x00, 0x00, 0x00, 0x00, 0x00, 0x00, 0x00, 0x00, 0x57,
    0x00, 0xff, 0xff, 0x00, 0xff, 0xff, 0x00, 0xff, 0xff, 0x00, 0xff, 0xff, 0x00, 0xff, 0xff, 0x00,
    0xff, 0xff, 0x00, 0xff, 0xff, 0x00, 0xe1, 0x31, 0x00, 0x04, 0x48, 0x00, 0xff, 0xff, 0x00, 0xff,
    0xff, 0x00, 0xff, 0xff, 0x00, 0xff, 0xff, 0x00, 0xff, 0xff, 0x00, 0xff, 0xff, 0x00, 0xff, 0xff,
    0x00, 0xca, 0x3d, 0x00, 0x00, 0x00, 0x00, 0x00, 0x00, 0x00, 0x00, 0x00, 0x00, 0x00, 0x00, 0x00,
    0x00, 0x00, 0x00, 0x00, 0x4b, 0x00, 0xff, 0xff, 0x00, 0xff, 0xff, 0x00, 0xff, 0xff, 0x00, 0xff,
    0xff, 0x00, 0xff, 0xff, 0x00, 0xff, 0xff, 0x00, 0xff, 0xff, 0x00, 0xed, 0x37, 0x00, 0x00, 0x00,
    0x00, 0x00, 0x00, 0x00, 0x00, 0x00, 0x00, 0x00, 0x00, 0x00, 0x00, 0x00, 0x00, 0x00, 0x00, 0x00,
    0x00, 0x00, 0x00, 0x00, 0x00, 0x00, 0x00, 0x00, 0x00, 0x00, 0x00, 0x00, 0x00, 0x00, 0x00, 0x00,
    0x00, 0x00, 0x00, 0x00, 0x00, 0x00, 0x00, 0x00, 0x00, 0x00, 0x00, 0x00, 0x00, 0x00, 0x00, 0x00,
    0x00, 0x00, 0x00, 0x00, 0x00, 0x00, 0x00, 0x00, 0x00, 0x00, 0x00, 0x00, 0x00, 0x00, 0x00, 0x00,
    0x00, 0x00, 0x00, 0x16, 0x98, 0x00, 0xff, 0xff, 0x00, 0xff, 0xff, 0x00, 0xff, 0xff, 0x00, 0xff,
    0xff, 0x00, 0xff, 0xff, 0x00, 0xff, 0xff, 0x00, 0xff, 0xff, 0x00, 0xa0, 0x19, 0x00, 0x00, 0x00,
    0x00, 0x00, 0x00, 0x00, 0x00, 0x00, 0x00, 0x00, 0x00, 0x00, 0x00, 0x00, 0x00, 0x00, 0x35, 0x00,
    0xff, 0xff, 0x00, 0xff, 0xff, 0x00, 0xff, 0xff, 0x00, 0xff, 0xff, 0x00, 0xff, 0xff, 0x00, 0xff,
    0xff, 0x00, 0xff, 0xff, 0x00, 0xf9, 0x89, 0x00, 0x1b, 0xad, 0x00, 0xff, 0xff, 0x00, 0xff, 0xff,
    0x00, 0xff, 0xff, 0x00, 0xff, 0xff, 0x00, 0xff, 0xff, 0x00, 0xff, 0xff, 0x00, 0xff, 0xff, 0x00,
    0x82, 0x02, 0x00, 0x00, 0x00, 0x00, 0x00, 0x00, 0x00, 0x00, 0x00, 0x00, 0x00, 0x00, 0x00, 0x00,
    0x00, 0x00, 0x00, 0x25, 0x00, 0xff, 0xff, 0x00, 0xff, 0xff, 0x00, 0xff, 0xff, 0x00, 0xff, 0xff,
    0x00, 0xff, 0xff, 0x00, 0xff, 0xff, 0x00, 0xff, 0xff, 0x00, 0xfb, 0xa4, 0x00, 0x00, 0x00, 0x00,
    0x00, 0x00, 0x00, 0x00, 0x00, 0x00, 0x00, 0x00, 0x00, 0x00, 0x00, 0x00, 0x00, 0x00, 0x00, 0x00,
    0x00, 0x00, 0x00, 0x00, 0x00, 0x00, 0x00, 0x00, 0x00, 0x00, 0x00, 0x00, 0x00, 0x00, 0x00, 0x00,
    0x00, 0x00, 0x00, 0x00, 0x00, 0x00, 0x00, 0x00, 0x00, 0x00, 0x00, 0x00, 0x00, 0x00, 0x00, 0x00,
    0x00, 0x00, 0x00, 0x00, 0x00, 0x00, 0x00, 0x00, 0x00, 0x00, 0x00, 0x00, 0x00, 0x00, 0x00, 0x00,
    0x00, 0x00, 0x21, 0xc7, 0x00, 0xff, 0xff, 0x00, 0xff, 0xff, 0x00, 0xff, 0xff, 0x00, 0xff, 0xff,
    0x00, 0xff, 0xff, 0x00, 0xff, 0xff, 0x00, 0xff, 0xff, 0x00, 0x72, 0x00, 0x00, 0x00, 0x00, 0x00,
    0x00, 0x00, 0x00, 0x00, 0x00, 0x00, 0x00, 0x00, 0x00, 0x00, 0x00, 0x00, 0x00, 0x00, 0x00, 0xfa,
    0xff, 0x00, 0xff, 0xff, 0x00, 0xff, 0xff, 0x00, 0xff, 0xff, 0x00, 0xff, 0xff, 0x00, 0xff, 0xff,
    0x00, 0xff, 0xff, 0x00, 0xfd, 0xc2, 0x00, 0x23, 0xd1, 0x00, 0xff, 0xff, 0x00, 0xff, 0xff, 0x00,
    0xff, 0xff, 0x00, 0xff, 0xff, 0x00, 0xff, 0xff, 0x00, 0xff, 0xff, 0x00, 0xff, 0xff, 0x00, 0x6b,
    0x00, 0x00, 0x00, 0x00, 0x00, 0x00, 0x00, 0x00, 0x00, 0x00, 0x00, 0x00, 0x00, 0x00, 0x00, 0x00,
    0x00, 0x00, 0x00, 0x00, 0xf6, 0xff, 0x00, 0xff, 0xff, 0x00, 0xff, 0xff, 0x00, 0xff, 0xff, 0x00,
    0xff, 0xff, 0x00, 0xff, 0xff, 0x00, 0xff, 0xff, 0x00, 0xfd, 0xcd, 0x00, 0x00, 0x00, 0x00, 0x00,
    0x00, 0x00, 0x00, 0x00, 0x00, 0x00, 0x00, 0x00, 0x00, 0x00, 0x00, 0x00, 0x00, 0x00, 0x00, 0x00,
    0x00, 0x00, 0x00, 0x00, 0x00, 0x00, 0x00, 0x00, 0x00, 0x00, 0x00, 0x00, 0x00, 0x00, 0x00, 0x00,
    0x00, 0x00, 0x00, 0x00, 0x00, 0x00, 0x00, 0x00, 0x00, 0x00, 0x00, 0x00, 0x00, 0x00, 0x00, 0x00,
    0x00, 0x00, 0x00, 0x00, 0x00, 0x00, 0x00, 0x00, 0x00, 0x00, 0x00, 0x00, 0x00, 0x00, 0x00, 0x00,
    0x00, 0x27, 0xe3, 0x00, 0xff, 0xff, 0x00, 0xff, 0xff, 0x00, 0xff, 0xff, 0x00, 0xff, 0xff, 0x00,
    0xff, 0xff, 0x00, 0xff, 0xff, 0x00, 0xff, 0xff, 0x00, 0x62, 0x00, 0x00, 0x00, 0x00, 0x00, 0x00,
    0x00, 0x00, 0x00, 0x00, 0x00, 0x00, 0x00, 0x00, 0x00, 0x00, 0x00, 0x00, 0x00, 0x00, 0xf0, 0xff,
    0x00, 0xff, 0xff, 0x00, 0xff, 0xff, 0x00, 0xff, 0xff, 0x00, 0xff, 0xff, 0x00, 0xff, 0xff, 0x00,
    0xff, 0xff, 0x00, 0xfe, 0xe0, 0x00, 0x28, 0xe8, 0x00, 0xff, 0xff, 0x00, 0xff, 0xff, 0x00, 0xff,
    0xff, 0x00, 0xff, 0xff, 0x00, 0xff, 0xff, 0x00, 0xff, 0xff, 0x00, 0xff, 0xff, 0x00, 0x5d, 0x00,
    0x00, 0x00, 0x00, 0x00, 0x00, 0x00, 0x00, 0x00, 0x00, 0x00, 0x00, 0x00, 0x00, 0x00, 0x00, 0x00,
    0x00, 0x00, 0x00, 0xed, 0xff, 0x00, 0xff, 0xff, 0x00, 0xff, 0xff, 0x00, 0xff, 0xff, 0x00, 0xff,
    0xff, 0x00, 0xff, 0xff, 0x00, 0xff, 0xff, 0x00, 0xff, 0xe6, 0x00, 0x00, 0x00, 0x00, 0x00, 0x00,
    0x00, 0x00, 0x00, 0x00, 0x00, 0x00, 0x00, 0x00, 0x00, 0x00, 0x00, 0x00, 0x00, 0x00, 0x00, 0x00,
    0x00, 0x00, 0x00, 0x00, 0x00, 0x00, 0x00, 0x00, 0x00, 0x00, 0x00, 0x00, 0x00, 0x00, 0x00, 0x00,
    0x00, 0x00, 0x00, 0x00, 0x00, 0x00, 0x00, 0x00, 0x00, 0x00, 0x00, 0x00, 0x00, 0x00, 0x00, 0x00,
    0x00, 0x00, 0x00, 0x00, 0x00, 0x00, 0x00, 0x00, 0x00, 0x00, 0x00, 0x00, 0x00, 0x00, 0x00, 0x00,
    0x4f, 0xf2, 0x00, 0xff, 0xff, 0x00, 0xff, 0xff, 0x00, 0xff, 0xff, 0x00, 0xff, 0xff, 0x00, 0xff,
    0xff, 0x00, 0xff, 0xff, 0x00, 0xff, 0xff, 0x00, 0x53, 0x00, 0x00, 0x00, 0x00, 0x00, 0x00, 0x00,
    0x00, 0x00, 0x00, 0x00, 0x00, 0x00, 0x00, 0x00, 0x00, 0x00, 0x00, 0x00, 0x00, 0xe7, 0xff, 0x00,
    0xff, 0xff, 0x00, 0xff, 0xff, 0x00, 0xff, 0xff, 0x00, 0xff, 0xff, 0x00, 0xff, 0xff, 0x00, 0xff,
    0xff, 0x00, 0xff, 0xf1, 0x00, 0x67, 0xf4, 0x00, 0xff, 0xff, 0x00, 0xff, 0xff, 0x00, 0xff, 0xff,
    0x00, 0xff, 0xff, 0x00, 0xff, 0xff, 0x00, 0xff, 0xff, 0x00, 0xff, 0xff, 0x00, 0x4f, 0x00, 0x00,
    0x00, 0x00, 0x00, 0x00, 0x00, 0x00, 0x00, 0x00, 0x00, 0x00, 0x00, 0x00, 0x00, 0x00, 0x00, 0x00,
    0x00, 0x00, 0xe4, 0xff, 0x00, 0xff, 0xff, 0x00, 0xff, 0xff, 0x00, 0xff, 0xff, 0x00, 0xff, 0xff,
    0x00, 0xff, 0xff, 0x00, 0xff, 0xff, 0x00, 0xff, 0xf4, 0x00, 0x00, 0x00, 0x00, 0x00, 0x00, 0x00,
    0x00, 0x00, 0x00, 0x00, 0x00, 0x00, 0x00, 0x00, 0x00, 0x00, 0x00, 0x00, 0x00, 0x00, 0x00, 0x00,
    0x00, 0x00, 0x00, 0x00, 0x00, 0x00, 0x00, 0x00, 0x00, 0x00, 0x00, 0x00, 0x00, 0x00, 0x00, 0x00,
    0x00, 0x00, 0x00, 0x00, 0x00, 0x00, 0x00, 0x00, 0x00, 0x00, 0x00, 0x00, 0x00, 0x00, 0x00, 0x00,
    0x00, 0x00, 0x00, 0x00, 0x00, 0x00, 0x00, 0x00, 0x00, 0x00, 0x00, 0x00, 0x00, 0x00, 0x00, 0x78,
    0xf5, 0x00, 0xff, 0xff, 0x00, 0xff, 0xff, 0x00, 0xff, 0xff, 0x00, 0xff, 0xff, 0x00, 0xff, 0xff,
    0x00, 0xff, 0xff, 0x00, 0xff, 0xff, 0x00, 0x4b, 0x00, 0x00, 0x00, 0x00, 0x00, 0x00, 0x00, 0x00,
    0x00, 0x00, 0x00, 0x00, 0x00, 0x00, 0x00, 0x00, 0x00, 0x00, 0x00, 0x00, 0xe2, 0xff, 0x00, 0xff,
    0xff, 0x00, 0xff, 0xff, 0x00, 0xff, 0xff, 0x00, 0xff, 0xff, 0x00, 0xff, 0xff, 0x00, 0xff, 0xff,
    0x00, 0xff, 0xf5, 0x00, 0x7d, 0xf6, 0x00, 0xff, 0xff, 0x00, 0xff, 0xff, 0x00, 0xff, 0xff, 0x00,
    0xff, 0xff, 0x00, 0xff, 0xff, 0x00, 0xff, 0xff, 0x00, 0xff, 0xff, 0x00, 0x48, 0x00, 0x00, 0x00,
    0x00, 0x00, 0x00, 0x00, 0x00, 0x00, 0x00, 0x00, 0x00, 0x00, 0x00, 0x00, 0x00, 0x00, 0x00, 0x00,
    0x00, 0xe1, 0xff, 0x00, 0xff, 0xff, 0x00, 0xff, 0xff, 0x00, 0xff, 0xff, 0x00, 0xff, 0xff, 0x00,
    0xff, 0xff, 0x00, 0xff, 0xff, 0x00, 0xff, 0xf6, 0x00, 0x00, 0x00, 0x00, 0x00, 0x00, 0x00, 0x00,
    0x00, 0x00, 0x00, 0x00, 0x00, 0x00, 0x00, 0x00, 0x00, 0x00, 0x00, 0x00, 0x00, 0x00, 0x00, 0x00,
    0x00, 0x00, 0x00, 0x00, 0x00, 0x00, 0x00, 0x00, 0x00, 0x00, 0x00, 0x00, 0x00, 0x00, 0x00, 0x00,
    0x00, 0x00, 0x00, 0x00, 0x00, 0x00, 0x00, 0x00, 0x00, 0x00, 0x00, 0x00, 0x00, 0x00, 0x00, 0x00,
    0x00, 0x00, 0x00, 0x00, 0x00, 0x00, 0x00, 0x00, 0x00, 0x00, 0x00, 0x00, 0x00, 0x00, 0x81, 0xf6,
    0x00, 0xff, 0xff, 0x00, 0xff, 0xff, 0x00, 0xff, 0xff, 0x00, 0xff, 0xff, 0x00, 0xff, 0xff, 0x00,
    0xff, 0xff, 0x00, 0xff, 0xff, 0x00, 0x46, 0x00, 0x00, 0x00, 0x00, 0x00, 0x00, 0x00, 0x00, 0x00,
    0x00, 0x00, 0x00, 0x00, 0x00, 0x00, 0x00, 0x00, 0x00, 0x00, 0x00, 0xdf, 0xff, 0x00, 0xff, 0xff,
    0x00, 0xff, 0xff, 0x00, 0xff, 0xff, 0x00, 0xff, 0xff, 0x00, 0xff, 0xff, 0x00, 0xff, 0xff, 0x00,
    0xff, 0xf6, 0x00, 0x7e, 0xf6, 0x00, 0xff, 0xff, 0x00, 0xff, 0xff, 0x00, 0xff, 0xff, 0x00, 0xff,
    0xff, 0x00, 0xff, 0xff, 0x00, 0xff, 0xff, 0x00, 0xff, 0xff, 0x00, 0x47, 0x00, 0x00, 0x00, 0x00,
    0x00, 0x00, 0x00, 0x00, 0x00, 0x00, 0x00, 0x00, 0x00, 0x00, 0x00, 0x00, 0x00, 0x00, 0x00, 0x00,
    0xe0, 0xff, 0x00, 0xff, 0xff, 0x00, 0xff, 0xff, 0x00, 0xff, 0xff, 0x00, 0xff, 0xff, 0x00, 0xff,
    0xff, 0x00, 0xff, 0xff, 0x00, 0xff, 0xf6, 0x00, 0x00, 0x00, 0x00, 0x00, 0x00, 0x00, 0x00, 0x00,
    0x00, 0x00, 0x00, 0x00, 0x00, 0x00, 0x00, 0x00, 0x00, 0x00, 0x00, 0x00, 0x00, 0x00, 0x00, 0x00,
    0x00, 0x00, 0x00, 0x00, 0x00, 0x00, 0x00, 0x00, 0x00, 0x00, 0x00, 0x00, 0x00, 0x00, 0x00, 0x00,
    0x00, 0x00, 0x00, 0x00, 0x00, 0x00, 0x00, 0x00, 0x00, 0x00, 0x00, 0x00, 0x00, 0x00, 0x00, 0x00,
    0x00, 0x00, 0x00, 0x00, 0x00, 0x00, 0x00, 0x00, 0x00, 0x00, 0x00, 0x00, 0x00, 0x74, 0xf5, 0x00,
    0xff, 0xff, 0x00, 0xff, 0xff, 0x00, 0xff, 0xff, 0x00, 0xff, 0xff, 0x00, 0xff, 0xff, 0x00, 0xff,
    0xff, 0x00, 0xff, 0xff, 0x00, 0x4c, 0x00, 0x00, 0x00, 0x00, 0x00, 0x00, 0x00, 0x00, 0x00, 0x00,
    0x00, 0x00, 0x00, 0x00, 0x00, 0x00, 0x00, 0x00, 0x00, 0x00, 0xe3, 0xff, 0x00, 0xff, 0xff, 0x00,
    0xff, 0xff, 0x00, 0xff, 0xff, 0x00, 0xff, 0xff, 0x00, 0xff, 0xff, 0x00, 0xff, 0xff, 0x00, 0xff,
    0xf5, 0x00, 0x6c, 0xf4, 0x00, 0xff, 0xff, 0x00, 0xff, 0xff, 0x00, 0xff, 0xff, 0x00, 0xff, 0xff,
    0x00, 0xff, 0xff, 0x00, 0xff, 0xff, 0x00, 0xff, 0xff, 0x00, 0x4e, 0x00, 0x00, 0x00, 0x00, 0x00,
    0x00, 0x00, 0x00, 0x00, 0x00, 0x00, 0x00, 0x00, 0x00, 0x00, 0x00, 0x00, 0x00, 0x00, 0x00, 0xe4,
    0xff, 0x00, 0xff, 0xff, 0x00, 0xff, 0xff, 0x00, 0xff, 0xff, 0x00, 0xff, 0xff, 0x00, 0xff, 0xff,
    0x00, 0xff, 0xff, 0x00, 0xff, 0xf4, 0x00, 0x00, 0x00, 0x00, 0x00, 0x00, 0x00, 0x00, 0x00, 0x00,
    0x00, 0x00, 0x00, 0x00, 0x00, 0x00, 0x00, 0x00, 0x00, 0x00, 0x00, 0x00, 0x00, 0x00, 0x00, 0x00,
    0x00, 0x00, 0x00, 0x00, 0x00, 0x00, 0x00, 0x00, 0x00, 0x00, 0x00, 0x00, 0x00, 0x00, 0x00, 0x00,
    0x00, 0x00, 0x00, 0x00, 0x00, 0x00, 0x00, 0x00, 0x00, 0x00, 0x00, 0x00, 0x00, 0x00, 0x00, 0x00,
    0x00, 0x00, 0x00, 0x00, 0x00, 0x00, 0x00, 0x00, 0x00, 0x00, 0x00, 0x00, 0x38, 0xef, 0x00, 0xff,
    0xff, 0x00, 0xff, 0xff, 0x00, 0xff, 0xff, 0x00, 0xff, 0xff, 0x00, 0xff, 0xff, 0x00, 0xff, 0xff,
    0x00, 0xff, 0xff, 0x00, 0x56, 0x00, 0x00, 0x00, 0x00, 0x00, 0x00, 0x00, 0x00, 0x00, 0x00, 0x00,
    0x00, 0x00, 0x00, 0x00, 0x00, 0x00, 0x00, 0x00, 0x00, 0xe9, 0xff, 0x00, 0xff, 0xff, 0x00, 0xff,
    0xff, 0x00, 0xff, 0xff, 0x00, 0xff, 0xff, 0x00, 0xff, 0xff, 0x00, 0xff, 0xff, 0x00, 0xff, 0xed,
    0x00, 0x29, 0xea, 0x00, 0xff, 0xff, 0x00, 0xff, 0xff, 0x00, 0xff, 0xff, 0x00, 0xff, 0xff, 0x00,
    0xff, 0xff, 0x00, 0xff, 0xff, 0x00, 0xff, 0xff, 0x00, 0x5b, 0x00, 0x00, 0x00, 0x00, 0x00, 0x00,
    0x00, 0x00, 0x00, 0x00, 0x00, 0x00, 0x00, 0x00, 0x00, 0x00, 0x00, 0x00, 0x00, 0x00, 0xec, 0xff,
    0x00, 0xff, 0xff, 0x00, 0xff, 0xff, 0x00, 0xff, 0xff, 0x00, 0xff, 0xff, 0x00, 0xff, 0xff, 0x00,
    0xff, 0xff, 0x00, 0xff, 0xe8, 0x00, 0x00, 0x00, 0x00, 0x00, 0x00, 0x00, 0x00, 0x00, 0x00, 0x00,
    0x00, 0x00, 0x00, 0x00, 0x00, 0x00, 0x00, 0x00, 0x00, 0x00, 0x00, 0x00, 0x00, 0x00, 0x00, 0x00,
    0x00, 0x00, 0x00, 0x00, 0x00, 0x00, 0x00, 0x00, 0x00, 0x00, 0x00, 0x00, 0x00, 0x00, 0x00, 0x00,
    0x00, 0x00, 0x00, 0x00, 0x00, 0x00, 0x00, 0x00, 0x00, 0x00, 0x00, 0x00, 0x00, 0x00, 0x00, 0x00,
    0x00, 0x00, 0x00, 0x00, 0x00, 0x00, 0x00, 0x00, 0x00, 0x00, 0x00, 0x26, 0xde, 0x00, 0xff, 0xff,
    0x00, 0xff, 0xff, 0x00, 0xff, 0xff, 0x00, 0xff, 0xff, 0x00, 0xff, 0xff, 0x00, 0xff, 0xff, 0x00,
    0xff, 0xff, 0x00, 0x64, 0x00, 0x00, 0x00, 0x00, 0x00, 0x00, 0x00, 0x00, 0x00, 0x00, 0x00, 0x00,
    0x00, 0x00, 0x00, 0x00, 0x00, 0x00, 0x00, 0x00, 0xf2, 0xff, 0x00, 0xff, 0xff, 0x00, 0xff, 0xff,
    0x00, 0xff, 0xff, 0x00, 0xff, 0xff, 0x00, 0xff, 0xff, 0x00, 0xff, 0xff, 0x00, 0xfe, 0xdb, 0x00,
    0x24, 0xd5, 0x00, 0xff, 0xff, 0x00, 0xff, 0xff, 0x00, 0xff, 0xff, 0x00, 0xff, 0xff, 0x00, 0xff,
    0xff, 0x00, 0xff, 0xff, 0x00, 0xff, 0xff, 0x00, 0x68, 0x00, 0x00, 0x00, 0x00, 0x00, 0x00, 0x00,
    0x00, 0x00, 0x00, 0x00, 0x00, 0x00, 0x00, 0x00, 0x00, 0x00, 0x00, 0x00, 0x00, 0xf4, 0xff, 0x00,
    0xff, 0xff, 0x00, 0xff, 0xff, 0x00, 0xff, 0xff, 0x00, 0xff, 0xff, 0x00, 0xff, 0xff, 0x00, 0xff,
    0xff, 0x00, 0xfd, 0xd1, 0x00, 0x00, 0x00, 0x00, 0x00, 0x00, 0x00, 0x00, 0x00, 0x00, 0x00, 0x00,
    0x00, 0x00, 0x00, 0x00, 0x00, 0x00, 0x00, 0x00, 0x00, 0x00, 0x00, 0x00, 0x00, 0x00, 0x00, 0x00,
    0x00, 0x00, 0x00, 0x00, 0x00, 0x00, 0x00, 0x00, 0x00, 0x00, 0x00, 0x00, 0x00, 0x00, 0x00, 0x00,
    0x00, 0x00, 0x00, 0x00, 0x00, 0x00, 0x00, 0x00, 0x00, 0x00, 0x00, 0x00, 0x00, 0x00, 0x00, 0x00,
    0x00, 0x00, 0x00, 0x00, 0x00, 0x00, 0x00, 0x00, 0x00, 0x00, 0x1f, 0xc0, 0x00, 0xff, 0xff, 0x00,
    0xff, 0xff, 0x00, 0xff, 0xff, 0x00, 0xff, 0xff, 0x00, 0xff, 0xff, 0x00, 0xff, 0xff, 0x00, 0xff,
    0xff, 0x00, 0x73, 0x00, 0x00, 0x00, 0x00, 0x00, 0x00, 0x00, 0x00, 0x00, 0x00, 0x00, 0x00, 0x00,
    0x00, 0x00, 0x00, 0x00, 0x00, 0x01, 0x00, 0xfc, 0xff, 0x00, 0xff, 0xff, 0x00, 0xff, 0xff, 0x00,
    0xff, 0xff, 0x00, 0xff, 0xff, 0x00, 0xff, 0xff, 0x00, 0xff, 0xff, 0x00, 0xfc, 0xba, 0x00, 0x1c,
    0xb3, 0x00, 0xff, 0xff, 0x00, 0xff, 0xff, 0x00, 0xff, 0xff, 0x00, 0xff, 0xff, 0x00, 0xff, 0xff,
    0x00, 0xff, 0xff, 0x00, 0xff, 0xff, 0x00, 0x7a, 0x00, 0x00, 0x00, 0x00, 0x00, 0x00, 0x00, 0x00,
    0x00, 0x00, 0x00, 0x00, 0x00, 0x00, 0x00, 0x00, 0x00, 0x00, 0x10, 0x00, 0xff, 0xff, 0x00, 0xff,
    0xff, 0x00, 0xff, 0xff, 0x00, 0xff, 0xff, 0x00, 0xff, 0xff, 0x00, 0xff, 0xff, 0x00, 0xff, 0xff,
    0x00, 0xfb, 0xab, 0x00, 0x00, 0x00, 0x00, 0x00, 0x00, 0x00, 0x00, 0x00, 0x00, 0x00, 0x00, 0x00,
    0x00, 0x00, 0x00, 0x00, 0x00, 0x00, 0x00, 0x00, 0x00, 0x00, 0x00, 0x00, 0x00, 0x00, 0x00, 0x00,
    0x00, 0x00, 0x00, 0x00, 0x00, 0x00, 0x00, 0x00, 0x00, 0x00, 0x00, 0x00, 0x00, 0x00, 0x00, 0x00,
    0x00, 0x00, 0x00, 0x00, 0x00, 0x00, 0x00, 0x00, 0x00, 0x00, 0x00, 0x00, 0x00, 0x00, 0x00, 0x00,
    0x00, 0x00, 0x00, 0x00, 0x00, 0x00, 0x00, 0x00, 0x00, 0x11, 0x84, 0x00, 0xff, 0xff, 0x00, 0xff,
    0xff, 0x00, 0xff, 0xff, 0x00, 0xff, 0xff, 0x00, 0xff, 0xff, 0x00, 0xff, 0xff, 0x00, 0xff, 0xff,
    0x00, 0xa7, 0x1f, 0x00, 0x00, 0x00, 0x00, 0x00, 0x00, 0x00, 0x00, 0x00, 0x00, 0x00, 0x00, 0x00,
    0x00, 0x00, 0x00, 0x00, 0x38, 0x00, 0xff, 0xff, 0x00, 0xff, 0xff, 0x00, 0xff, 0xff, 0x00, 0xff,
    0xff, 0x00, 0xff, 0xff, 0x00, 0xff, 0xff, 0x00, 0xff, 0xff, 0x00, 0xf7, 0x6d, 0x00, 0x08, 0x59,
    0x00, 0xff, 0xff, 0x00, 0xff, 0xff, 0x00, 0xff, 0xff, 0x00, 0xff, 0xff, 0x00, 0xff, 0xff, 0x00,
    0xff, 0xff, 0x00, 0xff, 0xff, 0x00, 0xc0, 0x34, 0x00, 0x00, 0x00, 0x00, 0x00, 0x00, 0x00, 0x00,
    0x00, 0x00, 0x00, 0x00, 0x00, 0x00, 0x00, 0x00, 0x00, 0x45, 0x00, 0xff, 0xff, 0x00, 0xff, 0xff,
    0x00, 0xff, 0xff, 0x00, 0xff, 0xff, 0x00, 0xff, 0xff, 0x00, 0xff, 0xff, 0x00, 0xff, 0xff, 0x00,
    0xf0, 0x3a, 0x00, 0x00, 0x00, 0x00, 0x00, 0x00, 0x00, 0x00, 0x00, 0x00, 0x00, 0x00, 0x00, 0x00,
    0x00, 0x00, 0x00, 0x00, 0x00, 0x00, 0x00, 0x00, 0x00, 0x00, 0x00, 0x00, 0x00, 0x00, 0x00, 0x00,
    0x00, 0x00, 0x00, 0x00, 0x00, 0x00, 0x00, 0x00, 0x00, 0x00, 0x00, 0x00, 0x00, 0x00, 0x00, 0x00,
    0x00, 0x00, 0x00, 0x00, 0x00, 0x00, 0x00, 0x00, 0x00, 0x00, 0x00, 0x00, 0x00, 0x00, 0x00, 0x00,
    0x00, 0x00, 0x00, 0x00, 0x00, 0x00, 0x00, 0x00, 0x00, 0x30, 0x00, 0xff, 0xff, 0x00, 0xff, 0xff,
    0x00, 0xff, 0xff, 0x00, 0xff, 0xff, 0x00, 0xff, 0xff, 0x00, 0xff, 0xff, 0x00, 0xff, 0xff, 0x00,
    0xe2, 0x51, 0x00, 0x00, 0x00, 0x00, 0x00, 0x00, 0x00, 0x00, 0x00, 0x00, 0x00, 0x00, 0x00, 0x00,
    0x00, 0x00, 0x00, 0x5b, 0x00, 0xff, 0xff, 0x00, 0xff, 0xff, 0x00, 0xff, 0xff, 0x00, 0xff, 0xff,
    0x00, 0xff, 0xff, 0x00, 0xff, 0xff, 0x00, 0xff, 0xff, 0x00, 0xd6, 0x2e, 0x00, 0x00, 0x2b, 0x00,
    0xfe, 0xff, 0x00, 0xff, 0xff, 0x00, 0xff, 0xff, 0x00, 0xff, 0xff, 0x00, 0xff, 0xff, 0x00, 0xff,
    0xff, 0x00, 0xff, 0xff, 0x00, 0xf0, 0x5d, 0x00, 0x00, 0x00, 0x00, 0x00, 0x00, 0x00, 0x00, 0x00,
    0x00, 0x00, 0x00, 0x00, 0x00, 0x00, 0x00, 0x08, 0x73, 0x00, 0xff, 0xff, 0x00, 0xff, 0xff, 0x00,
    0xff, 0xff, 0x00, 0xff, 0xff, 0x00, 0xff, 0xff, 0x00, 0xff, 0xff, 0x00, 0xff, 0xff, 0x00, 0xc2,
    0x27, 0x00, 0x00, 0x00, 0x00, 0x00, 0x00, 0x00, 0x00, 0x00, 0x00, 0x00, 0x00, 0x00, 0x00, 0x00,
    0x00, 0x00, 0x00, 0x00, 0x00, 0x00, 0x00, 0x00, 0x00, 0x00, 0x00, 0x00, 0x00, 0x00, 0x00, 0x00,
    0x00, 0x00, 0x00, 0x00, 0x00, 0x00, 0x00, 0x00, 0x00, 0x00, 0x00, 0x00, 0x00, 0x00, 0x00, 0x00,
    0x00, 0x00, 0x00, 0x00, 0x00, 0x00, 0x00, 0x00, 0x00, 0x00, 0x00, 0x00, 0x00, 0x00, 0x00, 0x00,
    0x00, 0x00, 0x00, 0x00, 0x00, 0x00, 0x00, 0x00, 0x18, 0x00, 0xfd, 0xff, 0x00, 0xff, 0xff, 0x00,
    0xff, 0xff, 0x00, 0xff, 0xff, 0x00, 0xff, 0xff, 0x00, 0xff, 0xff, 0x00, 0xff, 0xff, 0x00, 0xff,
    0xae, 0x00, 0x00, 0x00, 0x00, 0x00, 0x00, 0x00, 0x00, 0x00, 0x00, 0x00, 0x00, 0x00, 0x00, 0x00,
    0x00, 0x37, 0xc9, 0x00, 0xff, 0xff, 0x00, 0xff, 0xff, 0x00, 0xff, 0xff, 0x00, 0xff, 0xff, 0x00,
    0xff, 0xff, 0x00, 0xff, 0xff, 0x00, 0xff, 0xff, 0x00, 0x77, 0x0e, 0x00, 0x00, 0x06, 0x00, 0xf8,
    0xff, 0x00, 0xff, 0xff, 0x00, 0xff, 0xff, 0x00, 0xff, 0xff, 0x00, 0xff, 0xff, 0x00, 0xff, 0xff,
    0x00, 0xff, 0xff, 0x00, 0xff, 0xd2, 0x00, 0x00, 0x00, 0x00, 0x00, 0x00, 0x00, 0x00, 0x00, 0x00,
    0x00, 0x00, 0x00, 0x00, 0x00, 0x00, 0x48, 0xe4, 0x00, 0xff, 0xff, 0x00, 0xff, 0xff, 0x00, 0xff,
    0xff, 0x00, 0xff, 0xff, 0x00, 0xff, 0xff, 0x00, 0xff, 0xff, 0x00, 0xff, 0xff, 0x00, 0x4d, 0x02,
    0x00, 0x00, 0x00, 0x00, 0x00, 0x00, 0x00, 0x00, 0x00, 0x00, 0x00, 0x00, 0x00, 0x00, 0x00, 0x00,
    0x00, 0x00, 0x00, 0x00, 0x00, 0x00, 0x00, 0x00, 0x00, 0x00, 0x00, 0x00, 0x00, 0x00, 0x00, 0x00,
    0x00, 0x00, 0x00, 0x00, 0x00, 0x00, 0x00, 0x00, 0x00, 0x00, 0x00, 0x00, 0x00, 0x00, 0x00, 0x00,
    0x00, 0x00, 0x00, 0x00, 0x00, 0x00, 0x00, 0x00, 0x00, 0x00, 0x00, 0x00, 0x00, 0x00, 0x00, 0x00,
    0x00, 0x00, 0x00, 0x00, 0x00, 0x00, 0x00, 0x00, 0x00, 0xcf, 0xff, 0x00, 0xff, 0xff, 0x00, 0xff,
    0xff, 0x00, 0xff, 0xff, 0x00, 0xff, 0xff, 0x00, 0xff, 0xff, 0x00, 0xff, 0xff, 0x00, 0xff, 0xfd,
    0x00, 0x16, 0x00, 0x00, 0x00, 0x00, 0x00, 0x00, 0x00, 0x00, 0x00, 0x00, 0x00, 0x00, 0x00, 0x00,
    0xaa, 0xff, 0x00, 0xff, 0xff, 0x00, 0xff, 0xff, 0x00, 0xff, 0xff, 0x00, 0xff, 0xff, 0x00, 0xff,
    0xff, 0x00, 0xff, 0xff, 0x00, 0xff, 0xff, 0x00, 0x2e, 0x00, 0x00, 0x00, 0x00, 0x00, 0xa7, 0xff,
    0x00, 0xff, 0xff, 0x00, 0xff, 0xff, 0x00, 0xff, 0xff, 0x00, 0xff, 0xff, 0x00, 0xff, 0xff, 0x00,
    0xff, 0xff, 0x00, 0xff, 0xff, 0x00, 0x2e, 0x00, 0x00, 0x00, 0x00, 0x00, 0x00, 0x00, 0x00, 0x00,
    0x00, 0x00, 0x00, 0x01, 0x00, 0xd9, 0xff, 0x00, 0xff, 0xff, 0x00, 0xff, 0xff, 0x00, 0xff, 0xff,
    0x00, 0xff, 0xff, 0x00, 0xff, 0xff, 0x00, 0xff, 0xff, 0x00, 0xff, 0xfd, 0x00, 0x17, 0x00, 0x00,
    0x00, 0x00, 0x00, 0x00, 0x00, 0x00, 0x00, 0x00, 0x00, 0x00, 0x00, 0x00, 0x00, 0x00, 0x00, 0x00,
    0x00, 0x00, 0x00, 0x00, 0x00, 0x00, 0x00, 0x00, 0x00, 0x00, 0x00, 0x00, 0x00, 0x00, 0x00, 0x00,
    0x00, 0x00, 0x00, 0x00, 0x00, 0x00, 0x00, 0x00, 0x00, 0x00, 0x00, 0x00, 0x00, 0x00, 0x00, 0x00,
    0x00, 0x00, 0x00, 0x00, 0x00, 0x00, 0x00, 0x00, 0x00, 0x00, 0x00, 0x00, 0x00, 0x00, 0x00, 0x00,
    0x00, 0x00, 0x00, 0x00, 0x00, 0x00, 0x00, 0x00, 0x4d, 0xe5, 0x00, 0xff, 0xff, 0x00, 0xff, 0xff,
    0x00, 0xff, 0xff, 0x00, 0xff, 0xff, 0x00, 0xff, 0xff, 0x00, 0xff, 0xff, 0x00, 0xff, 0xff, 0x00,
    0xa7, 0x1c, 0x00, 0x00, 0x00, 0x00, 0x00, 0x00, 0x00, 0x00, 0x00, 0x00, 0x00, 0x23, 0x00, 0xfd,
    0xff, 0x00, 0xff, 0xff, 0x00, 0xff, 0xff, 0x00, 0xff, 0xff, 0x00, 0xff, 0xff, 0x00, 0xff, 0xff,
    0x00, 0xff, 0xff, 0x00, 0xff, 0xd9, 0x00, 0x00, 0x00, 0x00, 0x00, 0x00, 0x00, 0x34, 0xc1, 0x00,
    0xff, 0xff, 0x00, 0xff, 0xff, 0x00, 0xff, 0xff, 0x00, 0xff, 0xff, 0x00, 0xff, 0xff, 0x00, 0xff,
    0xff, 0x00, 0xff, 0xff, 0x00, 0xe0, 0x4b, 0x00, 0x00, 0x00, 0x00, 0x00, 0x00, 0x00, 0x00, 0x00,
    0x00, 0x09, 0x5b, 0x00, 0xff, 0xff, 0x00, 0xff, 0xff, 0x00, 0xff, 0xff, 0x00, 0xff, 0xff, 0x00,
    0xff, 0xff, 0x00, 0xff, 0xff, 0x00, 0xff, 0xff, 0x00, 0xfe, 0xaa, 0x00, 0x00, 0x00, 0x00, 0x00,
    0x00, 0x00, 0x00, 0x00, 0x00, 0x00, 0x00, 0x00, 0x00, 0x00, 0x00, 0x00, 0x00, 0x00, 0x00, 0x00,
    0x00, 0x00, 0x00, 0x00, 0x00, 0x00, 0x00, 0x00, 0x00, 0x00, 0x00, 0x00, 0x00, 0x00, 0x00, 0x00,
    0x00, 0x00, 0x00, 0x00, 0x00, 0x00, 0x00, 0x00, 0x00, 0x00, 0x00, 0x00, 0x00, 0x00, 0x00, 0x00,
    0x00, 0x00, 0x00, 0x00, 0x00, 0x00, 0x00, 0x00, 0x00, 0x00, 0x00, 0x00, 0x00, 0x00, 0x00, 0x00,
    0x00, 0x00, 0x00, 0x00, 0x00, 0x00, 0x00, 0x00, 0x5a, 0x00, 0xff, 0xff, 0x00, 0xff, 0xff, 0x00,
    0xff, 0xff, 0x00, 0xff, 0xff, 0x00, 0xff, 0xff, 0x00, 0xff, 0xff, 0x00, 0xff, 0xff, 0x00, 0xfe,
    0xe8, 0x00, 0x0a, 0x00, 0x00, 0x00, 0x00, 0x00, 0x00, 0x00, 0x00, 0x87, 0xf0, 0x00, 0xff, 0xff,
    0x00, 0xff, 0xff, 0x00, 0xff, 0xff, 0x00, 0xff, 0xff, 0x00, 0xff, 0xff, 0x00, 0xff, 0xff, 0x00,
    0xff, 0xff, 0x00, 0xd9, 0x4d, 0x00, 0x00, 0x00, 0x00, 0x00, 0x00, 0x00, 0x00, 0x36, 0x00, 0xfe,
    0xff, 0x00, 0xff, 0xff, 0x00, 0xff, 0xff, 0x00, 0xff, 0xff, 0x00, 0xff, 0xff, 0x00, 0xff, 0xff,
    0x00, 0xff, 0xff, 0x00, 0xff, 0xfd, 0x00, 0x62, 0x0b, 0x00, 0x00, 0x00, 0x00, 0x02, 0x0c, 0x00,
    0xe1, 0xfe, 0x00, 0xff, 0xff, 0x00, 0xff, 0xff, 0x00, 0xff, 0xff, 0x00, 0xff, 0xff, 0x00, 0xff,
    0xff, 0x00, 0xff, 0xff, 0x00, 0xff, 0xff, 0x00, 0xaa, 0x21, 0x00, 0x00, 0x00, 0x00, 0x00, 0x00,
    0x00, 0x00, 0x00, 0x00, 0x00, 0x00, 0x00, 0x00, 0x00, 0x00, 0x00, 0x00, 0x00, 0x00, 0x00, 0x00,
    0x00, 0x00, 0x00, 0x00, 0x00, 0x00, 0x00, 0x00, 0x00, 0x00, 0x00, 0x00, 0x00, 0x00, 0x00, 0x00,
    0x00, 0x00, 0x00, 0x00, 0x00, 0x00, 0x00, 0x00, 0x00, 0x00, 0x00, 0x00, 0x00, 0x00, 0x00, 0x00,
    0x00, 0x00, 0x00, 0x00, 0x00, 0x00, 0x00, 0x00, 0x00, 0x00, 0x00, 0x00, 0x00, 0x00, 0x00, 0x00,
    0x00, 0x00, 0x00, 0x00, 0x00, 0x00, 0x00, 0x00, 0x00, 0xd6, 0xff, 0x00, 0xff, 0xff, 0x00, 0xff,
    0xff, 0x00, 0xff, 0xff, 0x00, 0xff, 0xff, 0x00, 0xff, 0xff, 0x00, 0xff, 0xff, 0x00, 0xff, 0xff,
    0x00, 0xfd, 0xf0, 0x00, 0xbb, 0xb5, 0x00, 0xdb, 0xf3, 0x00, 0xff, 0xff, 0x00, 0xff, 0xff, 0x00,
    0xff, 0xff, 0x00, 0xff, 0xff, 0x00, 0xff, 0xff, 0x00, 0xff, 0xff, 0x00, 0xff, 0xff, 0x00, 0xff,
    0xfe, 0x00, 0x3c, 0x00, 0x00, 0x00, 0x00, 0x00, 0x00, 0x00, 0x00, 0x00, 0x00, 0x00, 0x9f, 0xf8,
    0x00, 0xff, 0xff, 0x00, 0xff, 0xff, 0x00, 0xff, 0xff, 0x00, 0xff, 0xff, 0x00, 0xff, 0xff, 0x00,
    0xff, 0xff, 0x00, 0xff, 0xff, 0x00, 0xff, 0xff, 0x00, 0xfb, 0xfa, 0x00, 0xfe, 0xff, 0x00, 0xff,
    0xff, 0x00, 0xff, 0xff, 0x00, 0xff, 0xff, 0x00, 0xff, 0xff, 0x00, 0xff, 0xff, 0x00, 0xff, 0xff,
    0x00, 0xff, 0xff, 0x00, 0xff, 0xf3, 0x00, 0x07, 0x00, 0x00, 0x00, 0x00, 0x00, 0x00, 0x00, 0x00,
    0x00, 0x00, 0x00, 0x00, 0x00, 0x00, 0x00, 0x00, 0x00, 0x00, 0x00, 0x00, 0x00, 0x00, 0x00, 0x00,
    0x00, 0x00, 0x00, 0x00, 0x00, 0x00, 0x00, 0x00, 0x00, 0x00, 0x00, 0x00, 0x00, 0x00, 0x00, 0x00,
    0x00, 0x00, 0x00, 0x00, 0x00, 0x00, 0x00, 0x00, 0x00, 0x00, 0x00, 0x00, 0x00, 0x00, 0x00, 0x00,
    0x00, 0x00, 0x00, 0x00, 0x00, 0x00, 0x00, 0x00, 0x00, 0x00, 0x00, 0x00, 0x00, 0x00, 0x00, 0x00,
    0x00, 0x00, 0x00, 0x00, 0x00, 0x00, 0x00, 0x00, 0x24, 0xb2, 0x00, 0xff, 0xff, 0x00, 0xff, 0xff,
    0x00, 0xff, 0xff, 0x00, 0xff, 0xff, 0x00, 0xff, 0xff, 0x00, 0xff, 0xff, 0x00, 0xff, 0xff, 0x00,
    0xff, 0xff, 0x00, 0xff, 0xff, 0x00, 0xff, 0xff, 0x00, 0xff, 0xff, 0x00, 0xff, 0xff, 0x00, 0xff,
    0xff, 0x00, 0xff, 0xff, 0x00, 0xff, 0xff, 0x00, 0xff, 0xff, 0x00, 0xff, 0xff, 0x00, 0xf5, 0x9c,
    0x00, 0x00, 0x00, 0x00, 0x00, 0x00, 0x00, 0x00, 0x00, 0x00, 0x00, 0x00, 0x00, 0x03, 0x64, 0x00,
    0xfe, 0xff, 0x00, 0xff, 0xff, 0x00, 0xff, 0xff, 0x00, 0xff, 0xff, 0x00, 0xff, 0xff, 0x00, 0xff,
    0xff, 0x00, 0xff, 0xff, 0x00, 0xff, 0xff, 0x00, 0xff, 0xff, 0x00, 0xff, 0xff, 0x00, 0xff, 0xff,
    0x00, 0xff, 0xff, 0x00, 0xff, 0xff, 0x00, 0xff, 0xff, 0x00, 0xff, 0xff, 0x00, 0xff, 0xff, 0x00,
    0xff, 0xff, 0x00, 0xd6, 0x4b, 0x00, 0x00, 0x00, 0x00, 0x00, 0x00, 0x00, 0x00, 0x00, 0x00, 0x00,
    0x00, 0x00, 0x00, 0x00, 0x00, 0x00, 0x00, 0x00, 0x00, 0x00, 0x00, 0x00, 0x00, 0x00, 0x00, 0x00,
    0x00, 0x00, 0x00, 0x00, 0x00, 0x00, 0x00, 0x00, 0x00, 0x00, 0x00, 0x00, 0x00, 0x00, 0x00, 0x00,
    0x00, 0x00, 0x00, 0x00, 0x00, 0x00, 0x00, 0x00, 0x00, 0x00, 0x00, 0x00, 0x00, 0x00, 0x00, 0x00,
    0x00, 0x00, 0x00, 0x00, 0x00, 0x00, 0x00, 0x00, 0x00, 0x00, 0x00, 0x00, 0x00, 0x00, 0x00, 0x00,
    0x00, 0x00, 0x00, 0x00, 0x00, 0x00, 0x00, 0x00, 0x04, 0x00, 0xd9, 0xfd, 0x00, 0xff, 0xff, 0x00,
    0xff, 0xff, 0x00, 0xff, 0xff, 0x00, 0xff, 0xff, 0x00, 0xff, 0xff, 0x00, 0xff, 0xff, 0x00, 0xff,
    0xff, 0x00, 0xff, 0xff, 0x00, 0xff, 0xff, 0x00, 0xff, 0xff, 0x00, 0xff, 0xff, 0x00, 0xff, 0xff,
    0x00, 0xff, 0xff, 0x00, 0xff, 0xff, 0x00, 0xff, 0xff, 0x00, 0xff, 0xfc, 0x00, 0x3b, 0x03, 0x00,
    0x00, 0x00, 0x00, 0x00, 0x00, 0x00, 0x00, 0x00, 0x00, 0x00, 0x00, 0x00, 0x00, 0x00, 0x00, 0x89,
    0xf0, 0x00, 0xff, 0xff, 0x00, 0xff, 0xff, 0x00, 0xff, 0xff, 0x00, 0xff, 0xff, 0x00, 0xff, 0xff,
    0x00, 0xff, 0xff, 0x00, 0xff, 0xff, 0x00, 0xff, 0xff, 0x00, 0xff, 0xff, 0x00, 0xff, 0xff, 0x00,
    0xff, 0xff, 0x00, 0xff, 0xff, 0x00, 0xff, 0xff, 0x00, 0xff, 0xff, 0x00, 0xff, 0xff, 0x00, 0xfe,
    0xe8, 0x00, 0x08, 0x00, 0x00, 0x00, 0x00, 0x00, 0x00, 0x00, 0x00, 0x00, 0x00, 0x00, 0x00, 0x00,
    0x00, 0x00, 0x00, 0x00, 0x00, 0x00, 0x00, 0x00, 0x00, 0x00, 0x00, 0x00, 0x00, 0x00, 0x00, 0x00,
    0x00, 0x00, 0x00, 0x00, 0x00, 0x00, 0x00, 0x00, 0x00, 0x00, 0x00, 0x00, 0x00, 0x00, 0x00, 0x00,
    0x00, 0x00, 0x00, 0x00, 0x00, 0x00, 0x00, 0x00, 0x00, 0x00, 0x00, 0x00, 0x00, 0x00, 0x00, 0x00,
    0x00, 0x00, 0x00, 0x00, 0x00, 0x00, 0x00, 0x00, 0x00, 0x00, 0x00, 0x00, 0x00, 0x00, 0x00, 0x00,
    0x00, 0x00, 0x00, 0x00, 0x00, 0x00, 0x00, 0x00, 0x00, 0x05, 0x40, 0x00, 0xfd, 0xff, 0x00, 0xff,
    0xff, 0x00, 0xff, 0xff, 0x00, 0xff, 0xff, 0x00, 0xff, 0xff, 0x00, 0xff, 0xff, 0x00, 0xff, 0xff,
    0x00, 0xff, 0xff, 0x00, 0xff, 0xff, 0x00, 0xff, 0xff, 0x00, 0xff, 0xff, 0x00, 0xff, 0xff, 0x00,
    0xff, 0xff, 0x00, 0xff, 0xff, 0x00, 0xff, 0xff, 0x00, 0xc7, 0x37, 0x00, 0x00, 0x00, 0x00, 0x00,
    0x00, 0x00, 0x00, 0x00, 0x00, 0x00, 0x00, 0x00, 0x00, 0x00, 0x00, 0x00, 0x00, 0x00, 0x00, 0x0f,
    0x00, 0xe3, 0xfe, 0x00, 0xff, 0xff, 0x00, 0xff, 0xff, 0x00, 0xff, 0xff, 0x00, 0xff, 0xff, 0x00,
    0xff, 0xff, 0x00, 0xff, 0xff, 0x00, 0xff, 0xff, 0x00, 0xff, 0xff, 0x00, 0xff, 0xff, 0x00, 0xff,
    0xff, 0x00, 0xff, 0xff, 0x00, 0xff, 0xff, 0x00, 0xff, 0xff, 0x00, 0xff, 0xfd, 0x00, 0x58, 0x0a,
    0x00, 0x00, 0x00, 0x00, 0x00, 0x00, 0x00, 0x00, 0x00, 0x00, 0x00, 0x00, 0x00, 0x00, 0x00, 0x00,
    0x00, 0x00, 0x00, 0x00, 0x00, 0x00, 0x00, 0x00, 0x00, 0x00, 0x00, 0x00, 0x00, 0x00, 0x00, 0x00,
    0x00, 0x00, 0x00, 0x00, 0x00, 0x00, 0x00, 0x00, 0x00, 0x00, 0x00, 0x00, 0x00, 0x00, 0x00, 0x00,
    0x00, 0x00, 0x00, 0x00, 0x00, 0x00, 0x00, 0x00, 0x00, 0x00, 0x00, 0x00, 0x00, 0x00, 0x00, 0x00,
    0x00, 0x00, 0x00, 0x00, 0x00, 0x00, 0x00, 0x00, 0x00, 0x00, 0x00, 0x00, 0x00, 0x00, 0x00, 0x00,
    0x00, 0x00, 0x00, 0x00, 0x00, 0x00, 0x00, 0x00, 0x00, 0x00, 0x00, 0x22, 0x91, 0x00, 0xfe, 0xff,
    0x00, 0xff, 0xff, 0x00, 0xff, 0xff, 0x00, 0xff, 0xff, 0x00, 0xff, 0xff, 0x00, 0xff, 0xff, 0x00,
    0xff, 0xff, 0x00, 0xff, 0xff, 0x00, 0xff, 0xff, 0x00, 0xff, 0xff, 0x00, 0xff, 0xff, 0x00, 0xff,
    0xff, 0x00, 0xff, 0xff, 0x00, 0xe6, 0x7d, 0x00, 0x01, 0x00, 0x00, 0x00, 0x00, 0x00, 0x00, 0x00,
    0x00, 0x00, 0x00, 0x00, 0x00, 0x00, 0x00, 0x00, 0x00, 0x00, 0x00, 0x00, 0x00, 0x00, 0x00, 0x00,
    0x02, 0x28, 0x00, 0xe9, 0xfe, 0x00, 0xff, 0xff, 0x00, 0xff, 0xff, 0x00, 0xff, 0xff, 0x00, 0xff,
    0xff, 0x00, 0xff, 0xff, 0x00, 0xff, 0xff, 0x00, 0xff, 0xff, 0x00, 0xff, 0xff, 0x00, 0xff, 0xff,
    0x00, 0xff, 0xff, 0x00, 0xff, 0xff, 0x00, 0xff, 0xfd, 0x00, 0x85, 0x20, 0x00, 0x00, 0x00, 0x00,
    0x00, 0x00, 0x00, 0x00, 0x00, 0x00, 0x00, 0x00, 0x00, 0x00, 0x00, 0x00, 0x00, 0x00, 0x00, 0x00,
    0x00, 0x00, 0x00, 0x00, 0x00, 0x00, 0x00, 0x00, 0x00, 0x00, 0x00, 0x00, 0x00, 0x00, 0x00, 0x00,
    0x00, 0x00, 0x00, 0x00, 0x00, 0x00, 0x00, 0x00, 0x00, 0x00, 0x00, 0x00, 0x00, 0x00, 0x00, 0x00,
    0x00, 0x00, 0x00, 0x00, 0x00, 0x00, 0x00, 0x00, 0x00, 0x00, 0x00, 0x00, 0x00, 0x00, 0x00, 0x00,
    0x00, 0x00, 0x00, 0x00, 0x00, 0x00, 0x00, 0x00, 0x00, 0x00, 0x00, 0x00, 0x00, 0x00, 0x00, 0x00,
    0x00, 0x00, 0x00, 0x00, 0x00, 0x00, 0x00, 0x00, 0x00, 0x00, 0x00, 0x00, 0x00, 0x1b, 0x76, 0x00,
    0xfb, 0xff, 0x00, 0xff, 0xff, 0x00, 0xff, 0xff, 0x00, 0xff, 0xff, 0x00, 0xff, 0xff, 0x00, 0xff,
    0xff, 0x00, 0xff, 0xff, 0x00, 0xff, 0xff, 0x00, 0xff, 0xff, 0x00, 0xff, 0xff, 0x00, 0xff, 0xff,
    0x00, 0xca, 0x61, 0x00, 0x00, 0x00, 0x00, 0x00, 0x00, 0x00, 0x00, 0x00, 0x00, 0x00, 0x00, 0x00,
    0x00, 0x00, 0x00, 0x00, 0x00, 0x00, 0x00, 0x00, 0x00, 0x00, 0x00, 0x00, 0x00, 0x00, 0x00, 0x00,
    0x00, 0x00, 0x00, 0x12, 0x00, 0xb9, 0xf4, 0x00, 0xff, 0xff, 0x00, 0xff, 0xff, 0x00, 0xff, 0xff,
    0x00, 0xff, 0xff, 0x00, 0xff, 0xff, 0x00, 0xff, 0xff, 0x00, 0xff, 0xff, 0x00, 0xff, 0xff, 0x00,
    0xff, 0xff, 0x00, 0xfe, 0xef, 0x00, 0x47, 0x08, 0x00, 0x00, 0x00, 0x00, 0x00, 0x00, 0x00, 0x00,
    0x00, 0x00, 0x00, 0x00, 0x00, 0x00, 0x00, 0x00, 0x00, 0x00, 0x00, 0x00, 0x00, 0x00, 0x00, 0x00,
    0x00, 0x00, 0x00, 0x00, 0x00, 0x00, 0x00, 0x00, 0x00, 0x00, 0x00, 0x00, 0x00, 0x00, 0x00, 0x00,
    0x00, 0x00, 0x00, 0x00, 0x00, 0x00, 0x00, 0x00, 0x00, 0x00, 0x00, 0x00, 0x00, 0x00, 0x00, 0x00,
    0x00, 0x00, 0x00, 0x00, 0x00, 0x00, 0x00, 0x00, 0x00, 0x00, 0x00, 0x00, 0x00, 0x00, 0x00, 0x00,
    0x00, 0x00, 0x00, 0x00, 0x00, 0x00, 0x00, 0x00, 0x00, 0x00, 0x00, 0x00, 0x00, 0x00, 0x00, 0x00,
    0x00, 0x00, 0x00, 0x00, 0x00, 0x00, 0x00, 0x00, 0x00, 0x00, 0x00, 0x00, 0x00, 0x00, 0x00, 0x02,
    0x15, 0x00, 0x8d, 0xd2, 0x00, 0xfc, 0xfe, 0x00, 0xff, 0xff, 0x00, 0xff, 0xff, 0x00, 0xff, 0xff,
    0x00, 0xff, 0xff, 0x00, 0xff, 0xff, 0x00, 0xff, 0xfe, 0x00, 0xf0, 0xca, 0x00, 0x3b, 0x10, 0x00,
    0x00, 0x00, 0x00, 0x00, 0x00, 0x00, 0x00, 0x00, 0x00, 0x00, 0x00, 0x00, 0x00, 0x00, 0x00, 0x00,
    0x00, 0x00, 0x00, 0x00, 0x00, 0x00, 0x00, 0x00, 0x00, 0x00, 0x00, 0x00, 0x00, 0x00, 0x00, 0x00,
    0x00, 0x00, 0x00, 0x00, 0x00, 0x00, 0x00, 0x16, 0x31, 0x00, 0xb2, 0xd8, 0x00, 0xf8, 0xfa, 0x00,
    0xfd, 0xfe, 0x00, 0xff, 0xff, 0x00, 0xfe, 0xfe, 0x00, 0xfc, 0xfa, 0x00, 0xed, 0xd4, 0x00, 0x59,
    0x2a, 0x00, 0x02, 0x00, 0x00, 0x00, 0x00, 0x00, 0x00, 0x00, 0x00, 0x00, 0x00, 0x00, 0x00, 0x00,
    0x00, 0x00, 0x00, 0x00, 0x00, 0x00, 0x00, 0x00, 0x00, 0x00, 0x00, 0x00, 0x00, 0x00, 0x00, 0x00,
    0x00, 0x00, 0x00, 0x00, 0x00, 0x00, 0x00, 0x00, 0x00, 0x00, 0x00, 0x00, 0x00, 0x00, 0x00, 0x00,
    0x00, 0x00, 0x00, 0x00, 0x00, 0x00, 0x00, 0x00, 0x00, 0x00, 0x00, 0x00, 0x00, 0x00, 0x00, 0x00,
    0x00, 0x00, 0x00, 0x00, 0x00, 0x00, 0x00, 0x00, 0x00, 0x00, 0x00, 0x00, 0x00, 0x00, 0x00, 0x00,
    0x00, 0x00, 0x00, 0x00, 0x00, 0x00, 0x00, 0x00, 0x00, 0x00, 0x00, 0x00,
};
static const lv_image_dsc_t melt_img_39 = {
    .header.magic = LV_IMAGE_HEADER_MAGIC,
    .header.cf = LV_COLOR_FORMAT_A8,
    .header.flags = 0,
    .header.w = 69,
    .header.h = 108,
    .header.stride = 69,
    .data_size = sizeof melt_img_39_px,
    .data = melt_img_39_px,
};

static const uint8_t melt_img_40_px[] __attribute__((aligned(4))) = {
    0x00, 0x00, 0x00, 0x00, 0x00, 0x00, 0x00, 0x00, 0x00, 0x00, 0x00, 0x00, 0x00, 0x00, 0x00, 0x00,
    0x00, 0x00, 0x00, 0x00, 0x00, 0x00, 0x00, 0x00, 0x00, 0x00, 0x00, 0x0d, 0x46, 0x00, 0xbe, 0xc0,
    0x00, 0xc0, 0xc0, 0x00, 0xc0, 0xc0, 0x00, 0xc0, 0xc0, 0x00, 0xc0, 0xc0, 0x00, 0xc0, 0xc0, 0x00,
    0xc0, 0xbe, 0x00, 0x00, 0x00, 0x00, 0x00, 0x00, 0x00, 0x00, 0x00, 0x00, 0x00, 0x00, 0x00, 0x00,
    0x00, 0x00, 0x00, 0x00, 0x00, 0x00, 0x00, 0x00, 0x00, 0x00, 0x00, 0x00, 0x02, 0x00, 0x66, 0xc9,
    0x00, 0xfb, 0xfb, 0x00, 0xfb, 0xfb, 0x00, 0xfb, 0xfb, 0x00, 0xfb, 0xfb, 0x00, 0xfb, 0xfb, 0x00,
    0xfb, 0xfb, 0x00, 0xfb, 0xf9, 0x00, 0x00, 0x00, 0x00, 0x00, 0x00, 0x00, 0x00, 0x00, 0x00, 0x00,
    0x00, 0x00, 0x00, 0x00, 0x00, 0x00, 0x00, 0x00, 0x00, 0x00, 0x00, 0x00, 0x00, 0x00, 0x00, 0x00,
    0x00, 0x00, 0x00, 0x00, 0x00, 0x00, 0x00, 0x00, 0x00, 0x00, 0x00, 0x00, 0x00, 0x00, 0x00, 0x00,
    0x00, 0x00, 0x00, 0x00, 0x00, 0x00, 0x00, 0x00, 0x00, 0x00, 0x00, 0x00, 0x00, 0x00, 0x00, 0x00,
    0x00, 0x00, 0x00, 0x00, 0x00, 0x00, 0x00, 0x00, 0x00, 0x00, 0x00, 0x00, 0x00, 0x00, 0x00, 0x00,
    0x00, 0x4c, 0xaf, 0x00, 0xfe, 0xff, 0x00, 0xff, 0xff, 0x00, 0xff, 0xff, 0x00, 0xff, 0xff, 0x00,
    0xff, 0xff, 0x00, 0xff, 0xff, 0x00, 0xff, 0xff, 0x00, 0xff, 0xfd, 0x00, 0x00, 0x00, 0x00, 0x00,
    0x00, 0x00, 0x00, 0x00, 0x00, 0x00, 0x00, 0x00, 0x00, 0x00, 0x00, 0x00, 0x00, 0x00, 0x00, 0x00,
    0x00, 0x04, 0x1c, 0x00, 0xcd, 0xf9, 0x00, 0xff, 0xff, 0x00, 0xff, 0xff, 0x00, 0xff, 0xff, 0x00,
    0xff, 0xff, 0x00, 0xff, 0xff, 0x00, 0xff, 0xff, 0x00, 0xff, 0xff, 0x00, 0xff, 0xfd, 0x00, 0x00,
    0x00, 0x00, 0x00, 0x00, 0x00, 0x00, 0x00, 0x00, 0x00, 0x00, 0x00, 0x00, 0x00, 0x00, 0x00, 0x00,
    0x00, 0x00, 0x00, 0x00, 0x00, 0x00, 0x00, 0x00, 0x00, 0x00, 0x00, 0x00, 0x00, 0x00, 0x00, 0x00,
    0x00, 0x00, 0x00, 0x00, 0x00, 0x00, 0x00, 0x00, 0x00, 0x00, 0x00, 0x00, 0x00, 0x00, 0x00, 0x00,
    0x00, 0x00, 0x00, 0x00, 0x00, 0x00, 0x00, 0x00, 0x00, 0x00, 0x00, 0x00, 0x00, 0x00, 0x00, 0x00,
    0x00, 0x00, 0x00, 0x00, 0x00, 0x0d, 0x00, 0xb4, 0xf3, 0x00, 0xff, 0xff, 0x00, 0xff, 0xff, 0x00,
    0xff, 0xff, 0x00, 0xff, 0xff, 0x00, 0xff, 0xff, 0x00, 0xff, 0xff, 0x00, 0xff, 0xff, 0x00, 0xff,
    0xff, 0x00, 0xff, 0xfd, 0x00, 0x00, 0x00, 0x00, 0x00, 0x00, 0x00, 0x00, 0x00, 0x00, 0x00, 0x00,
    0x00, 0x00, 0x00, 0x00, 0x00, 0x00, 0x00, 0x22, 0x6b, 0x00, 0xfb, 0xff, 0x00, 0xff, 0xff, 0x00,
    0xff, 0xff, 0x00, 0xff, 0xff, 0x00, 0xff, 0xff, 0x00, 0xff, 0xff, 0x00, 0xff, 0xff, 0x00, 0xff,
    0xff, 0x00, 0xff, 0xff, 0x00, 0xff, 0xfd, 0x00, 0x00, 0x00, 0x00, 0x00, 0x00, 0x00, 0x00, 0x00,
    0x00, 0x00, 0x00, 0x00, 0x00, 0x00, 0x00, 0x00, 0x00, 0x00, 0x00, 0x00, 0x00, 0x00, 0x00, 0x00,
    0x00, 0x00, 0x00, 0x00, 0x00, 0x00, 0x00, 0x00, 0x00, 0x00, 0x00, 0x00, 0x00, 0x00, 0x00, 0x00,
    0x00, 0x00, 0x00, 0x00, 0x00, 0x00, 0x00, 0x00, 0x00, 0x00, 0x00, 0x00, 0x00, 0x00, 0x00, 0x00,
    0x00, 0x00, 0x00, 0x00, 0x00, 0x00, 0x00, 0x00, 0x00, 0x00, 0x08, 0x5a, 0x00, 0xf3, 0xff, 0x00,
    0xff, 0xff, 0x00, 0xff, 0xff, 0x00, 0xff, 0xff, 0x00, 0xff, 0xff, 0x00, 0xff, 0xff, 0x00, 0xff,
    0xff, 0x00, 0xff, 0xff, 0x00, 0xff, 0xff, 0x00, 0xff, 0xff, 0x00, 0xff, 0xfd, 0x00, 0x00, 0x00,
    0x00, 0x00, 0x00, 0x00, 0x00, 0x00, 0x00, 0x00, 0x00, 0x00, 0x00, 0x02, 0x00, 0x78, 0xd3, 0x00,
    0xff, 0xff, 0x00, 0xff, 0xff, 0x00, 0xff, 0xff, 0x00, 0xff, 0xff, 0x00, 0xff, 0xff, 0x00, 0xff,
    0xff, 0x00, 0xff, 0xff, 0x00, 0xff, 0xff, 0x00, 0xff, 0xff, 0x00, 0xff, 0xff, 0x00, 0xff, 0xfd,
    0x00, 0x00, 0x00, 0x00, 0x00, 0x00, 0x00, 0x00, 0x00, 0x00, 0x00, 0x00, 0x00, 0x00, 0x00, 0x00,
    0x00, 0x00, 0x00, 0x00, 0x00, 0x00, 0x00, 0x00, 0x00, 0x00, 0x00, 0x00, 0x00, 0x00, 0x00, 0x00,
    0x00, 0x00, 0x00, 0x00, 0x00, 0x00, 0x00, 0x00, 0x00, 0x00, 0x00, 0x00, 0x00, 0x00, 0x00, 0x00,
    0x00, 0x00, 0x00, 0x00, 0x00, 0x00, 0x00, 0x00, 0x00, 0x00, 0x00, 0x00, 0x00, 0x00, 0x01, 0x00,
    0x62, 0xc2, 0x00, 0xfe, 0xff, 0x00, 0xff, 0xff, 0x00, 0xff, 0xff, 0x00, 0xff, 0xff, 0x00, 0xff,
    0xff, 0x00, 0xff, 0xff, 0x00, 0xff, 0xff, 0x00, 0xff, 0xff, 0x00, 0xff, 0xff, 0x00, 0xff, 0xff,
    0x00, 0xff, 0xff, 0x00, 0xff, 0xfd, 0x00, 0x00, 0x00, 0x00, 0x00, 0x00, 0x00, 0x00, 0x00, 0x00,
    0x03, 0x2d, 0x00, 0xd8, 0xfa, 0x00, 0xff, 0xff, 0x00, 0xff, 0xff, 0x00, 0xff, 0xff, 0x00, 0xff,
    0xff, 0x00, 0xff, 0xff, 0x00, 0xff, 0xff, 0x00, 0xff, 0xff, 0x00, 0xff, 0xff, 0x00, 0xff, 0xff,
    0x00, 0xff, 0xff, 0x00, 0xff, 0xff, 0x00, 0xff, 0xfd, 0x00, 0x00, 0x00, 0x00, 0x00, 0x00, 0x00,
    0x00, 0x00, 0x00, 0x00, 0x00, 0x00, 0x00, 0x00, 0x00, 0x00, 0x00, 0x00, 0x00, 0x00, 0x00, 0x00,
    0x00, 0x00, 0x00, 0x00, 0x00, 0x00, 0x00, 0x00, 0x00, 0x00, 0x00, 0x00, 0x00, 0x00, 0x00, 0x00,
    0x00, 0x00, 0x00, 0x00, 0x00, 0x00, 0x00, 0x00, 0x00, 0x00, 0x00, 0x00, 0x00, 0x00, 0x00, 0x00,
    0x00, 0x00, 0x00, 0x03, 0x18, 0x00, 0xc9, 0xf6, 0x00, 0xff, 0xff, 0x00, 0xff, 0xff, 0x00, 0xff,
    0xff, 0x00, 0xff, 0xff, 0x00, 0xff, 0xff, 0x00, 0xff, 0xff, 0x00, 0xff, 0xff, 0x00, 0xff, 0xff,
    0x00, 0xff, 0xff, 0x00, 0xff, 0xff, 0x00, 0xff, 0xff, 0x00, 0xff, 0xff, 0x00, 0xff, 0xfd, 0x00,
    0x00, 0x00, 0x00, 0x00, 0x00, 0x00, 0x2f, 0x90, 0x00, 0xfb, 0xff, 0x00, 0xff, 0xff, 0x00, 0xff,
    0xff, 0x00, 0xff, 0xff, 0x00, 0xff, 0xff, 0x00, 0xff, 0xff, 0x00, 0xff, 0xff, 0x00, 0xff, 0xff,
    0x00, 0xff, 0xff, 0x00, 0xff, 0xff, 0x00, 0xff, 0xff, 0x00, 0xff, 0xff, 0x00, 0xff, 0xff, 0x00,
    0xff, 0xfd, 0x00, 0x00, 0x00, 0x00, 0x00, 0x00, 0x00, 0x00, 0x00, 0x00, 0x00, 0x00, 0x00, 0x00,
    0x00, 0x00, 0x00, 0x00, 0x00, 0x00, 0x00, 0x00, 0x00, 0x00, 0x00, 0x00, 0x00, 0x00, 0x00, 0x00,
    0x00, 0x00, 0x00, 0x00, 0x00, 0x00, 0x00, 0x00, 0x00, 0x00, 0x00, 0x00, 0x00, 0x00, 0x00, 0x00,
    0x00, 0x00, 0x00, 0x00, 0x00, 0x00, 0x00, 0x00, 0x00, 0x20, 0x6d, 0x00, 0xf8, 0xff, 0x00, 0xff,
    0xff, 0x00, 0xff, 0xff, 0x00, 0xff, 0xff, 0x00, 0xff, 0xff, 0x00, 0xff, 0xff, 0x00, 0xff, 0xff,
    0x00, 0xff, 0xff, 0x00, 0xff, 0xff, 0x00, 0xff, 0xff, 0x00, 0xff, 0xff, 0x00, 0xff, 0xff, 0x00,
    0xff, 0xff, 0x00, 0xff, 0xff, 0x00, 0xff, 0xfd, 0x00, 0x00, 0x05, 0x00, 0x96, 0xe5, 0x00, 0xff,
    0xff, 0x00, 0xff, 0xff, 0x00, 0xff, 0xff, 0x00, 0xff, 0xff, 0x00, 0xff, 0xff, 0x00, 0xff, 0xff,
    0x00, 0xff, 0xff, 0x00, 0xff, 0xff, 0x00, 0xff, 0xff, 0x00, 0xff, 0xff, 0x00, 0xff, 0xff, 0x00,
    0xff, 0xff, 0x00, 0xff, 0xff, 0x00, 0xff, 0xff, 0x00, 0xff, 0xfd, 0x00, 0x00, 0x00, 0x00, 0x00,
    0x00, 0x00, 0x00, 0x00, 0x00, 0x00, 0x00, 0x00, 0x00, 0x00, 0x00, 0x00, 0x00, 0x00, 0x00, 0x00,
    0x00, 0x00, 0x00, 0x00, 0x00, 0x00, 0x00, 0x00, 0x00, 0x00, 0x00, 0x00, 0x00, 0x00, 0x00, 0x00,
    0x00, 0x00, 0x00, 0x00, 0x00, 0x00, 0x00, 0x00, 0x00, 0x00, 0x00, 0x00, 0x00, 0x00, 0x00, 0x64,
    0xd2, 0x00, 0xff, 0xff, 0x00, 0xff, 0xff, 0x00, 0xff, 0xff, 0x00, 0xff, 0xff, 0x00, 0xff, 0xff,
    0x00, 0xff, 0xff, 0x00, 0xff, 0xff, 0x00, 0xff, 0xff, 0x00, 0xff, 0xff, 0x00, 0xff, 0xff, 0x00,
    0xff, 0xff, 0x00, 0xff, 0xff, 0x00, 0xff, 0xff, 0x00, 0xff, 0xff, 0x00, 0xff, 0xff, 0x00, 0xff,
    0xfd, 0x00, 0x85, 0xef, 0x00, 0xff, 0xff, 0x00, 0xff, 0xff, 0x00, 0xff, 0xff, 0x00, 0xff, 0xff,
    0x00, 0xff, 0xff, 0x00, 0xff, 0xff, 0x00, 0xff, 0xff, 0x00, 0xff, 0xff, 0x00, 0xff, 0xff, 0x00,
    0xff, 0xff, 0x00, 0xff, 0xff, 0x00, 0xff, 0xff, 0x00, 0xff, 0xff, 0x00, 0xff, 0xff, 0x00, 0xff,
    0xff, 0x00, 0xff, 0xfd, 0x00, 0x00, 0x00, 0x00, 0x00, 0x00, 0x00, 0x00, 0x00, 0x00, 0x00, 0x00,
    0x00, 0x00, 0x00, 0x00, 0x00, 0x00, 0x00, 0x00, 0x00, 0x00, 0x00, 0x00, 0x00, 0x00, 0x00, 0x00,
    0x00, 0x00, 0x00, 0x00, 0x00, 0x00, 0x00, 0x00, 0x00, 0x00, 0x00, 0x00, 0x00, 0x00, 0x00, 0x00,
    0x00, 0x00, 0x00, 0x00, 0x00, 0x00, 0x00, 0x00, 0x0e, 0x71, 0x00, 0xfe, 0xff, 0x00, 0xff, 0xff,
    0x00, 0xff, 0xff, 0x00, 0xff, 0xff, 0x00, 0xff, 0xff, 0x00, 0xff, 0xff, 0x00, 0xff, 0xff, 0x00,
    0xff, 0xff, 0x00, 0xff, 0xff, 0x00, 0xff, 0xff, 0x00, 0xff, 0xff, 0x00, 0xff, 0xff, 0x00, 0xff,
    0xff, 0x00, 0xff, 0xff, 0x00, 0xff, 0xff, 0x00, 0xff, 0xfd, 0x00, 0x00, 0x1f, 0x00, 0xfb, 0xff,
    0x00, 0xff, 0xff, 0x00, 0xff, 0xff, 0x00, 0xff, 0xff, 0x00, 0xff, 0xff, 0x00, 0xff, 0xff, 0x00,
    0xff, 0xff, 0x00, 0xff, 0xff, 0x00, 0xff, 0xff, 0x00, 0xff, 0xff, 0x00, 0xff, 0xff, 0x00, 0xff,
    0xff, 0x00, 0xff, 0xff, 0x00, 0xff, 0xff, 0x00, 0xff, 0xff, 0x00, 0xff, 0xfd, 0x00, 0x00, 0x00,
    0x00, 0x00, 0x00, 0x00, 0x00, 0x00, 0x00, 0x00, 0x00, 0x00, 0x00, 0x00, 0x00, 0x00, 0x00, 0x00,
    0x00, 0x00, 0x00, 0x00, 0x00, 0x00, 0x00, 0x00, 0x00, 0x00, 0x00, 0x00, 0x00, 0x00, 0x00, 0x00,
    0x00, 0x00, 0x00, 0x00, 0x00, 0x00, 0x00, 0x00, 0x00, 0x00, 0x00, 0x00, 0x00, 0x00, 0x00, 0x00,
    0x00, 0x00, 0x00, 0x00, 0xa1, 0xf9, 0x00, 0xff, 0xff, 0x00, 0xff, 0xff, 0x00, 0xff, 0xff, 0x00,
    0xff, 0xff, 0x00, 0xff, 0xff, 0x00, 0xff, 0xff, 0x00, 0xff, 0xff, 0x00, 0xff, 0xff, 0x00, 0xff,
    0xff, 0x00, 0xff, 0xff, 0x00, 0xff, 0xff, 0x00, 0xff, 0xff, 0x00, 0xff, 0xff, 0x00, 0xff, 0xff,
    0x00, 0xff, 0xfd, 0x00, 0x00, 0x00, 0x00, 0x4c, 0xd8, 0x00, 0xff, 0xff, 0x00, 0xff, 0xff, 0x00,
    0xff, 0xff, 0x00, 0xff, 0xff, 0x00, 0xff, 0xff, 0x00, 0xff, 0xff, 0x00, 0xff, 0xfe, 0x00, 0xf5,
    0xff, 0x00, 0xff, 0xff, 0x00, 0xff, 0xff, 0x00, 0xff, 0xff, 0x00, 0xff, 0xff, 0x00, 0xff, 0xff,
    0x00, 0xff, 0xff, 0x00, 0xff, 0xfd, 0x00, 0x00, 0x00, 0x00, 0x00, 0x00, 0x00, 0x00, 0x00, 0x00,
    0x00, 0x00, 0x00, 0x00, 0x00, 0x00, 0x00, 0x00, 0x00, 0x00, 0x00, 0x00, 0x00, 0x00, 0x00, 0x00,
    0x00, 0x00, 0x00, 0x00, 0x00, 0x00, 0x00, 0x00, 0x00, 0x00, 0x00, 0x00, 0x00, 0x00, 0x00, 0x00,
    0x00, 0x00, 0x00, 0x00, 0x00, 0x00, 0x00, 0x00, 0x00, 0x00, 0x00, 0x00, 0x00, 0x03, 0x3e, 0x00,
    0xfe, 0xff, 0x00, 0xff, 0xff, 0x00, 0xff, 0xff, 0x00, 0xff, 0xff, 0x00, 0xff, 0xff, 0x00, 0xff,
    0xfe, 0x00, 0xac, 0x4b, 0x00, 0xd7, 0xff, 0x00, 0xff, 0xff, 0x00, 0xff, 0xff, 0x00, 0xff, 0xff,
    0x00, 0xff, 0xff, 0x00, 0xff, 0xff, 0x00, 0xff, 0xff, 0x00, 0xff, 0xfd, 0x00, 0x00, 0x00, 0x00,
    0x00, 0x0d, 0x00, 0xee, 0xff, 0x00, 0xff, 0xff, 0x00, 0xff, 0xff, 0x00, 0xff, 0xff, 0x00, 0xff,
    0xff, 0x00, 0xfc, 0xe3, 0x00, 0x28, 0x08, 0x00, 0xd7, 0xff, 0x00, 0xff, 0xff, 0x00, 0xff, 0xff,
    0x00, 0xff, 0xff, 0x00, 0xff, 0xff, 0x00, 0xff, 0xff, 0x00, 0xff, 0xff, 0x00, 0xff, 0xfd, 0x00,
    0x00, 0x00, 0x00, 0x00, 0x00, 0x00, 0x00, 0x00, 0x00, 0x00, 0x00, 0x00, 0x00, 0x00, 0x00, 0x00,
    0x00, 0x00, 0x00, 0x00, 0x00, 0x00, 0x00, 0x00, 0x00, 0x00, 0x00, 0x00, 0x00, 0x00, 0x00, 0x00,
    0x00, 0x00, 0x00, 0x00, 0x00, 0x00, 0x00, 0x00, 0x00, 0x00, 0x00, 0x00, 0x00, 0x00, 0x00, 0x00,
    0x00, 0x00, 0x00, 0x00, 0x00, 0x00, 0x00, 0x00, 0x00, 0x5e, 0xe3, 0x00, 0xff, 0xff, 0x00, 0xff,
    0xff, 0x00, 0xff, 0xff, 0x00, 0xfe, 0xf1, 0x00, 0x4e, 0x11, 0x00, 0x00, 0x00, 0x00, 0xd7, 0xff,
    0x00, 0xff, 0xff, 0x00, 0xff, 0xff, 0x00, 0xff, 0xff, 0x00, 0xff, 0xff, 0x00, 0xff, 0xff, 0x00,
    0xff, 0xff, 0x00, 0xff, 0xfd, 0x00, 0x00, 0x00, 0x00, 0x00, 0x00, 0x00, 0x25, 0xa1, 0x00, 0xff,
    0xff, 0x00, 0xff, 0xff, 0x00, 0xff, 0xff, 0x00, 0xe6, 0x94, 0x00, 0x09, 0x00, 0x00, 0x00, 0x00,
    0x00, 0xd7, 0xff, 0x00, 0xff, 0xff, 0x00, 0xff, 0xff, 0x00, 0xff, 0xff, 0x00, 0xff, 0xff, 0x00,
    0xff, 0xff, 0x00, 0xff, 0xff, 0x00, 0xff, 0xfd, 0x00, 0x00, 0x00, 0x00, 0x00, 0x00, 0x00, 0x00,
    0x00, 0x00, 0x00, 0x00, 0x00, 0x00, 0x00, 0x00, 0x00, 0x00, 0x00, 0x00, 0x00, 0x00, 0x00, 0x00,
    0x00, 0x00, 0x00, 0x00, 0x00, 0x00, 0x00, 0x00, 0x00, 0x00, 0x00, 0x00, 0x00, 0x00, 0x00, 0x00,
    0x00, 0x00, 0x00, 0x00, 0x00, 0x00, 0x00, 0x00, 0x00, 0x00, 0x00, 0x00, 0x00, 0x00, 0x00, 0x00,
    0x00, 0x00, 0x00, 0x17, 0x00, 0xf3, 0xff, 0x00, 0xff, 0xff, 0x00, 0xf1, 0xb8, 0x00, 0x12, 0x01,
    0x00, 0x00, 0x00, 0x00, 0x00, 0x00, 0x00, 0xd7, 0xff, 0x00, 0xff, 0xff, 0x00, 0xff, 0xff, 0x00,
    0xff, 0xff, 0x00, 0xff, 0xff, 0x00, 0xff, 0xff, 0x00, 0xff, 0xff, 0x00, 0xff, 0xfd, 0x00, 0x00,
    0x00, 0x00, 0x00, 0x00, 0x00, 0x00, 0x02, 0x00, 0xc7, 0xfd, 0x00, 0xff, 0xfc, 0x00, 0x9c, 0x26,
    0x00, 0x01, 0x00, 0x00, 0x00, 0x00, 0x00, 0x00, 0x00, 0x00, 0xd7, 0xff, 0x00, 0xff, 0xff, 0x00,
    0xff, 0xff, 0x00, 0xff, 0xff, 0x00, 0xff, 0xff, 0x00, 0xff, 0xff, 0x00, 0xff, 0xff, 0x00, 0xff,
    0xfd, 0x00, 0x00, 0x00, 0x00, 0x00, 0x00, 0x00, 0x00, 0x00, 0x00, 0x00, 0x00, 0x00, 0x00, 0x00,
    0x00, 0x00, 0x00, 0x00, 0x00, 0x00, 0x00, 0x00, 0x00, 0x00, 0x00, 0x00, 0x00, 0x00, 0x00, 0x00,
    0x00, 0x00, 0x00, 0x00, 0x00, 0x00, 0x00, 0x00, 0x00, 0x00, 0x00, 0x00, 0x00, 0x00, 0x00, 0x00,
    0x00, 0x00, 0x00, 0x00, 0x00, 0x00, 0x00, 0x00, 0x00, 0x00, 0x00, 0x00, 0x00, 0x00, 0x35, 0xb9,
    0x00, 0xbb, 0x59, 0x00, 0x01, 0x00, 0x00, 0x00, 0x00, 0x00, 0x00, 0x00, 0x00, 0x00, 0x00, 0x00,
    0xd7, 0xff, 0x00, 0xff, 0xff, 0x00, 0xff, 0xff, 0x00, 0xff, 0xff, 0x00, 0xff, 0xff, 0x00, 0xff,
    0xff, 0x00, 0xff, 0xff, 0x00, 0xff, 0xfd, 0x00, 0x00, 0x00, 0x00, 0x00, 0x00, 0x00, 0x00, 0x00,
    0x00, 0x02, 0x5b, 0x00, 0x33, 0x06, 0x00, 0x00, 0x00, 0x00, 0x00, 0x00, 0x00, 0x00, 0x00, 0x00,
    0x00, 0x00, 0x00, 0xd7, 0xff, 0x00, 0xff, 0xff, 0x00, 0xff, 0xff, 0x00, 0xff, 0xff, 0x00, 0xff,
    0xff, 0x00, 0xff, 0xff, 0x00, 0xff, 0xff, 0x00, 0xff, 0xfd, 0x00, 0x00, 0x00, 0x00, 0x00, 0x00,
    0x00, 0x00, 0x00, 0x00, 0x00, 0x00, 0x00, 0x00, 0x00, 0x00, 0x00, 0x00, 0x00, 0x00, 0x00, 0x00,
    0x00, 0x00, 0x00, 0x00, 0x00, 0x00, 0x00, 0x00, 0x00, 0x00, 0x00, 0x00, 0x00, 0x00, 0x00, 0x00,
    0x00, 0x00, 0x00, 0x00, 0x00, 0x00, 0x00, 0x00, 0x00, 0x00, 0x00, 0x00, 0x00, 0x00, 0x00, 0x00,
    0x00, 0x00, 0x00, 0x00, 0x00, 0x00, 0x00, 0x00, 0x00, 0x00, 0x00, 0x00, 0x00, 0x00, 0x00, 0x00,
    0x00, 0x00, 0x00, 0x00, 0x00, 0x00, 0x00, 0x00, 0x00, 0xd7, 0xff, 0x00, 0xff, 0xff, 0x00, 0xff,
    0xff, 0x00, 0xff, 0xff, 0x00, 0xff, 0xff, 0x00, 0xff, 0xff, 0x00, 0xff, 0xff, 0x00, 0xff, 0xfd,
    0x00, 0x00, 0x00, 0x00, 0x00, 0x00, 0x00, 0x00, 0x00, 0x00, 0x00, 0x00, 0x00, 0x00, 0x00, 0x00,
    0x00, 0x00, 0x00, 0x00, 0x00, 0x00, 0x00, 0x00, 0x00, 0x00, 0x00, 0x00, 0xd7, 0xff, 0x00, 0xff,
    0xff, 0x00, 0xff, 0xff, 0x00, 0xff, 0xff, 0x00, 0xff, 0xff, 0x00, 0xff, 0xff, 0x00, 0xff, 0xff,
    0x00, 0xff, 0xfd, 0x00, 0x00, 0x00, 0x00, 0x00, 0x00, 0x00, 0x00, 0x00, 0x00, 0x00, 0x00, 0x00,
    0x00, 0x00, 0x00, 0x00, 0x00, 0x00, 0x00, 0x00, 0x00, 0x00, 0x00, 0x00, 0x00, 0x00, 0x00, 0x00,
    0x00, 0x00, 0x00, 0x00, 0x00, 0x00, 0x00, 0x00, 0x00, 0x00, 0x00, 0x00, 0x00, 0x00, 0x00, 0x00,
    0x00, 0x00, 0x00, 0x00, 0x00, 0x00, 0x00, 0x00, 0x00, 0x00, 0x00, 0x00, 0x00, 0x00, 0x00, 0x00,
    0x00, 0x00, 0x00, 0x00, 0x00, 0x00, 0x00, 0x00, 0x00, 0x00, 0x00, 0x00, 0x00, 0x00, 0x00, 0x00,
    0x00, 0x00, 0xd7, 0xff, 0x00, 0xff, 0xff, 0x00, 0xff, 0xff, 0x00, 0xff, 0xff, 0x00, 0xff, 0xff,
    0x00, 0xff, 0xff, 0x00, 0xff, 0xff, 0x00, 0xff, 0xfd, 0x00, 0x00, 0x00, 0x00, 0x00, 0x00, 0x00,
    0x00, 0x00, 0x00, 0x00, 0x00, 0x00, 0x00, 0x00, 0x00, 0x00, 0x00, 0x00, 0x00, 0x00, 0x00, 0x00,
    0x00, 0x00, 0x00, 0x00, 0x00, 0xd7, 0xff, 0x00, 0xff, 0xff, 0x00, 0xff, 0xff, 0x00, 0xff, 0xff,
    0x00, 0xff, 0xff, 0x00, 0xff, 0xff, 0x00, 0xff, 0xff, 0x00, 0xff, 0xfd, 0x00, 0x00, 0x00, 0x00,
    0x00, 0x00, 0x00, 0x00, 0x00, 0x00, 0x00, 0x00, 0x00, 0x00, 0x00, 0x00, 0x00, 0x00, 0x00, 0x00,
    0x00, 0x00, 0x00, 0x00, 0x00, 0x00, 0x00, 0x00, 0x00, 0x00, 0x00, 0x00, 0x00, 0x00, 0x00, 0x00,
    0x00, 0x00, 0x00, 0x00, 0x00, 0x00, 0x00, 0x00, 0x00, 0x00, 0x00, 0x00, 0x00, 0x00, 0x00, 0x00,
    0x00, 0x00, 0x00, 0x00, 0x00, 0x00, 0x00, 0x00, 0x00, 0x00, 0x00, 0x00, 0x00, 0x00, 0x00, 0x00,
    0x00, 0x00, 0x00, 0x00, 0x00, 0x00, 0x00, 0x00, 0x00, 0x00, 0x00, 0xd7, 0xff, 0x00, 0xff, 0xff,
    0x00, 0xff, 0xff, 0x00, 0xff, 0xff, 0x00, 0xff, 0xff, 0x00, 0xff, 0xff, 0x00, 0xff, 0xff, 0x00,
    0xff, 0xfd, 0x00, 0x00, 0x00, 0x00, 0x00, 0x00, 0x00, 0x00, 0x00, 0x00, 0x00, 0x00, 0x00, 0x00,
    0x00, 0x00, 0x00, 0x00, 0x00, 0x00, 0x00, 0x00, 0x00, 0x00, 0x00, 0x00, 0x00, 0x00, 0xd7, 0xff,
    0x00, 0xff, 0xff, 0x00, 0xff, 0xff, 0x00, 0xff, 0xff, 0x00, 0xff, 0xff, 0x00, 0xff, 0xff, 0x00,
    0xff, 0xff, 0x00, 0xff, 0xfd, 0x00, 0x00, 0x00, 0x00, 0x00, 0x00, 0x00, 0x00, 0x00, 0x00, 0x00,
    0x00, 0x00, 0x00, 0x00, 0x00, 0x00, 0x00, 0x00, 0x00, 0x00, 0x00, 0x00, 0x00, 0x00, 0x00, 0x00,
    0x00, 0x00, 0x00, 0x00, 0x00, 0x00, 0x00, 0x00, 0x00, 0x00, 0x00, 0x00, 0x00, 0x00, 0x00, 0x00,
    0x00, 0x00, 0x00, 0x00, 0x00, 0x00, 0x00, 0x00, 0x00, 0x00, 0x00, 0x00, 0x00, 0x00, 0x00, 0x00,
    0x00, 0x00, 0x00, 0x00, 0x00, 0x00, 0x00, 0x00, 0x00, 0x00, 0x00, 0x00, 0x00, 0x00, 0x00, 0x00,
    0x00, 0x00, 0x00, 0x00, 0xd7, 0xff, 0x00, 0xff, 0xff, 0x00, 0xff, 0xff, 0x00, 0xff, 0xff, 0x00,
    0xff, 0xff, 0x00, 0xff, 0xff, 0x00, 0xff, 0xff, 0x00, 0xff, 0xfd, 0x00, 0x00, 0x00, 0x00, 0x00,
    0x00, 0x00, 0x00, 0x00, 0x00, 0x00, 0x00, 0x00, 0x00, 0x00, 0x00, 0x00, 0x00, 0x00, 0x00, 0x00,
    0x00, 0x00, 0x00, 0x00, 0x00, 0x00, 0x00, 0xd7, 0xff, 0x00, 0xff, 0xff, 0x00, 0xff, 0xff, 0x00,
    0xff, 0xff, 0x00, 0xff, 0xff, 0x00, 0xff, 0xff, 0x00, 0xff, 0xff, 0x00, 0xff, 0xfd, 0x00, 0x00,
    0x00, 0x00, 0x00, 0x00, 0x00, 0x00, 0x00, 0x00, 0x00, 0x00, 0x00, 0x00, 0x00, 0x00, 0x00, 0x00,
    0x00, 0x00, 0x00, 0x00, 0x00, 0x00, 0x00, 0x00, 0x00, 0x00, 0x00, 0x00, 0x00, 0x00, 0x00, 0x00,
    0x00, 0x00, 0x00, 0x00, 0x00, 0x00, 0x00, 0x00, 0x00, 0x00, 0x00, 0x00, 0x00, 0x00, 0x00, 0x00,
    0x00, 0x00, 0x00, 0x00, 0x00, 0x00, 0x00, 0x00, 0x00, 0x00, 0x00, 0x00, 0x00, 0x00, 0x00, 0x00,
    0x00, 0x00, 0x00, 0x00, 0x00, 0x00, 0x00, 0x00, 0x00, 0x00, 0x00, 0x00, 0x00, 0xd7, 0xff, 0x00,
    0xff, 0xff, 0x00, 0xff, 0xff, 0x00, 0xff, 0xff, 0x00, 0xff, 0xff, 0x00, 0xff, 0xff, 0x00, 0xff,
    0xff, 0x00, 0xff, 0xfd, 0x00, 0x00, 0x00, 0x00, 0x00, 0x00, 0x00, 0x00, 0x00, 0x00, 0x00, 0x00,
    0x00, 0x00, 0x00, 0x00, 0x00, 0x00, 0x00, 0x00, 0x00, 0x00, 0x00, 0x00, 0x00, 0x00, 0x00, 0x00,
    0xd7, 0xff, 0x00, 0xff, 0xff, 0x00, 0xff, 0xff, 0x00, 0xff, 0xff, 0x00, 0xff, 0xff, 0x00, 0xff,
    0xff, 0x00, 0xff, 0xff, 0x00, 0xff, 0xfd, 0x00, 0x00, 0x00, 0x00, 0x00, 0x00, 0x00, 0x00, 0x00,
    0x00, 0x00, 0x00, 0x00, 0x00, 0x00, 0x00, 0x00, 0x00, 0x00, 0x00, 0x00, 0x00, 0x00, 0x00, 0x00,
    0x00, 0x00, 0x00, 0x00, 0x00, 0x00, 0x00, 0x00, 0x00, 0x00, 0x00, 0x00, 0x00, 0x00, 0x00, 0x00,
    0x00, 0x00, 0x00, 0x00, 0x00, 0x00, 0x00, 0x00, 0x00, 0x00, 0x00, 0x00, 0x00, 0x00, 0x00, 0x00,
    0x00, 0x00, 0x00, 0x00, 0x00, 0x00, 0x00, 0x00, 0x00, 0x00, 0x00, 0x00, 0x00, 0x00, 0x00, 0x00,
    0x00, 0x00, 0x00, 0x00, 0x00, 0x00, 0xd7, 0xff, 0x00, 0xff, 0xff, 0x00, 0xff, 0xff, 0x00, 0xff,
    0xff, 0x00, 0xff, 0xff, 0x00, 0xff, 0xff, 0x00, 0xff, 0xff, 0x00, 0xff, 0xfd, 0x00, 0x00, 0x00,
    0x00, 0x00, 0x00, 0x00, 0x00, 0x00, 0x00, 0x00, 0x00, 0x00, 0x00, 0x00, 0x00, 0x00, 0x00, 0x00,
    0x00, 0x00, 0x00, 0x00, 0x00, 0x00, 0x00, 0x00, 0x00, 0xd7, 0xff, 0x00, 0xff, 0xff, 0x00, 0xff,
    0xff, 0x00, 0xff, 0xff, 0x00, 0xff, 0xff, 0x00, 0xff, 0xff, 0x00, 0xff, 0xff, 0x00, 0xff, 0xfd,
    0x00, 0x00, 0x00, 0x00, 0x00, 0x00, 0x00, 0x00, 0x00, 0x00, 0x00, 0x00, 0x00, 0x00, 0x00, 0x00,
    0x00, 0x00, 0x00, 0x00, 0x00, 0x00, 0x00, 0x00, 0x00, 0x00, 0x00, 0x00, 0x00, 0x00, 0x00, 0x00,
    0x00, 0x00, 0x00, 0x00, 0x00, 0x00, 0x00, 0x00, 0x00, 0x00, 0x00, 0x00, 0x00, 0x00, 0x00, 0x00,
    0x00, 0x00, 0x00, 0x00, 0x00, 0x00, 0x00, 0x00, 0x00, 0x00, 0x00, 0x00, 0x00, 0x00, 0x00, 0x00,
    0x00, 0x00, 0x00, 0x00, 0x00, 0x00, 0x00, 0x00, 0x00, 0x00, 0x00, 0x00, 0x00, 0x00, 0x00, 0xd7,
    0xff, 0x00, 0xff, 0xff, 0x00, 0xff, 0xff, 0x00, 0xff, 0xff, 0x00, 0xff, 0xff, 0x00, 0xff, 0xff,
    0x00, 0xff, 0xff, 0x00, 0xff, 0xfd, 0x00, 0x00, 0x00, 0x00, 0x00, 0x00, 0x00, 0x00, 0x00, 0x00,
    0x00, 0x00, 0x00, 0x00, 0x00, 0x00, 0x00, 0x00, 0x00, 0x00, 0x00, 0x00, 0x00, 0x00, 0x00, 0x00,
    0x00, 0x00, 0xd7, 0xff, 0x00, 0xff, 0xff, 0x00, 0xff, 0xff, 0x00, 0xff, 0xff, 0x00, 0xff, 0xff,
    0x00, 0xff, 0xff, 0x00, 0xff, 0xff, 0x00, 0xff, 0xfd, 0x00, 0x00, 0x00, 0x00, 0x00, 0x00, 0x00,
    0x00, 0x00, 0x00, 0x00, 0x00, 0x00, 0x00, 0x00, 0x00, 0x00, 0x00, 0x00, 0x00, 0x00, 0x00, 0x00,
    0x00, 0x00, 0x00, 0x00, 0x00, 0x00, 0x00, 0x00, 0x00, 0x00, 0x00, 0x00, 0x00, 0x00, 0x00, 0x00,
    0x00, 0x00, 0x00, 0x00, 0x00, 0x00, 0x00, 0x00, 0x00, 0x00, 0x00, 0x00, 0x00, 0x00, 0x00, 0x00,
    0x00, 0x00, 0x00, 0x00, 0x00, 0x00, 0x00, 0x00, 0x00, 0x00, 0x00, 0x00, 0x00, 0x00, 0x00, 0x00,
    0x00, 0x00, 0x00, 0x00, 0x00, 0x00, 0x00, 0x00, 0xd7, 0xff, 0x00, 0xff, 0xff, 0x00, 0xff, 0xff,
    0x00, 0xff, 0xff, 0x00, 0xff, 0xff, 0x00, 0xff, 0xff, 0x00, 0xff, 0xff, 0x00, 0xff, 0xfd, 0x00,
    0x00, 0x00, 0x00, 0x00, 0x00, 0x00, 0x00, 0x00, 0x00, 0x00, 0x00, 0x00, 0x00, 0x00, 0x00, 0x00,
    0x00, 0x00, 0x00, 0x00, 0x00, 0x00, 0x00, 0x00, 0x00, 0x00, 0x00, 0xd7, 0xff, 0x00, 0xff, 0xff,
    0x00, 0xff, 0xff, 0x00, 0xff, 0xff, 0x00, 0xff, 0xff, 0x00, 0xff, 0xff, 0x00, 0xff, 0xff, 0x00,
    0xff, 0xfd, 0x00, 0x00, 0x00, 0x00, 0x00, 0x00, 0x00, 0x00, 0x00, 0x00, 0x00, 0x00, 0x00, 0x00,
    0x00, 0x00, 0x00, 0x00, 0x00, 0x00, 0x00, 0x00, 0x00, 0x00, 0x00, 0x00, 0x00, 0x00, 0x00, 0x00,
    0x00, 0x00, 0x00, 0x00, 0x00, 0x00, 0x00, 0x00, 0x00, 0x00, 0x00, 0x00, 0x00, 0x00, 0x00, 0x00,
    0x00, 0x00, 0x00, 0x00, 0x00, 0x00, 0x00, 0x00, 0x00, 0x00, 0x00, 0x00, 0x00, 0x00, 0x00, 0x00,
    0x00, 0x00, 0x00, 0x00, 0x00, 0x00, 0x00, 0x00, 0x00, 0x00, 0x00, 0x00, 0x00, 0x00, 0x00, 0x00,
    0x00, 0xd7, 0xff, 0x00, 0xff, 0xff, 0x00, 0xff, 0xff, 0x00, 0xff, 0xff, 0x00, 0xff, 0xff, 0x00,
    0xff, 0xff, 0x00, 0xff, 0xff, 0x00, 0xff, 0xfd, 0x00, 0x00, 0x00, 0x00, 0x00, 0x00, 0x00, 0x00,
    0x00, 0x00, 0x00, 0x00, 0x00, 0x00, 0x00, 0x00, 0x00, 0x00, 0x00, 0x00, 0x00, 0x00, 0x00, 0x00,
    0x00, 0x00, 0x00, 0x00, 0xd7, 0xff, 0x00, 0xff, 0xff, 0x00, 0xff, 0xff, 0x00, 0xff, 0xff, 0x00,
    0xff, 0xff, 0x00, 0xff, 0xff, 0x00, 0xff, 0xff, 0x00, 0xff, 0xfd, 0x00, 0x00, 0x00, 0x00, 0x00,
    0x00, 0x00, 0x00, 0x00, 0x00, 0x00, 0x00, 0x00, 0x00, 0x00, 0x00, 0x00, 0x00, 0x00, 0x00, 0x00,
    0x00, 0x00, 0x00, 0x00, 0x00, 0x00, 0x00, 0x00, 0x00, 0x00, 0x00, 0x00, 0x00, 0x00, 0x00, 0x00,
    0x00, 0x00, 0x00, 0x00, 0x00, 0x00, 0x00, 0x00, 0x00, 0x00, 0x00, 0x00, 0x00, 0x00, 0x00, 0x00,
    0x00, 0x00, 0x00, 0x00, 0x00, 0x00, 0x00, 0x00, 0x00, 0x00, 0x00, 0x00, 0x00, 0x00, 0x00, 0x00,
    0x00, 0x00, 0x00, 0x00, 0x00, 0x00, 0x00, 0x00, 0x00, 0x00, 0xd7, 0xff, 0x00, 0xff, 0xff, 0x00,
    0xff, 0xff, 0x00, 0xff, 0xff, 0x00, 0xff, 0xff, 0x00, 0xff, 0xff, 0x00, 0xff, 0xff, 0x00, 0xff,
    0xfd, 0x00, 0x00, 0x00, 0x00, 0x00, 0x00, 0x00, 0x00, 0x00, 0x00, 0x00, 0x00, 0x00, 0x00, 0x00,
    0x00, 0x00, 0x00, 0x00, 0x00, 0x00, 0x00, 0x00, 0x00, 0x00, 0x00, 0x00, 0x00, 0xd7, 0xff, 0x00,
    0xff, 0xff, 0x00, 0xff, 0xff, 0x00, 0xff, 0xff, 0x00, 0xff, 0xff, 0x00, 0xff, 0xff, 0x00, 0xff,
    0xff, 0x00, 0xff, 0xfd, 0x00, 0x00, 0x00, 0x00, 0x00, 0x00, 0x00, 0x00, 0x00, 0x00, 0x00, 0x00,
    0x00, 0x00, 0x00, 0x00, 0x00, 0x00, 0x00, 0x00, 0x00, 0x00, 0x00, 0x00, 0x00, 0x00, 0x00, 0x00,
    0x00, 0x00, 0x00, 0x00, 0x00, 0x00, 0x00, 0x00, 0x00, 0x00, 0x00, 0x00, 0x00, 0x00, 0x00, 0x00,
    0x00, 0x00, 0x00, 0x00, 0x00, 0x00, 0x00, 0x00, 0x00, 0x00, 0x00, 0x00, 0x00, 0x00, 0x00, 0x00,
    0x00, 0x00, 0x00, 0x00, 0x00, 0x00, 0x00, 0x00, 0x00, 0x00, 0x00, 0x00, 0x00, 0x00, 0x00, 0x00,
    0x00, 0x00, 0x00, 0xd7, 0xff, 0x00, 0xff, 0xff, 0x00, 0xff, 0xff, 0x00, 0xff, 0xff, 0x00, 0xff,
    0xff, 0x00, 0xff, 0xff, 0x00, 0xff, 0xff, 0x00, 0xff, 0xfd, 0x00, 0x00, 0x00, 0x00, 0x00, 0x00,
    0x00, 0x00, 0x00, 0x00, 0x00, 0x00, 0x00, 0x00, 0x00, 0x00, 0x00, 0x00, 0x00, 0x00, 0x00, 0x00,
    0x00, 0x00, 0x00, 0x00, 0x00, 0x00, 0xd7, 0xff, 0x00, 0xff, 0xff, 0x00, 0xff, 0xff, 0x00, 0xff,
    0xff, 0x00, 0xff, 0xff, 0x00, 0xff, 0xff, 0x00, 0xff, 0xff, 0x00, 0xff, 0xfd, 0x00, 0x00, 0x00,
    0x00, 0x00, 0x00, 0x00, 0x00, 0x00, 0x00, 0x00, 0x00, 0x00, 0x00, 0x00, 0x00, 0x00, 0x00, 0x00,
    0x00, 0x00, 0x00, 0x00, 0x00, 0x00, 0x00, 0x00, 0x00, 0x00, 0x00, 0x00, 0x00, 0x00, 0x00, 0x00,
    0x00, 0x00, 0x00, 0x00, 0x00, 0x00, 0x00, 0x00, 0x00, 0x00, 0x00, 0x00, 0x00, 0x00, 0x00, 0x00,
    0x00, 0x00, 0x00, 0x00, 0x00, 0x00, 0x00, 0x00, 0x00, 0x00, 0x00, 0x00, 0x00, 0x00, 0x00, 0x00,
    0x00, 0x00, 0x00, 0x00, 0x00, 0x00, 0x00, 0x00, 0x00, 0x00, 0x00, 0x00, 0xd7, 0xff, 0x00, 0xff,
    0xff, 0x00, 0xff, 0xff, 0x00, 0xff, 0xff, 0x00, 0xff, 0xff, 0x00, 0xff, 0xff, 0x00, 0xff, 0xff,
    0x00, 0xff, 0xfd, 0x00, 0x00, 0x00, 0x00, 0x00, 0x00, 0x00, 0x00, 0x00, 0x00, 0x00, 0x00, 0x00,
    0x00, 0x00, 0x00, 0x00, 0x00, 0x00, 0x00, 0x00, 0x00, 0x00, 0x00, 0x00, 0x00, 0x00, 0x00, 0xd7,
    0xff, 0x00, 0xff, 0xff, 0x00, 0xff, 0xff, 0x00, 0xff, 0xff, 0x00, 0xff, 0xff, 0x00, 0xff, 0xff,
    0x00, 0xff, 0xff, 0x00, 0xff, 0xfd, 0x00, 0x00, 0x00, 0x00, 0x00, 0x00, 0x00, 0x00, 0x00, 0x00,
    0x00, 0x00, 0x00, 0x00, 0x00, 0x00, 0x00, 0x00, 0x00, 0x00, 0x00, 0x00, 0x00, 0x00, 0x00, 0x00,
    0x00, 0x00, 0x00, 0x00, 0x00, 0x00, 0x00, 0x00, 0x00, 0x00, 0x00, 0x00, 0x00, 0x00, 0x00, 0x00,
    0x00, 0x00, 0x00, 0x00, 0x00, 0x00, 0x00, 0x00, 0x00, 0x00, 0x00, 0x00, 0x00, 0x00, 0x00, 0x00,
    0x00, 0x00, 0x00, 0x00, 0x00, 0x00, 0x00, 0x00, 0x00, 0x00, 0x00, 0x00, 0x00, 0x00, 0x00, 0x00,
    0x00, 0x00, 0x00, 0x00, 0x00, 0xd7, 0xff, 0x00, 0xff, 0xff, 0x00, 0xff, 0xff, 0x00, 0xff, 0xff,
    0x00, 0xff, 0xff, 0x00, 0xff, 0xff, 0x00, 0xff, 0xff, 0x00, 0xff, 0xfd, 0x00, 0x00, 0x00, 0x00,
    0x00, 0x00, 0x00, 0x00, 0x00, 0x00, 0x00, 0x00, 0x00, 0x00, 0x00, 0x00, 0x00, 0x00, 0x00, 0x00,
    0x00, 0x00, 0x00, 0x00, 0x00, 0x00, 0x00, 0x00, 0xd7, 0xff, 0x00, 0xff, 0xff, 0x00, 0xff, 0xff,
    0x00, 0xff, 0xff, 0x00, 0xff, 0xff, 0x00, 0xff, 0xff, 0x00, 0xff, 0xff, 0x00, 0xff, 0xfd, 0x00,
    0x00, 0x00, 0x00, 0x00, 0x00, 0x00, 0x00, 0x00, 0x00, 0x00, 0x00, 0x00, 0x00, 0x00, 0x00, 0x00,
    0x00, 0x00, 0x00, 0x00, 0x00, 0x00, 0x00, 0x00, 0x00, 0x00, 0x00, 0x00, 0x00, 0x00, 0x00, 0x00,
    0x00, 0x00, 0x00, 0x00, 0x00, 0x00, 0x00, 0x00, 0x00, 0x00, 0x00, 0x00, 0x00, 0x00, 0x00, 0x00,
    0x00, 0x00, 0x00, 0x00, 0x00, 0x00, 0x00, 0x00, 0x00, 0x00, 0x00, 0x00, 0x00, 0x00, 0x00, 0x00,
    0x00, 0x00, 0x00, 0x00, 0x00, 0x00, 0x00, 0x00, 0x00, 0x00, 0x00, 0x00, 0x00, 0x00, 0xd7, 0xff,
    0x00, 0xff, 0xff, 0x00, 0xff, 0xff, 0x00, 0xff, 0xff, 0x00, 0xff, 0xff, 0x00, 0xff, 0xff, 0x00,
    0xff, 0xff, 0x00, 0xff, 0xfd, 0x00, 0x00, 0x00, 0x00, 0x00, 0x00, 0x00, 0x00, 0x00, 0x00, 0x00,
    0x00, 0x00, 0x00, 0x00, 0x00, 0x00, 0x00, 0x00, 0x00, 0x00, 0x00, 0x00, 0x00, 0x00, 0x00, 0x00,
    0x00, 0xd7, 0xff, 0x00, 0xff, 0xff, 0x00, 0xff, 0xff, 0x00, 0xff, 0xff, 0x00, 0xff, 0xff, 0x00,
    0xff, 0xff, 0x00, 0xff, 0xff, 0x00, 0xff, 0xfd, 0x00, 0x00, 0x00, 0x00, 0x00, 0x00, 0x00, 0x00,
    0x00, 0x00, 0x00, 0x00, 0x00, 0x00, 0x00, 0x00, 0x00, 0x00, 0x00, 0x00, 0x00, 0x00, 0x00, 0x00,
    0x00, 0x00, 0x00, 0x00, 0x00, 0x00, 0x00, 0x00, 0x00, 0x00, 0x00, 0x00, 0x00, 0x00, 0x00, 0x00,
    0x00, 0x00, 0x00, 0x00, 0x00, 0x00, 0x00, 0x00, 0x00, 0x00, 0x00, 0x00, 0x00, 0x00, 0x00, 0x00,
    0x00, 0x00, 0x00, 0x00, 0x00, 0x00, 0x00, 0x00, 0x00, 0x00, 0x00, 0x00, 0x00, 0x00, 0x00, 0x00,
    0x00, 0x00, 0x00, 0x00, 0x00, 0x00, 0x00, 0xd7, 0xff, 0x00, 0xff, 0xff, 0x00, 0xff, 0xff, 0x00,
    0xff, 0xff, 0x00, 0xff, 0xff, 0x00, 0xff, 0xff, 0x00, 0xff, 0xff, 0x00, 0xff, 0xfd, 0x00, 0x00,
    0x00, 0x00, 0x00, 0x00, 0x00, 0x00, 0x00, 0x00, 0x00, 0x00, 0x00, 0x00, 0x00, 0x00, 0x00, 0x00,
    0x00, 0x00, 0x00, 0x00, 0x00, 0x00, 0x00, 0x00, 0x00, 0x00, 0xd7, 0xff, 0x00, 0xff, 0xff, 0x00,
    0xff, 0xff, 0x00, 0xff, 0xff, 0x00, 0xff, 0xff, 0x00, 0xff, 0xff, 0x00, 0xff, 0xff, 0x00, 0xff,
    0xfd, 0x00, 0x00, 0x00, 0x00, 0x00, 0x00, 0x00, 0x00, 0x00, 0x00, 0x00, 0x00, 0x00, 0x00, 0x00,
    0x00, 0x00, 0x00, 0x00, 0x00, 0x00, 0x00, 0x00, 0x00, 0x00, 0x00, 0x00, 0x00, 0x00, 0x00, 0x00,
    0x00, 0x00, 0x00, 0x00, 0x00, 0x00, 0x00, 0x00, 0x00, 0x00, 0x00, 0x00, 0x00, 0x00, 0x00, 0x00,
    0x00, 0x00, 0x00, 0x00, 0x00, 0x00, 0x00, 0x00, 0x00, 0x00, 0x00, 0x00, 0x00, 0x00, 0x00, 0x00,
    0x00, 0x00, 0x00, 0x00, 0x00, 0x00, 0x00, 0x00, 0x00, 0x00, 0x00, 0x00, 0x00, 0x00, 0x00, 0x00,
    0xd7, 0xff, 0x00, 0xff, 0xff, 0x00, 0xff, 0xff, 0x00, 0xff, 0xff, 0x00, 0xff, 0xff, 0x00, 0xff,
    0xff, 0x00, 0xff, 0xff, 0x00, 0xff, 0xfd, 0x00, 0x00, 0x00, 0x00, 0x00, 0x00, 0x00, 0x00, 0x00,
    0x00, 0x00, 0x00, 0x00, 0x00, 0x00, 0x00, 0x00, 0x00, 0x00, 0x00, 0x00, 0x00, 0x00, 0x00, 0x00,
    0x00, 0x00, 0x00, 0xd7, 0xff, 0x00, 0xff, 0xff, 0x00, 0xff, 0xff, 0x00, 0xff, 0xff, 0x00, 0xff,
    0xff, 0x00, 0xff, 0xff, 0x00, 0xff, 0xff, 0x00, 0xff, 0xfd, 0x00, 0x00, 0x00, 0x00, 0x00, 0x00,
    0x00, 0x00, 0x00, 0x00, 0x00, 0x00, 0x00, 0x00, 0x00, 0x00, 0x00, 0x00, 0x00, 0x00, 0x00, 0x00,
    0x00, 0x00, 0x00, 0x00, 0x00, 0x00, 0x00, 0x00, 0x00, 0x00, 0x00, 0x00, 0x00, 0x00, 0x00, 0x00,
    0x00, 0x00, 0x00, 0x00, 0x00, 0x00, 0x00, 0x00, 0x00, 0x00, 0x00, 0x00, 0x00, 0x00, 0x00, 0x00,
    0x00, 0x00, 0x00, 0x00, 0x00, 0x00, 0x00, 0x00, 0x00, 0x00, 0x00, 0x00, 0x00, 0x00, 0x00, 0x00,
    0x00, 0x00, 0x00, 0x00, 0x00, 0x00, 0x00, 0x00, 0x00, 0xd7, 0xff, 0x00, 0xff, 0xff, 0x00, 0xff,
    0xff, 0x00, 0xff, 0xff, 0x00, 0xff, 0xff, 0x00, 0xff, 0xff, 0x00, 0xff, 0xff, 0x00, 0xff, 0xfd,
    0x00, 0x00, 0x00, 0x00, 0x00, 0x00, 0x00, 0x00, 0x00, 0x00, 0x00, 0x00, 0x00, 0x00, 0x00, 0x00,
    0x00, 0x00, 0x00, 0x00, 0x00, 0x00, 0x00, 0x00, 0x00, 0x00, 0x00, 0x00, 0xd7, 0xff, 0x00, 0xff,
    0xff, 0x00, 0xff, 0xff, 0x00, 0xff, 0xff, 0x00, 0xff, 0xff, 0x00, 0xff, 0xff, 0x00, 0xff, 0xff,
    0x00, 0xff, 0xfd, 0x00, 0x00, 0x00, 0x00, 0x00, 0x00, 0x00, 0x00, 0x00, 0x00, 0x00, 0x00, 0x00,
    0x00, 0x00, 0x00, 0x00, 0x00, 0x00, 0x00, 0x00, 0x00, 0x00, 0x00, 0x00, 0x00, 0x00, 0x00, 0x00,
    0x00, 0x00, 0x00, 0x00, 0x00, 0x00, 0x00, 0x00, 0x00, 0x00, 0x00, 0x00, 0x00, 0x00, 0x00, 0x00,
    0x00, 0x00, 0x00, 0x00, 0x00, 0x00, 0x00, 0x00, 0x00, 0x00, 0x00, 0x00, 0x00, 0x00, 0x00, 0x00,
    0x00, 0x00, 0x00, 0x00, 0x00, 0x00, 0x00, 0x00, 0x00, 0x00, 0x00, 0x00, 0x00, 0x00, 0x00, 0x00,
    0x00, 0x00, 0xd7, 0xff, 0x00, 0xff, 0xff, 0x00, 0xff, 0xff, 0x00, 0xff, 0xff, 0x00, 0xff, 0xff,
    0x00, 0xff, 0xff, 0x00, 0xff, 0xff, 0x00, 0xff, 0xfd, 0x00, 0x00, 0x00, 0x00, 0x00, 0x00, 0x00,
    0x00, 0x00, 0x00, 0x00, 0x00, 0x00, 0x00, 0x00, 0x00, 0x00, 0x00, 0x00, 0x00, 0x00, 0x00, 0x00,
    0x00, 0x00, 0x00, 0x00, 0x00, 0xd7, 0xff, 0x00, 0xff, 0xff, 0x00, 0xff, 0xff, 0x00, 0xff, 0xff,
    0x00, 0xff, 0xff, 0x00, 0xff, 0xff, 0x00, 0xff, 0xff, 0x00, 0xff, 0xfd, 0x00, 0x00, 0x00, 0x00,
    0x00, 0x00, 0x00, 0x00, 0x00, 0x00, 0x00, 0x00, 0x00, 0x00, 0x00, 0x00, 0x00, 0x00, 0x00, 0x00,
    0x00, 0x00, 0x00, 0x00, 0x00, 0x00, 0x00, 0x00, 0x00, 0x00, 0x00, 0x00, 0x00, 0x00, 0x00, 0x00,
    0x00, 0x00, 0x00, 0x00, 0x00, 0x00, 0x00, 0x00, 0x00, 0x00, 0x00, 0x00, 0x00, 0x00, 0x00, 0x00,
    0x00, 0x00, 0x00, 0x00, 0x00, 0x00, 0x00, 0x00, 0x00, 0x00, 0x00, 0x00, 0x00, 0x00, 0x00, 0x00,
    0x00, 0x00, 0x00, 0x00, 0x00, 0x00, 0x00, 0x00, 0x00, 0x00, 0x00, 0xd7, 0xff, 0x00, 0xff, 0xff,
    0x00, 0xff, 0xff, 0x00, 0xff, 0xff, 0x00, 0xff, 0xff, 0x00, 0xff, 0xff, 0x00, 0xff, 0xff, 0x00,
    0xff, 0xfd, 0x00, 0x00, 0x00, 0x00, 0x00, 0x00, 0x00, 0x00, 0x00, 0x00, 0x00, 0x00, 0x00, 0x00,
    0x00, 0x00, 0x00, 0x00, 0x00, 0x00, 0x00, 0x00, 0x00, 0x00, 0x00, 0x00, 0x00, 0x00, 0xd7, 0xff,
    0x00, 0xff, 0xff, 0x00, 0xff, 0xff, 0x00, 0xff, 0xff, 0x00, 0xff, 0xff, 0x00, 0xff, 0xff, 0x00,
    0xff, 0xff, 0x00, 0xff, 0xfd, 0x00, 0x00, 0x00, 0x00, 0x00, 0x00, 0x00, 0x00, 0x00, 0x00, 0x00,
    0x00, 0x00, 0x00, 0x00, 0x00, 0x00, 0x00, 0x00, 0x00, 0x00, 0x00, 0x00, 0x00, 0x00, 0x00, 0x00,
    0x00, 0x00, 0x00, 0x00, 0x00, 0x00, 0x00, 0x00, 0x00, 0x00, 0x00, 0x00, 0x00, 0x00, 0x00, 0x00,
    0x00, 0x00, 0x00, 0x00, 0x00, 0x00, 0x00, 0x00, 0x00, 0x00, 0x00, 0x00, 0x00, 0x00, 0x00, 0x00,
    0x00, 0x00, 0x00, 0x00, 0x00, 0x00, 0x00, 0x00, 0x00, 0x00, 0x00, 0x00, 0x00, 0x00, 0x00, 0x00,
    0x00, 0x00, 0x00, 0x00, 0xd7, 0xff, 0x00, 0xff, 0xff, 0x00, 0xff, 0xff, 0x00, 0xff, 0xff, 0x00,
    0xff, 0xff, 0x00, 0xff, 0xff, 0x00, 0xff, 0xff, 0x00, 0xff, 0xfd, 0x00, 0x00, 0x00, 0x00, 0x00,
    0x00, 0x00, 0x00, 0x00, 0x00, 0x00, 0x00, 0x00, 0x00, 0x00, 0x00, 0x00, 0x00, 0x00, 0x00, 0x00,
    0x00, 0x00, 0x00, 0x00, 0x00, 0x00, 0x00, 0xd7, 0xff, 0x00, 0xff, 0xff, 0x00, 0xff, 0xff, 0x00,
    0xff, 0xff, 0x00, 0xff, 0xff, 0x00, 0xff, 0xff, 0x00, 0xff, 0xff, 0x00, 0xff, 0xfd, 0x00, 0x00,
    0x00, 0x00, 0x00, 0x00, 0x00, 0x00, 0x00, 0x00, 0x00, 0x00, 0x00, 0x00, 0x00, 0x00, 0x00, 0x00,
    0x00, 0x00, 0x00, 0x00, 0x00, 0x00, 0x00, 0x00, 0x00, 0x00, 0x00, 0x00, 0x00, 0x00, 0x00, 0x00,
    0x00, 0x00, 0x00, 0x00, 0x00, 0x00, 0x00, 0x00, 0x00, 0x00, 0x00, 0x00, 0x00, 0x00, 0x00, 0x00,
    0x00, 0x00, 0x00, 0x00, 0x00, 0x00, 0x00, 0x00, 0x00, 0x00, 0x00, 0x00, 0x00, 0x00, 0x00, 0x00,
    0x00, 0x00, 0x00, 0x00, 0x00, 0x00, 0x00, 0x00, 0x00, 0x00, 0x00, 0x00, 0x00, 0xd7, 0xff, 0x00,
    0xff, 0xff, 0x00, 0xff, 0xff, 0x00, 0xff, 0xff, 0x00, 0xff, 0xff, 0x00, 0xff, 0xff, 0x00, 0xff,
    0xff, 0x00, 0xff, 0xfd, 0x00, 0x00, 0x00, 0x00, 0x00, 0x00, 0x00, 0x00, 0x00, 0x00, 0x00, 0x00,
    0x00, 0x00, 0x00, 0x00, 0x00, 0x00, 0x00, 0x00, 0x00, 0x00, 0x00, 0x00, 0x00, 0x00, 0x00, 0x00,
    0xd7, 0xff, 0x00, 0xff, 0xff, 0x00, 0xff, 0xff, 0x00, 0xff, 0xff, 0x00, 0xff, 0xff, 0x00, 0xff,
    0xff, 0x00, 0xff, 0xff, 0x00, 0xff, 0xfd, 0x00, 0x00, 0x00, 0x00, 0x00, 0x00, 0x00, 0x00, 0x00,
    0x00, 0x00, 0x00, 0x00, 0x00, 0x00, 0x00, 0x00, 0x00, 0x00, 0x00, 0x00, 0x00, 0x00, 0x00, 0x00,
    0x00, 0x00, 0x00, 0x00, 0x00, 0x00, 0x00, 0x00, 0x00, 0x00, 0x00, 0x00, 0x00, 0x00, 0x00, 0x00,
    0x00, 0x00, 0x00, 0x00, 0x00, 0x00, 0x00, 0x00, 0x00, 0x00, 0x00, 0x00, 0x00, 0x00, 0x00, 0x00,
    0x00, 0x00, 0x00, 0x00, 0x00, 0x00, 0x00, 0x00, 0x00, 0x00, 0x00, 0x00, 0x00, 0x00, 0x00, 0x00,
    0x00, 0x00, 0x00, 0x00, 0x00, 0x00, 0xd7, 0xff, 0x00, 0xff, 0xff, 0x00, 0xff, 0xff, 0x00, 0xff,
    0xff, 0x00, 0xff, 0xff, 0x00, 0xff, 0xff, 0x00, 0xff, 0xff, 0x00, 0xff, 0xfd, 0x00, 0x00, 0x00,
    0x00, 0x00, 0x00, 0x00, 0x00, 0x00, 0x00, 0x00, 0x00, 0x00, 0x00, 0x00, 0x00, 0x00, 0x00, 0x00,
    0x00, 0x00, 0x00, 0x00, 0x00, 0x00, 0x00, 0x00, 0x00, 0xd7, 0xff, 0x00, 0xff, 0xff, 0x00, 0xff,
    0xff, 0x00, 0xff, 0xff, 0x00, 0xff, 0xff, 0x00, 0xff, 0xff, 0x00, 0xff, 0xff, 0x00, 0xff, 0xfd,
    0x00, 0x00, 0x00, 0x00, 0x00, 0x00, 0x00, 0x00, 0x00, 0x00, 0x00, 0x00, 0x00, 0x00, 0x00, 0x00,
    0x00, 0x00, 0x00, 0x00, 0x00, 0x00, 0x00, 0x00, 0x00, 0x00, 0x00, 0x00, 0x00, 0x00, 0x00, 0x00,
    0x00, 0x00, 0x00, 0x00, 0x00, 0x00, 0x00, 0x00, 0x00, 0x00, 0x00, 0x00, 0x00, 0x00, 0x00, 0x00,
    0x00, 0x00, 0x00, 0x00,
};
static const lv_image_dsc_t melt_img_40 = {
    .header.magic = LV_IMAGE_HEADER_MAGIC,
    .header.cf = LV_COLOR_FORMAT_A8,
    .header.flags = 0,
    .header.w = 51,
    .header.h = 108,
    .header.stride = 51,
    .data_size = sizeof melt_img_40_px,
    .data = melt_img_40_px,
};

static const uint8_t melt_img_41_px[] __attribute__((aligned(4))) = {
    0x00, 0x00, 0x00, 0x00, 0x00, 0x00, 0x00, 0x00, 0x00, 0x00, 0x00, 0x00, 0x00, 0x00, 0x00, 0x00,
    0x00, 0x00, 0x00, 0x00, 0x00, 0x00, 0x0a, 0x00, 0x20, 0x2d, 0x00, 0x9a, 0xb3, 0x00, 0xce, 0xd7,
    0x00, 0xde, 0xe0, 0x00, 0xda, 0xd6, 0x00, 0xc1, 0xb1, 0x00, 0x6a, 0x31, 0x00, 0x16, 0x07, 0x00,
    0x00, 0x00, 0x00, 0x00, 0x00, 0x00, 0x00, 0x00, 0x00, 0x00, 0x00, 0x00, 0x00, 0x00, 0x00, 0x00,
    0x00, 0x00, 0x00, 0x00, 0x00, 0x00, 0x00, 0x00, 0x00, 0x00, 0x00, 0x00, 0x00, 0x00, 0x00, 0x00,
    0x00, 0x00, 0x00, 0x00, 0x00, 0x05, 0x00, 0x27, 0x5c, 0x00, 0xc9, 0xe3, 0x00, 0xf7, 0xfa, 0x00,
    0xfd, 0xfe, 0x00, 0xff, 0xff, 0x00, 0xfe, 0xfe, 0x00, 0xfc, 0xfa, 0x00, 0xf1, 0xe2, 0x00, 0x99,
    0x50, 0x00, 0x13, 0x03, 0x00, 0x00, 0x00, 0x00, 0x00, 0x00, 0x00, 0x00, 0x00, 0x00, 0x00, 0x00,
    0x00, 0x00, 0x00, 0x00, 0x00, 0x00, 0x00, 0x00, 0x00, 0x00, 0x00, 0x00, 0x00, 0x00, 0x00, 0x00,
    0x00, 0x00, 0x00, 0x00, 0x00, 0x00, 0x00, 0x00, 0x00, 0x00, 0x00, 0x00, 0x00, 0x00, 0x00, 0x00,
    0x00, 0x00, 0x00, 0x00, 0x00, 0x00, 0x00, 0x00, 0x00, 0x00, 0x00, 0x00, 0x00, 0x00, 0x00, 0x00,
    0x00, 0x00, 0x00, 0x00, 0x00, 0x00, 0x00, 0x00, 0x00, 0x00, 0x00, 0x00, 0x00, 0x00, 0x00, 0x00,
    0x00, 0x00, 0x00, 0x00, 0x00, 0x00, 0x00, 0x00, 0x00, 0x00, 0x00, 0x00, 0x00, 0x00, 0x00, 0x00,
    0x00, 0x00, 0x00, 0x00, 0x00, 0x04, 0x1b, 0x00, 0x9b, 0xde, 0x00, 0xfd, 0xff, 0x00, 0xff, 0xff,
    0x00, 0xff, 0xff, 0x00, 0xff, 0xff, 0x00, 0xff, 0xff, 0x00, 0xff, 0xff, 0x00, 0xff, 0xff, 0x00,
    0xff, 0xff, 0x00, 0xff, 0xff, 0x00, 0xf6, 0xd6, 0x00, 0x43, 0x14, 0x00, 0x00, 0x00, 0x00, 0x00,
    0x00, 0x00, 0x00, 0x00, 0x00, 0x00, 0x00, 0x00, 0x00, 0x00, 0x00, 0x00, 0x00, 0x00, 0x00, 0x00,
    0x00, 0x00, 0x00, 0x00, 0x00, 0x00, 0x00, 0x3f, 0x8e, 0x00, 0xfa, 0xfe, 0x00, 0xff, 0xff, 0x00,
    0xff, 0xff, 0x00, 0xff, 0xff, 0x00, 0xff, 0xff, 0x00, 0xff, 0xff, 0x00, 0xff, 0xff, 0x00, 0xff,
    0xff, 0x00, 0xff, 0xff, 0x00, 0xff, 0xff, 0x00, 0xff, 0xfe, 0x00, 0xd0, 0x7d, 0x00, 0x04, 0x00,
    0x00, 0x00, 0x00, 0x00, 0x00, 0x00, 0x00, 0x00, 0x00, 0x00, 0x00, 0x00, 0x00, 0x00, 0x00, 0x00,
    0x00, 0x00, 0x00, 0x00, 0x00, 0x00, 0x00, 0x00, 0x00, 0x00, 0x00, 0x00, 0x00, 0x00, 0x00, 0x00,
    0x00, 0x00, 0x00, 0x00, 0x00, 0x00, 0x00, 0x00, 0x00, 0x00, 0x00, 0x00, 0x00, 0x00, 0x00, 0x00,
    0x00, 0x00, 0x00, 0x00, 0x00, 0x00, 0x00, 0x00, 0x00, 0x00, 0x00, 0x00, 0x00, 0x00, 0x00, 0x00,
    0x00, 0x00, 0x00, 0x00, 0x00, 0x00, 0x00, 0x00, 0x00, 0x00, 0x00, 0x00, 0x00, 0x00, 0x00, 0x00,
    0x00, 0x00, 0x00, 0x00, 0x00, 0x00, 0x00, 0x00, 0x33, 0x8f, 0x00, 0xfe, 0xff, 0x00, 0xff, 0xff,
    0x00, 0xff, 0xff, 0x00, 0xff, 0xff, 0x00, 0xff, 0xff, 0x00, 0xff, 0xff, 0x00, 0xff, 0xff, 0x00,
    0xff, 0xff, 0x00, 0xff, 0xff, 0x00, 0xff, 0xff, 0x00, 0xff, 0xff, 0x00, 0xff, 0xff, 0x00, 0xff,
    0xff, 0x00, 0xd4, 0x78, 0x00, 0x01, 0x00, 0x00, 0x00, 0x00, 0x00, 0x00, 0x00, 0x00, 0x00, 0x00,
    0x00, 0x00, 0x00, 0x00, 0x00, 0x00, 0x00, 0x00, 0x04, 0x00, 0xac, 0xef, 0x00, 0xff, 0xff, 0x00,
    0xff, 0xff, 0x00, 0xff, 0xff, 0x00, 0xff, 0xff, 0x00, 0xff, 0xff, 0x00, 0xff, 0xff, 0x00, 0xff,
    0xff, 0x00, 0xff, 0xff, 0x00, 0xff, 0xff, 0x00, 0xff, 0xff, 0x00, 0xff, 0xff, 0x00, 0xff, 0xff,
    0x00, 0xff, 0xff, 0x00, 0xfd, 0xe4, 0x00, 0x29, 0x00, 0x00, 0x00, 0x00, 0x00, 0x00, 0x00, 0x00,
    0x00, 0x00, 0x00, 0x00, 0x00, 0x00, 0x00, 0x00, 0x00, 0x00, 0x00, 0x00, 0x00, 0x00, 0x00, 0x00,
    0x00, 0x00, 0x00, 0x00, 0x00, 0x00, 0x00, 0x00, 0x00, 0x00, 0x00, 0x00, 0x00, 0x00, 0x00, 0x00,
    0x00, 0x00, 0x00, 0x00, 0x00, 0x00, 0x00, 0x00, 0x00, 0x00, 0x00, 0x00, 0x00, 0x00, 0x00, 0x00,
    0x00, 0x00, 0x00, 0x00, 0x00, 0x00, 0x00, 0x00, 0x00, 0x00, 0x00, 0x00, 0x00, 0x00, 0x00, 0x00,
    0x00, 0x00, 0x00, 0x00, 0x00, 0x00, 0x00, 0x00, 0x00, 0x00, 0x00, 0x4c, 0xbf, 0x00, 0xff, 0xff,
    0x00, 0xff, 0xff, 0x00, 0xff, 0xff, 0x00, 0xff, 0xff, 0x00, 0xff, 0xff, 0x00, 0xff, 0xff, 0x00,
    0xff, 0xff, 0x00, 0xff, 0xff, 0x00, 0xff, 0xff, 0x00, 0xff, 0xff, 0x00, 0xff, 0xff, 0x00, 0xff,
    0xff, 0x00, 0xff, 0xff, 0x00, 0xff, 0xff, 0x00, 0xff, 0xff, 0x00, 0xea, 0x91, 0x00, 0x01, 0x00,
    0x00, 0x00, 0x00, 0x00, 0x00, 0x00, 0x00, 0x00, 0x00, 0x00, 0x00, 0x02, 0x00, 0xb9, 0xf7, 0x00,
    0xff, 0xff, 0x00, 0xff, 0xff, 0x00, 0xff, 0xff, 0x00, 0xff, 0xff, 0x00, 0xff, 0xff, 0x00, 0xff,
    0xff, 0x00, 0xff, 0xff, 0x00, 0xff, 0xff, 0x00, 0xff, 0xff, 0x00, 0xff, 0xff, 0x00, 0xff, 0xff,
    0x00, 0xff, 0xff, 0x00, 0xff, 0xff, 0x00, 0xff, 0xff, 0x00, 0xff, 0xff, 0x00, 0xfe, 0xe6, 0x00,
    0x16, 0x00, 0x00, 0x00, 0x00, 0x00, 0x00, 0x00, 0x00, 0x00, 0x00, 0x00, 0x00, 0x00, 0x00, 0x00,
    0x00, 0x00, 0x00, 0x00, 0x00, 0x00, 0x00, 0x00, 0x00, 0x00, 0x00, 0x00, 0x00, 0x00, 0x00, 0x00,
    0x00, 0x00, 0x00, 0x00, 0x00, 0x00, 0x00, 0x00, 0x00, 0x00, 0x00, 0x00, 0x00, 0x00, 0x00, 0x00,
    0x00, 0x00, 0x00, 0x00, 0x00, 0x00, 0x00, 0x00, 0x00, 0x00, 0x00, 0x00, 0x00, 0x00, 0x00, 0x00,
    0x00, 0x00, 0x00, 0x00, 0x00, 0x00, 0x00, 0x00, 0x00, 0x00, 0x00, 0x00, 0x00, 0x00, 0x11, 0x83,
    0x00, 0xfe, 0xff, 0x00, 0xff, 0xff, 0x00, 0xff, 0xff, 0x00, 0xff, 0xff, 0x00, 0xff, 0xff, 0x00,
    0xff, 0xff, 0x00, 0xff, 0xff, 0x00, 0xff, 0xff, 0x00, 0xff, 0xff, 0x00, 0xff, 0xff, 0x00, 0xff,
    0xff, 0x00, 0xff, 0xff, 0x00, 0xff, 0xff, 0x00, 0xff, 0xff, 0x00, 0xff, 0xff, 0x00, 0xff, 0xff,
    0x00, 0xff, 0xff, 0x00, 0xba, 0x38, 0x00, 0x00, 0x00, 0x00, 0x00, 0x00, 0x00, 0x00, 0x00, 0x00,
    0x59, 0xd7, 0x00, 0xff, 0xff, 0x00, 0xff, 0xff, 0x00, 0xff, 0xff, 0x00, 0xff, 0xff, 0x00, 0xff,
    0xff, 0x00, 0xff, 0xff, 0x00, 0xff, 0xff, 0x00, 0xff, 0xff, 0x00, 0xff, 0xff, 0x00, 0xff, 0xff,
    0x00, 0xff, 0xff, 0x00, 0xff, 0xff, 0x00, 0xff, 0xff, 0x00, 0xff, 0xff, 0x00, 0xff, 0xff, 0x00,
    0xff, 0xff, 0x00, 0xff, 0xff, 0x00, 0xf4, 0x88, 0x00, 0x00, 0x00, 0x00, 0x00, 0x00, 0x00, 0x00,
    0x00, 0x00, 0x00, 0x00, 0x00, 0x00, 0x00, 0x00, 0x00, 0x00, 0x00, 0x00, 0x00, 0x00, 0x00, 0x00,
    0x00, 0x00, 0x00, 0x00, 0x00, 0x00, 0x00, 0x00, 0x00, 0x00, 0x00, 0x00, 0x00, 0x00, 0x00, 0x00,
    0x00, 0x00, 0x00, 0x00, 0x00, 0x00, 0x00, 0x00, 0x00, 0x00, 0x00, 0x00, 0x00, 0x00, 0x00, 0x00,
    0x00, 0x00, 0x00, 0x00, 0x00, 0x00, 0x00, 0x00, 0x00, 0x00, 0x00, 0x00, 0x00, 0x00, 0x00, 0x00,
    0x00, 0x00, 0x0a, 0x00, 0xed, 0xff, 0x00, 0xff, 0xff, 0x00, 0xff, 0xff, 0x00, 0xff, 0xff, 0x00,
    0xff, 0xff, 0x00, 0xff, 0xff, 0x00, 0xff, 0xff, 0x00, 0xff, 0xff, 0x00, 0xff, 0xff, 0x00, 0xff,
    0xff, 0x00, 0xff, 0xff, 0x00, 0xff, 0xff, 0x00, 0xff, 0xff, 0x00, 0xff, 0xff, 0x00, 0xff, 0xff,
    0x00, 0xff, 0xff, 0x00, 0xff, 0xff, 0x00, 0xff, 0xff, 0x00, 0xff, 0xfa, 0x00, 0x1e, 0x00, 0x00,
    0x00, 0x00, 0x00, 0x00, 0x35, 0x00, 0xfe, 0xff, 0x00, 0xff, 0xff, 0x00, 0xff, 0xff, 0x00, 0xff,
    0xff, 0x00, 0xff, 0xff, 0x00, 0xff, 0xff, 0x00, 0xff, 0xff, 0x00, 0xff, 0xff, 0x00, 0xff, 0xff,
    0x00, 0xff, 0xff, 0x00, 0xff, 0xff, 0x00, 0xff, 0xff, 0x00, 0xff, 0xff, 0x00, 0xff, 0xff, 0x00,
    0xff, 0xff, 0x00, 0xff, 0xff, 0x00, 0xff, 0xff, 0x00, 0xff, 0xff, 0x00, 0xff, 0xfe, 0x00, 0x43,
    0x04, 0x00, 0x00, 0x00, 0x00, 0x00, 0x00, 0x00, 0x00, 0x00, 0x00, 0x00, 0x00, 0x00, 0x00, 0x00,
    0x00, 0x00, 0x00, 0x00, 0x00, 0x00, 0x00, 0x00, 0x00, 0x00, 0x00, 0x00, 0x00, 0x00, 0x00, 0x00,
    0x00, 0x00, 0x00, 0x00, 0x00, 0x00, 0x00, 0x00, 0x00, 0x00, 0x00, 0x00, 0x00, 0x00, 0x00, 0x00,
    0x00, 0x00, 0x00, 0x00, 0x00, 0x00, 0x00, 0x00, 0x00, 0x00, 0x00, 0x00, 0x00, 0x00, 0x00, 0x00,
    0x00, 0x00, 0x00, 0x00, 0x00, 0x00, 0x00, 0x30, 0xbe, 0x00, 0xff, 0xff, 0x00, 0xff, 0xff, 0x00,
    0xff, 0xff, 0x00, 0xff, 0xff, 0x00, 0xff, 0xff, 0x00, 0xff, 0xff, 0x00, 0xff, 0xff, 0x00, 0xff,
    0xff, 0x00, 0xff, 0xff, 0x00, 0xff, 0xff, 0x00, 0xff, 0xff, 0x00, 0xff, 0xff, 0x00, 0xff, 0xff,
    0x00, 0xff, 0xff, 0x00, 0xff, 0xff, 0x00, 0xff, 0xff, 0x00, 0xff, 0xff, 0x00, 0xff, 0xff, 0x00,
    0xff, 0xff, 0x00, 0xcd, 0x27, 0x00, 0x00, 0x00, 0x00, 0x59, 0xeb, 0x00, 0xff, 0xff, 0x00, 0xff,
    0xff, 0x00, 0xff, 0xff, 0x00, 0xff, 0xff, 0x00, 0xff, 0xff, 0x00, 0xff, 0xff, 0x00, 0xff, 0xff,
    0x00, 0xff, 0xff, 0x00, 0xff, 0xff, 0x00, 0xff, 0xff, 0x00, 0xff, 0xff, 0x00, 0xff, 0xff, 0x00,
    0xff, 0xff, 0x00, 0xff, 0xff, 0x00, 0xff, 0xff, 0x00, 0xff, 0xff, 0x00, 0xff, 0xff, 0x00, 0xff,
    0xff, 0x00, 0xff, 0xff, 0x00, 0xed, 0x54, 0x00, 0x00, 0x00, 0x00, 0x00, 0x00, 0x00, 0x00, 0x00,
    0x00, 0x00, 0x00, 0x00, 0x00, 0x00, 0x00, 0x00, 0x00, 0x00, 0x00, 0x00, 0x00, 0x00, 0x00, 0x00,
    0x00, 0x00, 0x00, 0x00, 0x00, 0x00, 0x00, 0x00, 0x00, 0x00, 0x00, 0x00, 0x00, 0x00, 0x00, 0x00,
    0x00, 0x00, 0x00, 0x00, 0x00, 0x00, 0x00, 0x00, 0x00, 0x00, 0x00, 0x00, 0x00, 0x00, 0x00, 0x00,
    0x00, 0x00, 0x00, 0x00, 0x00, 0x00, 0x00, 0x00, 0x00, 0x00, 0x00, 0x00, 0x00, 0xd5, 0xfe, 0x00,
    0xff, 0xff, 0x00, 0xff, 0xff, 0x00, 0xff, 0xff, 0x00, 0xff, 0xff, 0x00, 0xff, 0xff, 0x00, 0xff,
    0xff, 0x00, 0xff, 0xff, 0x00, 0xfe, 0xeb, 0x00, 0x58, 0x3f, 0x00, 0x1a, 0x1f, 0x00, 0x49, 0x75,
    0x00, 0xf9, 0xff, 0x00, 0xff, 0xff, 0x00, 0xff, 0xff, 0x00, 0xff, 0xff, 0x00, 0xff, 0xff, 0x00,
    0xff, 0xff, 0x00, 0xff, 0xff, 0x00, 0xff, 0xff, 0x00, 0xfd, 0xcb, 0x00, 0x00, 0x09, 0x00, 0xf1,
    0xff, 0x00, 0xff, 0xff, 0x00, 0xff, 0xff, 0x00, 0xff, 0xff, 0x00, 0xff, 0xff, 0x00, 0xff, 0xff,
    0x00, 0xff, 0xff, 0x00, 0xff, 0xff, 0x00, 0xda, 0x76, 0x00, 0x01, 0x00, 0x00, 0x00, 0x00, 0x00,
    0x01, 0x0e, 0x00, 0xb5, 0xf8, 0x00, 0xff, 0xff, 0x00, 0xff, 0xff, 0x00, 0xff, 0xff, 0x00, 0xff,
    0xff, 0x00, 0xff, 0xff, 0x00, 0xff, 0xff, 0x00, 0xff, 0xff, 0x00, 0xfe, 0xe4, 0x00, 0x00, 0x00,
    0x00, 0x00, 0x00, 0x00, 0x00, 0x00, 0x00, 0x00, 0x00, 0x00, 0x00, 0x00, 0x00, 0x00, 0x00, 0x00,
    0x00, 0x00, 0x00, 0x00, 0x00, 0x00, 0x00, 0x00, 0x00, 0x00, 0x00, 0x00, 0x00, 0x00, 0x00, 0x00,
    0x00, 0x00, 0x00, 0x00, 0x00, 0x00, 0x00, 0x00, 0x00, 0x00, 0x00, 0x00, 0x00, 0x00, 0x00, 0x00,
    0x00, 0x00, 0x00, 0x00, 0x00, 0x00, 0x00, 0x00, 0x00, 0x00, 0x00, 0x00, 0x00, 0x00, 0x00, 0x00,
    0x00, 0x26, 0x00, 0xfd, 0xff, 0x00, 0xff, 0xff, 0x00, 0xff, 0xff, 0x00, 0xff, 0xff, 0x00, 0xff,
    0xff, 0x00, 0xff, 0xff, 0x00, 0xff, 0xff, 0x00, 0xff, 0xee, 0x00, 0x18, 0x01, 0x00, 0x00, 0x00,
    0x00, 0x00, 0x00, 0x00, 0x00, 0x00, 0x00, 0x0b, 0x65, 0x00, 0xfe, 0xff, 0x00, 0xff, 0xff, 0x00,
    0xff, 0xff, 0x00, 0xff, 0xff, 0x00, 0xff, 0xff, 0x00, 0xff, 0xff, 0x00, 0xff, 0xff, 0x00, 0xff,
    0xf8, 0x00, 0x01, 0x32, 0x00, 0xfe, 0xff, 0x00, 0xff, 0xff, 0x00, 0xff, 0xff, 0x00, 0xff, 0xff,
    0x00, 0xff, 0xff, 0x00, 0xff, 0xff, 0x00, 0xff, 0xff, 0x00, 0xfa, 0xb4, 0x00, 0x02, 0x00, 0x00,
    0x00, 0x00, 0x00, 0x00, 0x00, 0x00, 0x00, 0x00, 0x00, 0x01, 0x25, 0x00, 0xfb, 0xff, 0x00, 0xff,
    0xff, 0x00, 0xff, 0xff, 0x00, 0xff, 0xff, 0x00, 0xff, 0xff, 0x00, 0xff, 0xff, 0x00, 0xff, 0xff,
    0x00, 0xff, 0xfa, 0x00, 0x00, 0x00, 0x00, 0x00, 0x00, 0x00, 0x00, 0x00, 0x00, 0x00, 0x00, 0x00,
    0x00, 0x00, 0x00, 0x00, 0x00, 0x00, 0x00, 0x00, 0x00, 0x00, 0x00, 0x00, 0x00, 0x00, 0x00, 0x00,
    0x00, 0x00, 0x00, 0x00, 0x00, 0x00, 0x00, 0x00, 0x00, 0x00, 0x00, 0x00, 0x00, 0x00, 0x00, 0x00,
    0x00, 0x00, 0x00, 0x00, 0x00, 0x00, 0x00, 0x00, 0x00, 0x00, 0x00, 0x00, 0x00, 0x00, 0x00, 0x00,
    0x00, 0x00, 0x00, 0x00, 0x00, 0x00, 0x17, 0x9c, 0x00, 0xff, 0xff, 0x00, 0xff, 0xff, 0x00, 0xff,
    0xff, 0x00, 0xff, 0xff, 0x00, 0xff, 0xff, 0x00, 0xff, 0xff, 0x00, 0xff, 0xff, 0x00, 0xbd, 0x24,
    0x00, 0x00, 0x00, 0x00, 0x00, 0x00, 0x00, 0x00, 0x00, 0x00, 0x00, 0x00, 0x00, 0x00, 0x01, 0x00,
    0xda, 0xfe, 0x00, 0xff, 0xff, 0x00, 0xff, 0xff, 0x00, 0xff, 0xff, 0x00, 0xff, 0xff, 0x00, 0xff,
    0xff, 0x00, 0xff, 0xff, 0x00, 0xff, 0xfd, 0x00, 0x1d, 0xbb, 0x00, 0xff, 0xff, 0x00, 0xff, 0xff,
    0x00, 0xff, 0xff, 0x00, 0xff, 0xff, 0x00, 0xff, 0xff, 0x00, 0xff, 0xff, 0x00, 0xff, 0xff, 0x00,
    0x77, 0x10, 0x00, 0x00, 0x00, 0x00, 0x00, 0x00, 0x00, 0x00, 0x00, 0x00, 0x00, 0x00, 0x00, 0x00,
    0x00, 0x00, 0xc1, 0xfd, 0x00, 0xff, 0xff, 0x00, 0xff, 0xff, 0x00, 0xff, 0xff, 0x00, 0xff, 0xff,
    0x00, 0xff, 0xff, 0x00, 0xff, 0xff, 0x00, 0xff, 0xfe, 0x00, 0x00, 0x00, 0x00, 0x00, 0x00, 0x00,
    0x00, 0x00, 0x00, 0x00, 0x00, 0x00, 0x00, 0x00, 0x00, 0x00, 0x00, 0x00, 0x00, 0x00, 0x00, 0x00,
    0x00, 0x00, 0x00, 0x00, 0x00, 0x00, 0x00, 0x00, 0x00, 0x00, 0x00, 0x00, 0x00, 0x00, 0x00, 0x00,
    0x00, 0x00, 0x00, 0x00, 0x00, 0x00, 0x00, 0x00, 0x00, 0x00, 0x00, 0x00, 0x00, 0x00, 0x00, 0x00,
    0x00, 0x00, 0x00, 0x00, 0x00, 0x00, 0x00, 0x00, 0x00, 0x00, 0x00, 0x00, 0x24, 0xdc, 0x00, 0xff,
    0xff, 0x00, 0xff, 0xff, 0x00, 0xff, 0xff, 0x00, 0xff, 0xff, 0x00, 0xff, 0xff, 0x00, 0xff, 0xff,
    0x00, 0xff, 0xfd, 0x00, 0x29, 0x00, 0x00, 0x00, 0x00, 0x00, 0x00, 0x00, 0x00, 0x00, 0x00, 0x00,
    0x00, 0x00, 0x00, 0x00, 0x00, 0x00, 0x9a, 0xfc, 0x00, 0xff, 0xff, 0x00, 0xff, 0xff, 0x00, 0xff,
    0xff, 0x00, 0xff, 0xff, 0x00, 0xff, 0xff, 0x00, 0xff, 0xff, 0x00, 0xff, 0xff, 0x00, 0x2d, 0xd7,
    0x00, 0xf6, 0xfa, 0x00, 0xff, 0xff, 0x00, 0xff, 0xff, 0x00, 0xff, 0xff, 0x00, 0xff, 0xff, 0x00,
    0xff, 0xff, 0x00, 0xff, 0xfc, 0x00, 0x20, 0x00, 0x00, 0x00, 0x00, 0x00, 0x00, 0x00, 0x00, 0x00,
    0x00, 0x00, 0x00, 0x00, 0x00, 0x00, 0x00, 0x00, 0x91, 0xfb, 0x00, 0xff, 0xff, 0x00, 0xff, 0xff,
    0x00, 0xff, 0xff, 0x00, 0xff, 0xff, 0x00, 0xff, 0xff, 0x00, 0xff, 0xff, 0x00, 0xff, 0xff, 0x00,
    0x00, 0x00, 0x00, 0x00, 0x00, 0x00, 0x00, 0x00, 0x00, 0x00, 0x00, 0x00, 0x00, 0x00, 0x00, 0x00,
    0x00, 0x00, 0x00, 0x00, 0x00, 0x00, 0x00, 0x00, 0x00, 0x00, 0x00, 0x00, 0x00, 0x00, 0x00, 0x00,
    0x00, 0x00, 0x00, 0x00, 0x00, 0x00, 0x00, 0x00, 0x00, 0x00, 0x00, 0x00, 0x00, 0x00, 0x00, 0x00,
    0x00, 0x00, 0x00, 0x00, 0x00, 0x00, 0x00, 0x00, 0x00, 0x00, 0x00, 0x00, 0x00, 0x00, 0x00, 0x00,
    0x00, 0x00, 0x00, 0x00, 0x00, 0x00, 0x00, 0x00, 0x28, 0x3d, 0x00, 0x56, 0x60, 0x00, 0x70, 0x77,
    0x00, 0x8a, 0xaa, 0x00, 0xca, 0xd4, 0x00, 0xe5, 0xe6, 0x00, 0x09, 0x00, 0x00, 0x00, 0x00, 0x00,
    0x00, 0x00, 0x00, 0x00, 0x00, 0x00, 0x00, 0x00, 0x00, 0x00, 0x00, 0x00, 0xa4, 0xfc, 0x00, 0xff,
    0xff, 0x00, 0xff, 0xff, 0x00, 0xff, 0xff, 0x00, 0xff, 0xff, 0x00, 0xff, 0xff, 0x00, 0xff, 0xff,
    0x00, 0xff, 0xfe, 0x00, 0x00, 0x00, 0x00, 0x00, 0x00, 0x00, 0x00, 0x00, 0x00, 0x00, 0x00, 0x00,
    0x00, 0x00, 0x00, 0x07, 0x23, 0x00, 0x40, 0x4a, 0x00, 0x5a, 0x5c, 0x00, 0x00, 0x00, 0x00, 0x00,
    0x00, 0x00, 0x00, 0x00, 0x00, 0x00, 0x00, 0x00, 0x00, 0x00, 0x00, 0x00, 0x00, 0x00, 0xb9, 0xfd,
    0x00, 0xff, 0xff, 0x00, 0xff, 0xff, 0x00, 0xff, 0xff, 0x00, 0xff, 0xff, 0x00, 0xff, 0xff, 0x00,
    0xff, 0xff, 0x00, 0xff, 0xfe, 0x00, 0x00, 0x00, 0x00, 0x00, 0x00, 0x00, 0x00, 0x00, 0x00, 0x00,
    0x00, 0x00, 0x00, 0x00, 0x00, 0x00, 0x00, 0x00, 0x00, 0x00, 0x00, 0x00, 0x00, 0x00, 0x00, 0x00,
    0x00, 0x00, 0x00, 0x00, 0x00, 0x00, 0x00, 0x00, 0x00, 0x00, 0x00, 0x00, 0x00, 0x00, 0x00, 0x00,
    0x00, 0x00, 0x00, 0x00, 0x00, 0x00, 0x00, 0x00, 0x00, 0x00, 0x00, 0x00, 0x00, 0x00, 0x00, 0x00,
    0x00, 0x00, 0x00, 0x00, 0x00, 0x00, 0x00, 0x00, 0x00, 0x00, 0x00, 0x00, 0x00, 0x00, 0x00, 0x00,
    0x00, 0x00, 0x00, 0x00, 0x00, 0x00, 0x00, 0x00, 0x00, 0x00, 0x00, 0x00, 0x00, 0x00, 0x00, 0x00,
    0x00, 0x00, 0x00, 0x00, 0x00, 0x00, 0x00, 0x00, 0x00, 0x00, 0x00, 0x00, 0x00, 0x00, 0x00, 0x00,
    0x04, 0x00, 0xe8, 0xff, 0x00, 0xff, 0xff, 0x00, 0xff, 0xff, 0x00, 0xff, 0xff, 0x00, 0xff, 0xff,
    0x00, 0xff, 0xff, 0x00, 0xff, 0xff, 0x00, 0xff, 0xfb, 0x00, 0x00, 0x00, 0x00, 0x00, 0x00, 0x00,
    0x00, 0x00, 0x00, 0x00, 0x00, 0x00, 0x00, 0x00, 0x00, 0x00, 0x00, 0x00, 0x00, 0x00, 0x00, 0x00,
    0x00, 0x00, 0x00, 0x00, 0x00, 0x00, 0x00, 0x00, 0x00, 0x00, 0x00, 0x00, 0x00, 0x00, 0x00, 0x00,
    0x00, 0x00, 0x13, 0x00, 0xf7, 0xff, 0x00, 0xff, 0xff, 0x00, 0xff, 0xff, 0x00, 0xff, 0xff, 0x00,
    0xff, 0xff, 0x00, 0xff, 0xff, 0x00, 0xff, 0xff, 0x00, 0xff, 0xf9, 0x00, 0x00, 0x00, 0x00, 0x00,
    0x00, 0x00, 0x00, 0x00, 0x00, 0x00, 0x00, 0x00, 0x00, 0x00, 0x00, 0x00, 0x00, 0x00, 0x00, 0x00,
    0x00, 0x00, 0x00, 0x00, 0x00, 0x00, 0x00, 0x00, 0x00, 0x00, 0x00, 0x00, 0x00, 0x00, 0x00, 0x00,
    0x00, 0x00, 0x00, 0x00, 0x00, 0x00, 0x00, 0x00, 0x00, 0x00, 0x00, 0x00, 0x00, 0x00, 0x00, 0x00,
    0x00, 0x00, 0x00, 0x00, 0x00, 0x00, 0x00, 0x00, 0x00, 0x00, 0x00, 0x00, 0x00, 0x00, 0x00, 0x00,
    0x00, 0x00, 0x00, 0x00, 0x00, 0x00, 0x00, 0x00, 0x00, 0x00, 0x00, 0x00, 0x00, 0x00, 0x00, 0x00,
    0x00, 0x00, 0x00, 0x00, 0x00, 0x00, 0x00, 0x00, 0x00, 0x00, 0x00, 0x00, 0x00, 0x00, 0x00, 0x00,
    0x00, 0x00, 0x00, 0x00, 0x00, 0x09, 0x5a, 0x00, 0xfe, 0xff, 0x00, 0xff, 0xff, 0x00, 0xff, 0xff,
    0x00, 0xff, 0xff, 0x00, 0xff, 0xff, 0x00, 0xff, 0xff, 0x00, 0xff, 0xff, 0x00, 0xff, 0xea, 0x00,
    0x00, 0x00, 0x00, 0x00, 0x00, 0x00, 0x00, 0x00, 0x00, 0x00, 0x00, 0x00, 0x00, 0x00, 0x00, 0x00,
    0x00, 0x00, 0x00, 0x00, 0x00, 0x00, 0x00, 0x00, 0x00, 0x00, 0x00, 0x00, 0x00, 0x00, 0x00, 0x00,
    0x00, 0x00, 0x00, 0x00, 0x00, 0x00, 0x00, 0x1b, 0xa9, 0x00, 0xff, 0xff, 0x00, 0xff, 0xff, 0x00,
    0xff, 0xff, 0x00, 0xff, 0xff, 0x00, 0xff, 0xff, 0x00, 0xff, 0xff, 0x00, 0xff, 0xff, 0x00, 0xfd,
    0xd1, 0x00, 0x00, 0x00, 0x00, 0x00, 0x00, 0x00, 0x00, 0x00, 0x00, 0x00, 0x00, 0x00, 0x00, 0x00,
    0x00, 0x00, 0x00, 0x00, 0x00, 0x00, 0x00, 0x00, 0x00, 0x00, 0x00, 0x00, 0x00, 0x00, 0x00, 0x00,
    0x00, 0x00, 0x00, 0x00, 0x00, 0x00, 0x00, 0x00, 0x00, 0x00, 0x00, 0x00, 0x00, 0x00, 0x00, 0x00,
    0x00, 0x00, 0x00, 0x00, 0x00, 0x00, 0x00, 0x00, 0x00, 0x00, 0x00, 0x00, 0x00, 0x00, 0x00, 0x00,
    0x00, 0x00, 0x00, 0x00, 0x00, 0x00, 0x00, 0x00, 0x00, 0x00, 0x00, 0x00, 0x00, 0x00, 0x00, 0x00,
    0x00, 0x00, 0x00, 0x00, 0x00, 0x00, 0x00, 0x00, 0x00, 0x00, 0x00, 0x00, 0x00, 0x00, 0x00, 0x00,
    0x00, 0x00, 0x00, 0x00, 0x00, 0x00, 0x00, 0x00, 0x00, 0x01, 0x00, 0xab, 0xf7, 0x00, 0xff, 0xff,
    0x00, 0xff, 0xff, 0x00, 0xff, 0xff, 0x00, 0xff, 0xff, 0x00, 0xff, 0xff, 0x00, 0xff, 0xff, 0x00,
    0xff, 0xff, 0x00, 0xef, 0x63, 0x00, 0x00, 0x00, 0x00, 0x00, 0x00, 0x00, 0x00, 0x00, 0x00, 0x00,
    0x00, 0x00, 0x00, 0x00, 0x00, 0x00, 0x00, 0x00, 0x00, 0x00, 0x00, 0x00, 0x00, 0x00, 0x00, 0x00,
    0x00, 0x00, 0x00, 0x00, 0x00, 0x00, 0x00, 0x00, 0x00, 0x00, 0x00, 0x07, 0x00, 0xe4, 0xfe, 0x00,
    0xff, 0xff, 0x00, 0xff, 0xff, 0x00, 0xff, 0xff, 0x00, 0xff, 0xff, 0x00, 0xff, 0xff, 0x00, 0xff,
    0xff, 0x00, 0xff, 0xff, 0x00, 0xcf, 0x2a, 0x00, 0x00, 0x00, 0x00, 0x00, 0x00, 0x00, 0x00, 0x00,
    0x00, 0x00, 0x00, 0x00, 0x00, 0x00, 0x00, 0x00, 0x00, 0x00, 0x00, 0x00, 0x00, 0x00, 0x00, 0x00,
    0x00, 0x00, 0x00, 0x00, 0x00, 0x00, 0x00, 0x00, 0x00, 0x00, 0x00, 0x00, 0x00, 0x00, 0x00, 0x00,
    0x00, 0x00, 0x00, 0x00, 0x00, 0x00, 0x00, 0x00, 0x00, 0x00, 0x00, 0x00, 0x00, 0x00, 0x00, 0x00,
    0x00, 0x00, 0x00, 0x00, 0x00, 0x00, 0x00, 0x00, 0x00, 0x00, 0x00, 0x00, 0x00, 0x00, 0x00, 0x00,
    0x00, 0x00, 0x00, 0x00, 0x00, 0x00, 0x00, 0x00, 0x00, 0x00, 0x00, 0x00, 0x00, 0x00, 0x00, 0x00,
    0x00, 0x00, 0x00, 0x00, 0x00, 0x00, 0x00, 0x00, 0x00, 0x00, 0x00, 0x00, 0x00, 0x00, 0x18, 0x91,
    0x00, 0xff, 0xff, 0x00, 0xff, 0xff, 0x00, 0xff, 0xff, 0x00, 0xff, 0xff, 0x00, 0xff, 0xff, 0x00,
    0xff, 0xff, 0x00, 0xff, 0xff, 0x00, 0xff, 0xff, 0x00, 0x52, 0x07, 0x00, 0x00, 0x00, 0x00, 0x00,
    0x00, 0x00, 0x00, 0x00, 0x00, 0x00, 0x00, 0x00, 0x00, 0x00, 0x00, 0x00, 0x00, 0x00, 0x00, 0x00,
    0x00, 0x00, 0x00, 0x00, 0x00, 0x00, 0x00, 0x00, 0x00, 0x00, 0x00, 0x00, 0x00, 0x00, 0x00, 0x00,
    0x62, 0xdd, 0x00, 0xff, 0xff, 0x00, 0xff, 0xff, 0x00, 0xff, 0xff, 0x00, 0xff, 0xff, 0x00, 0xff,
    0xff, 0x00, 0xff, 0xff, 0x00, 0xff, 0xff, 0x00, 0xff, 0xfc, 0x00, 0x24, 0x00, 0x00, 0x00, 0x00,
    0x00, 0x00, 0x00, 0x00, 0x00, 0x00, 0x00, 0x00, 0x00, 0x00, 0x00, 0x00, 0x00, 0x00, 0x00, 0x00,
    0x00, 0x00, 0x00, 0x00, 0x00, 0x00, 0x00, 0x00, 0x00, 0x00, 0x00, 0x00, 0x00, 0x00, 0x00, 0x00,
    0x00, 0x00, 0x00, 0x00, 0x00, 0x00, 0x00, 0x00, 0x00, 0x00, 0x00, 0x00, 0x00, 0x00, 0x00, 0x00,
    0x00, 0x00, 0x00, 0x00, 0x00, 0x00, 0x00, 0x00, 0x00, 0x00, 0x00, 0x00, 0x00, 0x00, 0x00, 0x00,
    0x00, 0x00, 0x00, 0x00, 0x00, 0x00, 0x00, 0x00, 0x00, 0x00, 0x00, 0x00, 0x00, 0x00, 0x00, 0x00,
    0x00, 0x00, 0x00, 0x00, 0x00, 0x00, 0x00, 0x00, 0x00, 0x00, 0x00, 0x00, 0x00, 0x00, 0x00, 0x00,
    0x00, 0x00, 0x2f, 0x00, 0xf5, 0xff, 0x00, 0xff, 0xff, 0x00, 0xff, 0xff, 0x00, 0xff, 0xff, 0x00,
    0xff, 0xff, 0x00, 0xff, 0xff, 0x00, 0xff, 0xff, 0x00, 0xff, 0xff, 0x00, 0xfe, 0xb2, 0x00, 0x00,
    0x00, 0x00, 0x00, 0x00, 0x00, 0x00, 0x00, 0x00, 0x00, 0x00, 0x00, 0x00, 0x00, 0x00, 0x00, 0x00,
    0x00, 0x00, 0x00, 0x00, 0x00, 0x00, 0x00, 0x00, 0x00, 0x00, 0x00, 0x00, 0x00, 0x00, 0x00, 0x00,
    0x00, 0x00, 0x00, 0x22, 0x95, 0x00, 0xff, 0xff, 0x00, 0xff, 0xff, 0x00, 0xff, 0xff, 0x00, 0xff,
    0xff, 0x00, 0xff, 0xff, 0x00, 0xff, 0xff, 0x00, 0xff, 0xff, 0x00, 0xff, 0xff, 0x00, 0xe8, 0x62,
    0x00, 0x00, 0x00, 0x00, 0x00, 0x00, 0x00, 0x00, 0x00, 0x00, 0x00, 0x00, 0x00, 0x00, 0x00, 0x00,
    0x00, 0x00, 0x00, 0x00, 0x00, 0x00, 0x00, 0x00, 0x00, 0x00, 0x00, 0x00, 0x00, 0x00, 0x00, 0x00,
    0x00, 0x00, 0x00, 0x00, 0x00, 0x00, 0x00, 0x00, 0x00, 0x00, 0x00, 0x00, 0x00, 0x00, 0x00, 0x00,
    0x00, 0x00, 0x00, 0x00, 0x00, 0x00, 0x00, 0x00, 0x00, 0x00, 0x00, 0x00, 0x00, 0x00, 0x00, 0x00,
    0x00, 0x00, 0x00, 0x00, 0x00, 0x00, 0x00, 0x00, 0x00, 0x00, 0x00, 0x00, 0x00, 0x00, 0x00, 0x00,
    0x00, 0x00, 0x00, 0x00, 0x00, 0x00, 0x00, 0x00, 0x00, 0x00, 0x00, 0x00, 0x00, 0x00, 0x00, 0x00,
    0x00, 0x00, 0x00, 0x00, 0x00, 0x0e, 0x00, 0xdc, 0xfd, 0x00, 0xff, 0xff, 0x00, 0xff, 0xff, 0x00,
    0xff, 0xff, 0x00, 0xff, 0xff, 0x00, 0xff, 0xff, 0x00, 0xff, 0xff, 0x00, 0xff, 0xff, 0x00, 0xff,
    0xfe, 0x00, 0x54, 0x06, 0x00, 0x00, 0x00, 0x00, 0x00, 0x00, 0x00, 0x00, 0x00, 0x00, 0x00, 0x00,
    0x00, 0x00, 0x00, 0x00, 0x00, 0x00, 0x00, 0x00, 0x00, 0x00, 0x00, 0x00, 0x00, 0x00, 0x00, 0x00,
    0x00, 0x00, 0x00, 0x00, 0x00, 0x00, 0x05, 0x4d, 0x00, 0xfc, 0xff, 0x00, 0xff, 0xff, 0x00, 0xff,
    0xff, 0x00, 0xff, 0xff, 0x00, 0xff, 0xff, 0x00, 0xff, 0xff, 0x00, 0xff, 0xff, 0x00, 0xff, 0xff,
    0x00, 0xff, 0xf2, 0x00, 0x11, 0x00, 0x00, 0x00, 0x00, 0x00, 0x00, 0x00, 0x00, 0x00, 0x00, 0x00,
    0x00, 0x00, 0x00, 0x00, 0x00, 0x00, 0x00, 0x00, 0x00, 0x00, 0x00, 0x00, 0x00, 0x00, 0x00, 0x00,
    0x00, 0x00, 0x00, 0x00, 0x00, 0x00, 0x00, 0x00, 0x00, 0x00, 0x00, 0x00, 0x00, 0x00, 0x00, 0x00,
    0x00, 0x00, 0x00, 0x00, 0x00, 0x00, 0x00, 0x00, 0x00, 0x00, 0x00, 0x00, 0x00, 0x00, 0x00, 0x00,
    0x00, 0x00, 0x00, 0x00, 0x00, 0x00, 0x00, 0x00, 0x00, 0x00, 0x00, 0x00, 0x00, 0x00, 0x00, 0x00,
    0x00, 0x00, 0x00, 0x00, 0x00, 0x00, 0x00, 0x00, 0x00, 0x00, 0x00, 0x00, 0x00, 0x00, 0x00, 0x00,
    0x00, 0x00, 0x00, 0x00, 0x00, 0x00, 0x00, 0x00, 0x05, 0x00, 0xb6, 0xfa, 0x00, 0xff, 0xff, 0x00,
    0xff, 0xff, 0x00, 0xff, 0xff, 0x00, 0xff, 0xff, 0x00, 0xff, 0xff, 0x00, 0xff, 0xff, 0x00, 0xff,
    0xff, 0x00, 0xff, 0xff, 0x00, 0xdb, 0x64, 0x00, 0x00, 0x00, 0x00, 0x00, 0x00, 0x00, 0x00, 0x00,
    0x00, 0x00, 0x00, 0x00, 0x00, 0x00, 0x00, 0x00, 0x00, 0x00, 0x00, 0x00, 0x00, 0x00, 0x00, 0x00,
    0x00, 0x00, 0x00, 0x00, 0x00, 0x00, 0x00, 0x00, 0x00, 0x04, 0x2e, 0x00, 0xf6, 0xff, 0x00, 0xff,
    0xff, 0x00, 0xff, 0xff, 0x00, 0xff, 0xff, 0x00, 0xff, 0xff, 0x00, 0xff, 0xff, 0x00, 0xff, 0xff,
    0x00, 0xff, 0xff, 0x00, 0xff, 0xff, 0x00, 0x8b, 0x11, 0x00, 0x00, 0x00, 0x00, 0x00, 0x00, 0x00,
    0x00, 0x00, 0x00, 0x00, 0x00, 0x00, 0x00, 0x00, 0x00, 0x00, 0x00, 0x00, 0x00, 0x00, 0x00, 0x00,
    0x00, 0x00, 0x00, 0x00, 0x00, 0x00, 0x00, 0x00, 0x00, 0x00, 0x00, 0x00, 0x00, 0x00, 0x00, 0x00,
    0x00, 0x00, 0x00, 0x00, 0x00, 0x00, 0x00, 0x00, 0x00, 0x00, 0x00, 0x00, 0x00, 0x00, 0x00, 0x00,
    0x00, 0x00, 0x00, 0x00, 0x00, 0x00, 0x00, 0x00, 0x00, 0x00, 0x00, 0x00, 0x00, 0x00, 0x00, 0x00,
    0x00, 0x00, 0x00, 0x00, 0x00, 0x00, 0x00, 0x00, 0x00, 0x00, 0x00, 0x00, 0x00, 0x00, 0x00, 0x00,
    0x00, 0x00, 0x00, 0x00, 0x00, 0x00, 0x00, 0x00, 0x00, 0x00, 0x00, 0x02, 0x00, 0x85, 0xeb, 0x00,
    0xff, 0xff, 0x00, 0xff, 0xff, 0x00, 0xff, 0xff, 0x00, 0xff, 0xff, 0x00, 0xff, 0xff, 0x00, 0xff,
    0xff, 0x00, 0xff, 0xff, 0x00, 0xff, 0xff, 0x00, 0xfc, 0xd0, 0x00, 0x04, 0x00, 0x00, 0x00, 0x00,
    0x00, 0x00, 0x00, 0x00, 0x00, 0x00, 0x00, 0x00, 0x00, 0x00, 0x00, 0x00, 0x00, 0x00, 0x00, 0x00,
    0x00, 0x00, 0x00, 0x00, 0x00, 0x00, 0x00, 0x00, 0x00, 0x00, 0x00, 0x00, 0x01, 0x10, 0x00, 0xe3,
    0xfe, 0x00, 0xff, 0xff, 0x00, 0xff, 0xff, 0x00, 0xff, 0xff, 0x00, 0xff, 0xff, 0x00, 0xff, 0xff,
    0x00, 0xff, 0xff, 0x00, 0xff, 0xff, 0x00, 0xff, 0xff, 0x00, 0xe2, 0x71, 0x00, 0x00, 0x00, 0x00,
    0x00, 0x00, 0x00, 0x00, 0x00, 0x00, 0x00, 0x00, 0x00, 0x00, 0x00, 0x00, 0x00, 0x00, 0x00, 0x00,
    0x00, 0x00, 0x00, 0x00, 0x00, 0x00, 0x00, 0x00, 0x00, 0x00, 0x00, 0x00, 0x00, 0x00, 0x00, 0x00,
    0x00, 0x00, 0x00, 0x00, 0x00, 0x00, 0x00, 0x00, 0x00, 0x00, 0x00, 0x00, 0x00, 0x00, 0x00, 0x00,
    0x00, 0x00, 0x00, 0x00, 0x00, 0x00, 0x00, 0x00, 0x00, 0x00, 0x00, 0x00, 0x00, 0x00, 0x00, 0x00,
    0x00, 0x00, 0x00, 0x00, 0x00, 0x00, 0x00, 0x00, 0x00, 0x00, 0x00, 0x00, 0x00, 0x00, 0x00, 0x00,
    0x00, 0x00, 0x00, 0x00, 0x00, 0x00, 0x00, 0x00, 0x00, 0x00, 0x00, 0x00, 0x00, 0x00, 0x00, 0x00,
    0x4b, 0xcc, 0x00, 0xff, 0xff, 0x00, 0xff, 0xff, 0x00, 0xff, 0xff, 0x00, 0xff, 0xff, 0x00, 0xff,
    0xff, 0x00, 0xff, 0xff, 0x00, 0xff, 0xff, 0x00, 0xff, 0xff, 0x00, 0xff, 0xf6, 0x00, 0x2f, 0x02,
    0x00, 0x00, 0x00, 0x00, 0x00, 0x00, 0x00, 0x00, 0x00, 0x00, 0x00, 0x00, 0x00, 0x00, 0x00, 0x00,
    0x00, 0x00, 0x00, 0x00, 0x00, 0x00, 0x00, 0x00, 0x00, 0x00, 0x00, 0x00, 0x00, 0x00, 0x00, 0x00,
    0x02, 0x00, 0xc0, 0xf9, 0x00, 0xff, 0xff, 0x00, 0xff, 0xff, 0x00, 0xff, 0xff, 0x00, 0xff, 0xff,
    0x00, 0xff, 0xff, 0x00, 0xff, 0xff, 0x00, 0xff, 0xff, 0x00, 0xff, 0xff, 0x00, 0xfb, 0xc3, 0x00,
    0x04, 0x00, 0x00, 0x00, 0x00, 0x00, 0x00, 0x00, 0x00, 0x00, 0x00, 0x00, 0x00, 0x00, 0x00, 0x00,
    0x00, 0x00, 0x00, 0x00, 0x00, 0x00, 0x00, 0x00, 0x00, 0x00, 0x00, 0x00, 0x00, 0x00, 0x00, 0x00,
    0x00, 0x00, 0x00, 0x00, 0x00, 0x00, 0x00, 0x00, 0x00, 0x00, 0x00, 0x00, 0x00, 0x00, 0x00, 0x00,
    0x00, 0x00, 0x00, 0x00, 0x00, 0x00, 0x00, 0x00, 0x00, 0x00, 0x00, 0x00, 0x00, 0x00, 0x00, 0x00,
    0x00, 0x00, 0x00, 0x00, 0x00, 0x00, 0x00, 0x00, 0x00, 0x00, 0x00, 0x00, 0x00, 0x00, 0x00, 0x00,
    0x00, 0x00, 0x00, 0x00, 0x00, 0x00, 0x00, 0x00, 0x00, 0x00, 0x00, 0x00, 0x00, 0x00, 0x00, 0x00,
    0x00, 0x00, 0x00, 0x2e, 0xa3, 0x00, 0xff, 0xff, 0x00, 0xff, 0xff, 0x00, 0xff, 0xff, 0x00, 0xff,
    0xff, 0x00, 0xff, 0xff, 0x00, 0xff, 0xff, 0x00, 0xff, 0xff, 0x00, 0xff, 0xff, 0x00, 0xff, 0xfe,
    0x00, 0x62, 0x0b, 0x00, 0x00, 0x00, 0x00, 0x00, 0x00, 0x00, 0x00, 0x00, 0x00, 0x00, 0x00, 0x00,
    0x00, 0x00, 0x00, 0x00, 0x00, 0x00, 0x00, 0x00, 0x00, 0x00, 0x00, 0x00, 0x00, 0x00, 0x00, 0x00,
    0x00, 0x00, 0x00, 0x01, 0x00, 0x93, 0xeb, 0x00, 0xff, 0xff, 0x00, 0xff, 0xff, 0x00, 0xff, 0xff,
    0x00, 0xff, 0xff, 0x00, 0xff, 0xff, 0x00, 0xff, 0xff, 0x00, 0xff, 0xff, 0x00, 0xff, 0xff, 0x00,
    0xfe, 0xea, 0x00, 0x17, 0x01, 0x00, 0x00, 0x00, 0x00, 0x00, 0x00, 0x00, 0x00, 0x00, 0x00, 0x00,
    0x00, 0x00, 0x00, 0x00, 0x00, 0x00, 0x00, 0x00, 0x00, 0x00, 0x00, 0x00, 0x00, 0x00, 0x00, 0x00,
    0x00, 0x00, 0x00, 0x00, 0x00, 0x00, 0x00, 0x00, 0x00, 0x00, 0x00, 0x00, 0x00, 0x00, 0x00, 0x00,
    0x00, 0x00, 0x00, 0x00, 0x00, 0x00, 0x00, 0x00, 0x00, 0x00, 0x00, 0x00, 0x00, 0x00, 0x00, 0x00,
    0x00, 0x00, 0x00, 0x00, 0x00, 0x00, 0x00, 0x00, 0x00, 0x00, 0x00, 0x00, 0x00, 0x00, 0x00, 0x00,
    0x00, 0x00, 0x00, 0x00, 0x00, 0x00, 0x00, 0x00, 0x00, 0x00, 0x00, 0x00, 0x00, 0x00, 0x00, 0x00,
    0x00, 0x00, 0x00, 0x00, 0x00, 0x00, 0x07, 0x61, 0x00, 0xfd, 0xff, 0x00, 0xff, 0xff, 0x00, 0xff,
    0xff, 0x00, 0xff, 0xff, 0x00, 0xff, 0xff, 0x00, 0xff, 0xff, 0x00, 0xff, 0xff, 0x00, 0xff, 0xff,
    0x00, 0xff, 0xff, 0x00, 0xa7, 0x31, 0x00, 0x00, 0x00, 0x00, 0x00, 0x00, 0x00, 0x00, 0x00, 0x00,
    0x00, 0x00, 0x00, 0x00, 0x00, 0x00, 0x00, 0x00, 0x00, 0x00, 0x00, 0x00, 0x00, 0x00, 0x00, 0x00,
    0x00, 0x00, 0x00, 0x00, 0x00, 0x00, 0x00, 0x00, 0x53, 0xd1, 0x00, 0xff, 0xff, 0x00, 0xff, 0xff,
    0x00, 0xff, 0xff, 0x00, 0xff, 0xff, 0x00, 0xff, 0xff, 0x00, 0xff, 0xff, 0x00, 0xff, 0xff, 0x00,
    0xff, 0xff, 0x00, 0xff, 0xf9, 0x00, 0x3c, 0x05, 0x00, 0x00, 0x00, 0x00, 0x00, 0x00, 0x00, 0x00,
    0x00, 0x00, 0x00, 0x00, 0x00, 0x00, 0x00, 0x00, 0x00, 0x00, 0x00, 0x00, 0x00, 0x00, 0x00, 0x00,
    0x00, 0x00, 0x00, 0x00, 0x00, 0x00, 0x00, 0x00, 0x00, 0x00, 0x00, 0x00, 0x00, 0x00, 0x00, 0x00,
    0x00, 0x00, 0x00, 0x00, 0x00, 0x00, 0x00, 0x00, 0x00, 0x00, 0x00, 0x00, 0x00, 0x00, 0x00, 0x00,
    0x00, 0x00, 0x00, 0x00, 0x00, 0x00, 0x00, 0x00, 0x00, 0x00, 0x00, 0x00, 0x00, 0x00, 0x00, 0x00,
    0x00, 0x00, 0x00, 0x00, 0x00, 0x00, 0x00, 0x00, 0x00, 0x00, 0x00, 0x00, 0x00, 0x00, 0x00, 0x00,
    0x00, 0x00, 0x00, 0x00, 0x00, 0x00, 0x00, 0x00, 0x00, 0x06, 0x3c, 0x00, 0xfb, 0xff, 0x00, 0xff,
    0xff, 0x00, 0xff, 0xff, 0x00, 0xff, 0xff, 0x00, 0xff, 0xff, 0x00, 0xff, 0xff, 0x00, 0xff, 0xff,
    0x00, 0xff, 0xff, 0x00, 0xff, 0xff, 0x00, 0xd2, 0x55, 0x00, 0x00, 0x00, 0x00, 0x00, 0x00, 0x00,
    0x00, 0x00, 0x00, 0x00, 0x00, 0x00, 0x00, 0x00, 0x00, 0x00, 0x00, 0x00, 0x00, 0x00, 0x00, 0x00,
    0x00, 0x00, 0x00, 0x00, 0x00, 0x00, 0x00, 0x00, 0x00, 0x00, 0x00, 0x31, 0xa8, 0x00, 0xff, 0xff,
    0x00, 0xff, 0xff, 0x00, 0xff, 0xff, 0x00, 0xff, 0xff, 0x00, 0xff, 0xff, 0x00, 0xff, 0xff, 0x00,
    0xff, 0xff, 0x00, 0xff, 0xff, 0x00, 0xff, 0xfd, 0x00, 0x6d, 0x0c, 0x00, 0x00, 0x00, 0x00, 0x00,
    0x00, 0x00, 0x00, 0x00, 0x00, 0x00, 0x00, 0x00, 0x00, 0x00, 0x00, 0x00, 0x00, 0x00, 0x00, 0x00,
    0x00, 0x00, 0x00, 0x00, 0x00, 0x00, 0x00, 0x00, 0x00, 0x00, 0x00, 0x00, 0x00, 0x00, 0x00, 0x00,
    0x00, 0x00, 0x00, 0x00, 0x00, 0x00, 0x00, 0x00, 0x00, 0x00, 0x00, 0x00, 0x00, 0x00, 0x00, 0x00,
    0x00, 0x00, 0x00, 0x00, 0x00, 0x00, 0x00, 0x00, 0x00, 0x00, 0x00, 0x00, 0x00, 0x00, 0x00, 0x00,
    0x00, 0x00, 0x00, 0x00, 0x00, 0x00, 0x00, 0x00, 0x00, 0x00, 0x00, 0x00, 0x00, 0x00, 0x00, 0x00,
    0x00, 0x00, 0x00, 0x00, 0x00, 0x00, 0x00, 0x00, 0x00, 0x00, 0x00, 0x00, 0x01, 0x19, 0x00, 0xec,
    0xfe, 0x00, 0xff, 0xff, 0x00, 0xff, 0xff, 0x00, 0xff, 0xff, 0x00, 0xff, 0xff, 0x00, 0xff, 0xff,
    0x00, 0xff, 0xff, 0x00, 0xff, 0xff, 0x00, 0xff, 0xff, 0x00, 0xee, 0x98, 0x00, 0x00, 0x00, 0x00,
    0x00, 0x00, 0x00, 0x00, 0x00, 0x00, 0x00, 0x00, 0x00, 0x00, 0x00, 0x00, 0x00, 0x00, 0x00, 0x00,
    0x00, 0x00, 0x00, 0x00, 0x00, 0x00, 0x00, 0x00, 0x00, 0x00, 0x00, 0x00, 0x00, 0x00, 0x0b, 0x6f,
    0x00, 0xfe, 0xff, 0x00, 0xff, 0xff, 0x00, 0xff, 0xff, 0x00, 0xff, 0xff, 0x00, 0xff, 0xff, 0x00,
    0xff, 0xff, 0x00, 0xff, 0xff, 0x00, 0xff, 0xff, 0x00, 0xff, 0xff, 0x00, 0xa9, 0x30, 0x00, 0x00,
    0x00, 0x00, 0x00, 0x00, 0x00, 0x00, 0x00, 0x00, 0x00, 0x00, 0x00, 0x00, 0x00, 0x00, 0x00, 0x00,
    0x00, 0x00, 0x00, 0x00, 0x00, 0x00, 0x00, 0x00, 0x00, 0x00, 0x00, 0x00, 0x00, 0x00, 0x00, 0x00,
    0x00, 0x00, 0x00, 0x00, 0x00, 0x00, 0x00, 0x00, 0x00, 0x00, 0x00, 0x00, 0x00, 0x00, 0x00, 0x00,
    0x00, 0x00, 0x00, 0x00, 0x00, 0x00, 0x00, 0x00, 0x00, 0x00, 0x00, 0x00, 0x00, 0x00, 0x00, 0x00,
    0x00, 0x00, 0x00, 0x00, 0x00, 0x00, 0x00, 0x00, 0x00, 0x00, 0x00, 0x00, 0x00, 0x00, 0x00, 0x00,
    0x00, 0x00, 0x00, 0x00, 0x00, 0x00, 0x00, 0x00, 0x00, 0x00, 0x00, 0x00, 0x00, 0x00, 0x00, 0x00,
    0x05, 0x00, 0xcf, 0xfb, 0x00, 0xff, 0xff, 0x00, 0xff, 0xff, 0x00, 0xff, 0xff, 0x00, 0xff, 0xff,
    0x00, 0xff, 0xff, 0x00, 0xff, 0xff, 0x00, 0xff, 0xff, 0x00, 0xff, 0xff, 0x00, 0xfa, 0xc6, 0x00,
    0x03, 0x00, 0x00, 0x00, 0x00, 0x00, 0x00, 0x00, 0x00, 0x00, 0x00, 0x00, 0x00, 0x00, 0x00, 0x00,
    0x00, 0x00, 0x00, 0x00, 0x00, 0x00, 0x00, 0x00, 0x00, 0x00, 0x00, 0x00, 0x00, 0x00, 0x00, 0x00,
    0x00, 0x04, 0x48, 0x00, 0xf9, 0xff, 0x00, 0xff, 0xff, 0x00, 0xff, 0xff, 0x00, 0xff, 0xff, 0x00,
    0xff, 0xff, 0x00, 0xff, 0xff, 0x00, 0xff, 0xff, 0x00, 0xff, 0xff, 0x00, 0xff, 0xff, 0x00, 0xd3,
    0x4f, 0x00, 0x00, 0x00, 0x00, 0x00, 0x00, 0x00, 0x00, 0x00, 0x00, 0x00, 0x00, 0x00, 0x00, 0x00,
    0x00, 0x00, 0x00, 0x00, 0x00, 0x00, 0x00, 0x00, 0x00, 0x00, 0x00, 0x00, 0x00, 0x00, 0x00, 0x00,
    0x00, 0x00, 0x00, 0x00, 0x00, 0x00, 0x00, 0x00, 0x00, 0x00, 0x00, 0x00, 0x00, 0x00, 0x00, 0x00,
    0x00, 0x00, 0x00, 0x00, 0x00, 0x00, 0x00, 0x00, 0x00, 0x00, 0x00, 0x00, 0x00, 0x00, 0x00, 0x00,
    0x00, 0x00, 0x00, 0x00, 0x00, 0x00, 0x00, 0x00, 0x00, 0x00, 0x00, 0x00, 0x00, 0x00, 0x00, 0x00,
    0x00, 0x00, 0x00, 0x00, 0x00, 0x00, 0x00, 0x00, 0x00, 0x00, 0x00, 0x00, 0x00, 0x00, 0x00, 0x00,
    0x00, 0x00, 0x00, 0x01, 0x00, 0xa4, 0xf1, 0x00, 0xff, 0xff, 0x00, 0xff, 0xff, 0x00, 0xff, 0xff,
    0x00, 0xff, 0xff, 0x00, 0xff, 0xff, 0x00, 0xff, 0xff, 0x00, 0xff, 0xff, 0x00, 0xff, 0xff, 0x00,
    0xfe, 0xe9, 0x00, 0x19, 0x01, 0x00, 0x00, 0x00, 0x00, 0x00, 0x00, 0x00, 0x00, 0x00, 0x00, 0x00,
    0x00, 0x00, 0x00, 0x00, 0x00, 0x00, 0x00, 0x00, 0x00, 0x00, 0x00, 0x00, 0x00, 0x00, 0x00, 0x00,
    0x00, 0x00, 0x00, 0x00, 0x00, 0x1d, 0x00, 0xec, 0xfe, 0x00, 0xff, 0xff, 0x00, 0xff, 0xff, 0x00,
    0xff, 0xff, 0x00, 0xff, 0xff, 0x00, 0xff, 0xff, 0x00, 0xff, 0xff, 0x00, 0xff, 0xff, 0x00, 0xff,
    0xff, 0x00, 0xf0, 0x92, 0x00, 0x02, 0x00, 0x00, 0x00, 0x00, 0x00, 0x00, 0x00, 0x00, 0x00, 0x00,
    0x00, 0x00, 0x00, 0x00, 0x00, 0x00, 0x00, 0x00, 0x00, 0x00, 0x00, 0x00, 0x00, 0x00, 0x00, 0x00,
    0x00, 0x00, 0x00, 0x00, 0x00, 0x00, 0x00, 0x00, 0x00, 0x00, 0x00, 0x00, 0x00, 0x00, 0x00, 0x00,
    0x00, 0x00, 0x00, 0x00, 0x00, 0x00, 0x00, 0x00, 0x00, 0x00, 0x00, 0x00, 0x00, 0x00, 0x00, 0x00,
    0x00, 0x00, 0x00, 0x00, 0x00, 0x00, 0x00, 0x00, 0x00, 0x00, 0x00, 0x00, 0x00, 0x00, 0x00, 0x00,
    0x00, 0x00, 0x00, 0x00, 0x00, 0x00, 0x00, 0x00, 0x00, 0x00, 0x00, 0x00, 0x00, 0x00, 0x00, 0x00,
    0x00, 0x00, 0x00, 0x00, 0x00, 0x00, 0x00, 0x00, 0x67, 0xdd, 0x00, 0xff, 0xff, 0x00, 0xff, 0xff,
    0x00, 0xff, 0xff, 0x00, 0xff, 0xff, 0x00, 0xff, 0xff, 0x00, 0xff, 0xff, 0x00, 0xff, 0xff, 0x00,
    0xff, 0xff, 0x00, 0xff, 0xf9, 0x00, 0x35, 0x04, 0x00, 0x00, 0x00, 0x00, 0x00, 0x00, 0x00, 0x00,
    0x00, 0x00, 0x00, 0x00, 0x00, 0x00, 0x00, 0x00, 0x00, 0x00, 0x00, 0x00, 0x00, 0x00, 0x00, 0x00,
    0x00, 0x00, 0x00, 0x00, 0x00, 0x00, 0x00, 0x00, 0x0a, 0x00, 0xd3, 0xfd, 0x00, 0xff, 0xff, 0x00,
    0xff, 0xff, 0x00, 0xff, 0xff, 0x00, 0xff, 0xff, 0x00, 0xff, 0xff, 0x00, 0xff, 0xff, 0x00, 0xff,
    0xff, 0x00, 0xff, 0xff, 0x00, 0xfb, 0xc3, 0x00, 0x04, 0x00, 0x00, 0x00, 0x00, 0x00, 0x00, 0x00,
    0x00, 0x00, 0x00, 0x00, 0x00, 0x00, 0x00, 0x00, 0x00, 0x00, 0x00, 0x00, 0x00, 0x00, 0x00, 0x00,
    0x00, 0x00, 0x00, 0x00, 0x00, 0x00, 0x00, 0x00, 0x00, 0x00, 0x00, 0x00, 0x00, 0x00, 0x00, 0x00,
    0x00, 0x00, 0x00, 0x00, 0x00, 0x00, 0x00, 0x00, 0x00, 0x00, 0x00, 0x00, 0x00, 0x00, 0x00, 0x00,
    0x00, 0x00, 0x00, 0x00, 0x00, 0x00, 0x00, 0x00, 0x00, 0x00, 0x00, 0x00, 0x00, 0x00, 0x00, 0x00,
    0x00, 0x00, 0x00, 0x00, 0x00, 0x00, 0x00, 0x00, 0x00, 0x00, 0x00, 0x00, 0x00, 0x00, 0x00, 0x00,
    0x00, 0x00, 0x00, 0x00, 0x00, 0x00, 0x00, 0x00, 0x00, 0x00, 0x00, 0x40, 0xb8, 0x00, 0xff, 0xff,
    0x00, 0xff, 0xff, 0x00, 0xff, 0xff, 0x00, 0xff, 0xff, 0x00, 0xff, 0xff, 0x00, 0xff, 0xff, 0x00,
    0xff, 0xff, 0x00, 0xff, 0xff, 0x00, 0xff, 0xfd, 0x00, 0x6a, 0x0f, 0x00, 0x00, 0x00, 0x00, 0x00,
    0x00, 0x00, 0x00, 0x00, 0x00, 0x00, 0x00, 0x00, 0x00, 0x00, 0x00, 0x00, 0x00, 0x00, 0x00, 0x00,
    0x00, 0x00, 0x00, 0x00, 0x00, 0x00, 0x00, 0x00, 0x00, 0x00, 0x00, 0x04, 0x00, 0xa8, 0xf7, 0x00,
    0xff, 0xff, 0x00, 0xff, 0xff, 0x00, 0xff, 0xff, 0x00, 0xff, 0xff, 0x00, 0xff, 0xff, 0x00, 0xff,
    0xff, 0x00, 0xff, 0xff, 0x00, 0xff, 0xff, 0x00, 0xfe, 0xe5, 0x00, 0x19, 0x00, 0x00, 0x00, 0x00,
    0x00, 0x00, 0x00, 0x00, 0x00, 0x00, 0x00, 0x00, 0x00, 0x00, 0x00, 0x00, 0x00, 0x00, 0x00, 0x00,
    0x00, 0x00, 0x00, 0x00, 0x00, 0x00, 0x00, 0x00, 0x00, 0x00, 0x00, 0x00, 0x00, 0x00, 0x00, 0x00,
    0x00, 0x00, 0x00, 0x00, 0x00, 0x00, 0x00, 0x00, 0x00, 0x00, 0x00, 0x00, 0x00, 0x00, 0x00, 0x00,
    0x00, 0x00, 0x00, 0x00, 0x00, 0x00, 0x00, 0x00, 0x00, 0x00, 0x00, 0x00, 0x00, 0x00, 0x00, 0x00,
    0x00, 0x00, 0x00, 0x00, 0x00, 0x00, 0x00, 0x00, 0x00, 0x00, 0x00, 0x00, 0x00, 0x00, 0x00, 0x00,
    0x00, 0x00, 0x00, 0x00, 0x00, 0x00, 0x00, 0x00, 0x00, 0x00, 0x00, 0x00, 0x00, 0x00, 0x00, 0x23,
    0x00, 0xfd, 0xff, 0x00, 0xff, 0xff, 0x00, 0xff, 0xff, 0x00, 0xff, 0xff, 0x00, 0xff, 0xff, 0x00,
    0xff, 0xff, 0x00, 0xff, 0xff, 0x00, 0xff, 0xff, 0x00, 0xff, 0xff, 0x00, 0xf0, 0xc7, 0x00, 0xb4,
    0xb4, 0x00, 0xb4, 0xb4, 0x00, 0xb4, 0xb4, 0x00, 0xb4, 0xb4, 0x00, 0xb4, 0xb4, 0x00, 0xb4, 0xb4,
    0x00, 0xb4, 0xb4, 0x00, 0xb4, 0xb4, 0x00, 0xb4, 0xb4, 0x00, 0xb4, 0xb4, 0x00, 0xb1, 0x87, 0x00,
    0x00, 0x24, 0x00, 0xfd, 0xff, 0x00, 0xff, 0xff, 0x00, 0xff, 0xff, 0x00, 0xff, 0xff, 0x00, 0xff,
    0xff, 0x00, 0xff, 0xff, 0x00, 0xff, 0xff, 0x00, 0xff, 0xff, 0x00, 0xff, 0xff, 0x00, 0xff, 0xff,
    0x00, 0xff, 0xff, 0x00, 0xff, 0xff, 0x00, 0xff, 0xff, 0x00, 0xff, 0xff, 0x00, 0xff, 0xff, 0x00,
    0xff, 0xff, 0x00, 0xff, 0xff, 0x00, 0xff, 0xff, 0x00, 0xff, 0xff, 0x00, 0xff, 0xff, 0x00, 0xfc,
    0xc2, 0x00, 0x00, 0x00, 0x00, 0x00, 0x00, 0x00, 0x00, 0x00, 0x00, 0x00, 0x00, 0x00, 0x00, 0x00,
    0x00, 0x00, 0x00, 0x00, 0x00, 0x00, 0x00, 0x00, 0x00, 0x00, 0x00, 0x00, 0x00, 0x00, 0x00, 0x00,
    0x00, 0x00, 0x00, 0x00, 0x00, 0x00, 0x00, 0x00, 0x00, 0x00, 0x00, 0x00, 0x00, 0x00, 0x00, 0x00,
    0x00, 0x00, 0x00, 0x00, 0x00, 0x00, 0x00, 0x00, 0x00, 0x00, 0x00, 0x00, 0x00, 0x00, 0x00, 0x00,
    0x00, 0x00, 0x00, 0x00, 0x00, 0x24, 0x00, 0xfd, 0xff, 0x00, 0xff, 0xff, 0x00, 0xff, 0xff, 0x00,
    0xff, 0xff, 0x00, 0xff, 0xff, 0x00, 0xff, 0xff, 0x00, 0xff, 0xff, 0x00, 0xff, 0xff, 0x00, 0xff,
    0xff, 0x00, 0xff, 0xff, 0x00, 0xff, 0xff, 0x00, 0xff, 0xff, 0x00, 0xff, 0xff, 0x00, 0xff, 0xff,
    0x00, 0xff, 0xff, 0x00, 0xff, 0xff, 0x00, 0xff, 0xff, 0x00, 0xff, 0xff, 0x00, 0xff, 0xff, 0x00,
    0xff, 0xff, 0x00, 0xfc, 0xc2, 0x00, 0x00, 0x24, 0x00, 0xfd, 0xff, 0x00, 0xff, 0xff, 0x00, 0xff,
    0xff, 0x00, 0xff, 0xff, 0x00, 0xff, 0xff, 0x00, 0xff, 0xff, 0x00, 0xff, 0xff, 0x00, 0xff, 0xff,
    0x00, 0xff, 0xff, 0x00, 0xff, 0xff, 0x00, 0xff, 0xff, 0x00, 0xff, 0xff, 0x00, 0xff, 0xff, 0x00,
    0xff, 0xff, 0x00, 0xff, 0xff, 0x00, 0xff, 0xff, 0x00, 0xff, 0xff, 0x00, 0xff, 0xff, 0x00, 0xff,
    0xff, 0x00, 0xff, 0xff, 0x00, 0xfc, 0xc2, 0x00, 0x00, 0x00, 0x00, 0x00, 0x00, 0x00, 0x00, 0x00,
    0x00, 0x00, 0x00, 0x00, 0x00, 0x00, 0x00, 0x00, 0x00, 0x00, 0x00, 0x00, 0x00, 0x00, 0x00, 0x00,
    0x00, 0x00, 0x00, 0x00, 0x00, 0x00, 0x00, 0x00, 0x00, 0x00, 0x00, 0x00, 0x00, 0x00, 0x00, 0x00,
    0x00, 0x00, 0x00, 0x00, 0x00, 0x00, 0x00, 0x00, 0x00, 0x00, 0x00, 0x00, 0x00, 0x00, 0x00, 0x00,
    0x00, 0x00, 0x00, 0x00, 0x00, 0x00, 0x00, 0x00, 0x00, 0x00, 0x00, 0x24, 0x00, 0xfd, 0xff, 0x00,
    0xff, 0xff, 0x00, 0xff, 0xff, 0x00, 0xff, 0xff, 0x00, 0xff, 0xff, 0x00, 0xff, 0xff, 0x00, 0xff,
    0xff, 0x00, 0xff, 0xff, 0x00, 0xff, 0xff, 0x00, 0xff, 0xff, 0x00, 0xff, 0xff, 0x00, 0xff, 0xff,
    0x00, 0xff, 0xff, 0x00, 0xff, 0xff, 0x00, 0xff, 0xff, 0x00, 0xff, 0xff, 0x00, 0xff, 0xff, 0x00,
    0xff, 0xff, 0x00, 0xff, 0xff, 0x00, 0xff, 0xff, 0x00, 0xfc, 0xc2, 0x00, 0x00, 0x24, 0x00, 0xfd,
    0xff, 0x00, 0xff, 0xff, 0x00, 0xff, 0xff, 0x00, 0xff, 0xff, 0x00, 0xff, 0xff, 0x00, 0xff, 0xff,
    0x00, 0xff, 0xff, 0x00, 0xff, 0xff, 0x00, 0xff, 0xff, 0x00, 0xff, 0xff, 0x00, 0xff, 0xff, 0x00,
    0xff, 0xff, 0x00, 0xff, 0xff, 0x00, 0xff, 0xff, 0x00, 0xff, 0xff, 0x00, 0xff, 0xff, 0x00, 0xff,
    0xff, 0x00, 0xff, 0xff, 0x00, 0xff, 0xff, 0x00, 0xff, 0xff, 0x00, 0xfc, 0xc2, 0x00, 0x00, 0x00,
    0x00, 0x00, 0x00, 0x00, 0x00, 0x00, 0x00, 0x00, 0x00, 0x00, 0x00, 0x00, 0x00, 0x00, 0x00, 0x00,
    0x00, 0x00, 0x00, 0x00, 0x00, 0x00, 0x00, 0x00, 0x00, 0x00, 0x00, 0x00, 0x00, 0x00, 0x00, 0x00,
    0x00, 0x00, 0x00, 0x00, 0x00, 0x00, 0x00, 0x00, 0x00, 0x00, 0x00, 0x00, 0x00, 0x00, 0x00, 0x00,
    0x00, 0x00, 0x00, 0x00, 0x00, 0x00, 0x00, 0x00, 0x00, 0x00, 0x00, 0x00, 0x00, 0x00, 0x00, 0x00,
    0x00, 0x24, 0x00, 0xfd, 0xff, 0x00, 0xff, 0xff, 0x00, 0xff, 0xff, 0x00, 0xff, 0xff, 0x00, 0xff,
    0xff, 0x00, 0xff, 0xff, 0x00, 0xff, 0xff, 0x00, 0xff, 0xff, 0x00, 0xff, 0xff, 0x00, 0xff, 0xff,
    0x00, 0xff, 0xff, 0x00, 0xff, 0xff, 0x00, 0xff, 0xff, 0x00, 0xff, 0xff, 0x00, 0xff, 0xff, 0x00,
    0xff, 0xff, 0x00, 0xff, 0xff, 0x00, 0xff, 0xff, 0x00, 0xff, 0xff, 0x00, 0xff, 0xff, 0x00, 0xfc,
    0xc2, 0x00, 0x00, 0x24, 0x00, 0xfd, 0xff, 0x00, 0xff, 0xff, 0x00, 0xff, 0xff, 0x00, 0xff, 0xff,
    0x00, 0xff, 0xff, 0x00, 0xff, 0xff, 0x00, 0xff, 0xff, 0x00, 0xff, 0xff, 0x00, 0xff, 0xff, 0x00,
    0xff, 0xff, 0x00, 0xff, 0xff, 0x00, 0xff, 0xff, 0x00, 0xff, 0xff, 0x00, 0xff, 0xff, 0x00, 0xff,
    0xff, 0x00, 0xff, 0xff, 0x00, 0xff, 0xff, 0x00, 0xff, 0xff, 0x00, 0xff, 0xff, 0x00, 0xff, 0xff,
    0x00, 0xfc, 0xc2, 0x00, 0x00, 0x00, 0x00, 0x00, 0x00, 0x00, 0x00, 0x00, 0x00, 0x00, 0x00, 0x00,
    0x00, 0x00, 0x00, 0x00, 0x00, 0x00, 0x00, 0x00, 0x00, 0x00, 0x00, 0x00, 0x00, 0x00, 0x00, 0x00,
    0x00, 0x00, 0x00, 0x00, 0x00, 0x00, 0x00, 0x00, 0x00, 0x00, 0x00, 0x00, 0x00, 0x00, 0x00, 0x00,
    0x00, 0x00, 0x00, 0x00, 0x00, 0x00, 0x00, 0x00, 0x00, 0x00, 0x00, 0x00, 0x00, 0x00, 0x00, 0x00,
    0x00, 0x00, 0x00, 0x00, 0x00, 0x00, 0x00, 0x24, 0x00, 0xfd, 0xff, 0x00, 0xff, 0xff, 0x00, 0xff,
    0xff, 0x00, 0xff, 0xff, 0x00, 0xff, 0xff, 0x00, 0xff, 0xff, 0x00, 0xff, 0xff, 0x00, 0xff, 0xff,
    0x00, 0xff, 0xff, 0x00, 0xff, 0xff, 0x00, 0xff, 0xff, 0x00, 0xff, 0xff, 0x00, 0xff, 0xff, 0x00,
    0xff, 0xff, 0x00, 0xff, 0xff, 0x00, 0xff, 0xff, 0x00, 0xff, 0xff, 0x00, 0xff, 0xff, 0x00, 0xff,
    0xff, 0x00, 0xff, 0xff, 0x00, 0xfc, 0xc2, 0x00, 0x00, 0x24, 0x00, 0xfd, 0xff, 0x00, 0xff, 0xff,
    0x00, 0xff, 0xff, 0x00, 0xff, 0xff, 0x00, 0xff, 0xff, 0x00, 0xff, 0xff, 0x00, 0xff, 0xff, 0x00,
    0xff, 0xff, 0x00, 0xff, 0xff, 0x00, 0xff, 0xff, 0x00, 0xff, 0xff, 0x00, 0xff, 0xff, 0x00, 0xff,
    0xff, 0x00, 0xff, 0xff, 0x00, 0xff, 0xff, 0x00, 0xff, 0xff, 0x00, 0xff, 0xff, 0x00, 0xff, 0xff,
    0x00, 0xff, 0xff, 0x00, 0xff, 0xff, 0x00, 0xfc, 0xc2, 0x00, 0x00, 0x00, 0x00, 0x00, 0x00, 0x00,
    0x00, 0x00, 0x00, 0x00, 0x00, 0x00, 0x00, 0x00, 0x00, 0x00, 0x00, 0x00, 0x00, 0x00, 0x00, 0x00,
    0x00, 0x00, 0x00, 0x00, 0x00, 0x00, 0x00, 0x00, 0x00, 0x00, 0x00, 0x00, 0x00, 0x00, 0x00, 0x00,
    0x00, 0x00, 0x00, 0x00, 0x00, 0x00, 0x00, 0x00, 0x00, 0x00, 0x00, 0x00, 0x00, 0x00, 0x00, 0x00,
    0x00, 0x00, 0x00, 0x00, 0x00, 0x00, 0x00, 0x00, 0x00, 0x00, 0x00, 0x00, 0x00, 0x24, 0x00, 0xfd,
    0xff, 0x00, 0xff, 0xff, 0x00, 0xff, 0xff, 0x00, 0xff, 0xff, 0x00, 0xff, 0xff, 0x00, 0xff, 0xff,
    0x00, 0xff, 0xff, 0x00, 0xff, 0xff, 0x00, 0xff, 0xff, 0x00, 0xff, 0xff, 0x00, 0xff, 0xff, 0x00,
    0xff, 0xff, 0x00, 0xff, 0xff, 0x00, 0xff, 0xff, 0x00, 0xff, 0xff, 0x00, 0xff, 0xff, 0x00, 0xff,
    0xff, 0x00, 0xff, 0xff, 0x00, 0xff, 0xff, 0x00, 0xff, 0xff, 0x00, 0xfc, 0xc2, 0x00, 0x00, 0x24,
    0x00, 0xfd, 0xff, 0x00, 0xff, 0xff, 0x00, 0xff, 0xff, 0x00, 0xff, 0xff, 0x00, 0xff, 0xff, 0x00,
    0xff, 0xff, 0x00, 0xff, 0xff, 0x00, 0xff, 0xff, 0x00, 0xff, 0xff, 0x00, 0xff, 0xff, 0x00, 0xff,
    0xff, 0x00, 0xff, 0xff, 0x00, 0xff, 0xff, 0x00, 0xff, 0xff, 0x00, 0xff, 0xff, 0x00, 0xff, 0xff,
    0x00, 0xff, 0xff, 0x00, 0xff, 0xff, 0x00, 0xff, 0xff, 0x00, 0xff, 0xff, 0x00, 0xfc, 0xc2, 0x00,
    0x00, 0x00, 0x00, 0x00, 0x00, 0x00, 0x00, 0x00, 0x00, 0x00, 0x00, 0x00, 0x00, 0x00, 0x00, 0x00,
    0x00, 0x00, 0x00, 0x00, 0x00, 0x00, 0x00, 0x00, 0x00, 0x00, 0x00, 0x00, 0x00, 0x00, 0x00, 0x00,
    0x00, 0x00, 0x00, 0x00, 0x00, 0x00, 0x00, 0x00, 0x00, 0x00, 0x00, 0x00, 0x00, 0x00, 0x00, 0x00,
    0x00, 0x00, 0x00, 0x00, 0x00, 0x00, 0x00, 0x00, 0x00, 0x00, 0x00, 0x00, 0x00, 0x00, 0x00, 0x00,
    0x00, 0x00, 0x00, 0x24, 0x00, 0xfd, 0xff, 0x00, 0xff, 0xff, 0x00, 0xff, 0xff, 0x00, 0xff, 0xff,
    0x00, 0xff, 0xff, 0x00, 0xff, 0xff, 0x00, 0xff, 0xff, 0x00, 0xff, 0xff, 0x00, 0xff, 0xff, 0x00,
    0xff, 0xff, 0x00, 0xff, 0xff, 0x00, 0xff, 0xff, 0x00, 0xff, 0xff, 0x00, 0xff, 0xff, 0x00, 0xff,
    0xff, 0x00, 0xff, 0xff, 0x00, 0xff, 0xff, 0x00, 0xff, 0xff, 0x00, 0xff, 0xff, 0x00, 0xff, 0xff,
    0x00, 0xfc, 0xc2, 0x00, 0x00, 0x24, 0x00, 0xfd, 0xff, 0x00, 0xff, 0xff, 0x00, 0xff, 0xff, 0x00,
    0xff, 0xff, 0x00, 0xff, 0xff, 0x00, 0xff, 0xff, 0x00, 0xff, 0xff, 0x00, 0xff, 0xff, 0x00, 0xff,
    0xff, 0x00, 0xff, 0xff, 0x00, 0xff, 0xff, 0x00, 0xff, 0xff, 0x00, 0xff, 0xff, 0x00, 0xff, 0xff,
    0x00, 0xff, 0xff, 0x00, 0xff, 0xff, 0x00, 0xff, 0xff, 0x00, 0xff, 0xff, 0x00, 0xff, 0xff, 0x00,
    0xff, 0xff, 0x00, 0xfc, 0xc2, 0x00, 0x00, 0x00, 0x00, 0x00, 0x00, 0x00, 0x00, 0x00, 0x00, 0x00,
    0x00, 0x00, 0x00, 0x00, 0x00, 0x00, 0x00, 0x00, 0x00, 0x00, 0x00, 0x00, 0x00, 0x00, 0x00, 0x00,
    0x00, 0x00, 0x00, 0x00, 0x00, 0x00, 0x00, 0x00, 0x00, 0x00, 0x00, 0x00, 0x00, 0x00, 0x00, 0x00,
    0x00, 0x00, 0x00, 0x00, 0x00, 0x00, 0x00, 0x00, 0x00, 0x00, 0x00, 0x00, 0x00, 0x00, 0x00, 0x00,
    0x00, 0x00, 0x00, 0x00, 0x00, 0x00, 0x00, 0x00,
};
static const lv_image_dsc_t melt_img_41 = {
    .header.magic = LV_IMAGE_HEADER_MAGIC,
    .header.cf = LV_COLOR_FORMAT_A8,
    .header.flags = 0,
    .header.w = 66,
    .header.h = 108,
    .header.stride = 66,
    .data_size = sizeof melt_img_41_px,
    .data = melt_img_41_px,
};

static const uint8_t melt_img_42_px[] __attribute__((aligned(4))) = {
    0x00, 0x00, 0x00, 0x00, 0x00, 0x00, 0x00, 0x00, 0x00, 0x00, 0x00, 0x00, 0x00, 0x00, 0x00, 0x00,
    0x00, 0x00, 0x00, 0x00, 0x00, 0x00, 0x02, 0x00, 0x1c, 0x23, 0x00, 0x85, 0xa6, 0x00, 0xc9, 0xd4,
    0x00, 0xde, 0xe1, 0x00, 0xdb, 0xd6, 0x00, 0xbf, 0xab, 0x00, 0x53, 0x2a, 0x00, 0x10, 0x01, 0x00,
    0x00, 0x00, 0x00, 0x00, 0x00, 0x00, 0x00, 0x00, 0x00, 0x00, 0x00, 0x00, 0x00, 0x00, 0x00, 0x00,
    0x00, 0x00, 0x00, 0x00, 0x00, 0x00, 0x00, 0x00, 0x00, 0x00, 0x00, 0x00, 0x00, 0x00, 0x00, 0x00,
    0x00, 0x00, 0x00, 0x00, 0x00, 0x00, 0x00, 0x00, 0x1e, 0x36, 0x00, 0xb3, 0xd5, 0x00, 0xf6, 0xf9,
    0x00, 0xfd, 0xfe, 0x00, 0xff, 0xff, 0x00, 0xfe, 0xfe, 0x00, 0xfc, 0xfa, 0x00, 0xef, 0xd9, 0x00,
    0x7e, 0x33, 0x00, 0x0b, 0x00, 0x00, 0x00, 0x00, 0x00, 0x00, 0x00, 0x00, 0x00, 0x00, 0x00, 0x00,
    0x00, 0x00, 0x00, 0x00, 0x00, 0x00, 0x00, 0x00, 0x00, 0x00, 0x00, 0x00, 0x00, 0x00, 0x00, 0x00,
    0x00, 0x00, 0x00, 0x00, 0x00, 0x00, 0x00, 0x00, 0x00, 0x00, 0x00, 0x00, 0x00, 0x00, 0x00, 0x00,
    0x00, 0x00, 0x00, 0x00, 0x00, 0x00, 0x00, 0x00, 0x00, 0x00, 0x00, 0x00, 0x00, 0x00, 0x00, 0x00,
    0x00, 0x00, 0x00, 0x00, 0x00, 0x00, 0x00, 0x00, 0x00, 0x00, 0x00, 0x00, 0x00, 0x00, 0x00, 0x00,
    0x00, 0x00, 0x00, 0x00, 0x00, 0x00, 0x00, 0x00, 0x00, 0x00, 0x00, 0x00, 0x00, 0x00, 0x00, 0x00,
    0x00, 0x00, 0x00, 0x00, 0x00, 0x00, 0x00, 0x00, 0x00, 0x06, 0x00, 0x66, 0xb7, 0x00, 0xfc, 0xfe,
    0x00, 0xff, 0xff, 0x00, 0xff, 0xff, 0x00, 0xff, 0xff, 0x00, 0xff, 0xff, 0x00, 0xff, 0xff, 0x00,
    0xff, 0xff, 0x00, 0xff, 0xff, 0x00, 0xff, 0xfe, 0x00, 0xee, 0xbc, 0x00, 0x2b, 0x08, 0x00, 0x00,
    0x00, 0x00, 0x00, 0x00, 0x00, 0x00, 0x00, 0x00, 0x00, 0x00, 0x00, 0x00, 0x00, 0x00, 0x00, 0x00,
    0x00, 0x00, 0x00, 0x00, 0x00, 0x00, 0x00, 0x00, 0x00, 0x00, 0x00, 0x14, 0x52, 0x00, 0xea, 0xfd,
    0x00, 0xff, 0xff, 0x00, 0xff, 0xff, 0x00, 0xff, 0xff, 0x00, 0xff, 0xff, 0x00, 0xff, 0xff, 0x00,
    0xff, 0xff, 0x00, 0xff, 0xff, 0x00, 0xff, 0xff, 0x00, 0xff, 0xff, 0x00, 0xff, 0xff, 0x00, 0xb1,
    0x5c, 0x00, 0x00, 0x00, 0x00, 0x00, 0x00, 0x00, 0x00, 0x00, 0x00, 0x00, 0x00, 0x00, 0x00, 0x00,
    0x00, 0x00, 0x00, 0x00, 0x00, 0x00, 0x00, 0x00, 0x00, 0x00, 0x00, 0x00, 0x00, 0x00, 0x00, 0x00,
    0x00, 0x00, 0x00, 0x00, 0x00, 0x00, 0x00, 0x00, 0x00, 0x00, 0x00, 0x00, 0x00, 0x00, 0x00, 0x00,
    0x00, 0x00, 0x00, 0x00, 0x00, 0x00, 0x00, 0x00, 0x00, 0x00, 0x00, 0x00, 0x00, 0x00, 0x00, 0x00,
    0x00, 0x00, 0x00, 0x00, 0x00, 0x00, 0x00, 0x00, 0x00, 0x00, 0x00, 0x00, 0x00, 0x00, 0x00, 0x00,
    0x00, 0x00, 0x00, 0x00, 0x00, 0x00, 0x00, 0x00, 0x00, 0x00, 0x00, 0x00, 0x00, 0x00, 0x08, 0x3f,
    0x00, 0xed, 0xff, 0x00, 0xff, 0xff, 0x00, 0xff, 0xff, 0x00, 0xff, 0xff, 0x00, 0xff, 0xff, 0x00,
    0xff, 0xff, 0x00, 0xff, 0xff, 0x00, 0xff, 0xff, 0x00, 0xff, 0xff, 0x00, 0xff, 0xff, 0x00, 0xff,
    0xff, 0x00, 0xff, 0xff, 0x00, 0xff, 0xff, 0x00, 0xb2, 0x50, 0x00, 0x00, 0x00, 0x00, 0x00, 0x00,
    0x00, 0x00, 0x00, 0x00, 0x00, 0x00, 0x00, 0x00, 0x00, 0x00, 0x00, 0x00, 0x00, 0x00, 0x00, 0x00,
    0x00, 0x51, 0xbe, 0x00, 0xff, 0xff, 0x00, 0xff, 0xff, 0x00, 0xff, 0xff, 0x00, 0xff, 0xff, 0x00,
    0xff, 0xff, 0x00, 0xff, 0xff, 0x00, 0xff, 0xff, 0x00, 0xff, 0xff, 0x00, 0xff, 0xff, 0x00, 0xff,
    0xff, 0x00, 0xff, 0xff, 0x00, 0xff, 0xff, 0x00, 0xff, 0xff, 0x00, 0xf8, 0xc8, 0x00, 0x09, 0x00,
    0x00, 0x00, 0x00, 0x00, 0x00, 0x00, 0x00, 0x00, 0x00, 0x00, 0x00, 0x00, 0x00, 0x00, 0x00, 0x00,
    0x00, 0x00, 0x00, 0x00, 0x00, 0x00, 0x00, 0x00, 0x00, 0x00, 0x00, 0x00, 0x00, 0x00, 0x00, 0x00,
    0x00, 0x00, 0x00, 0x00, 0x00, 0x00, 0x00, 0x00, 0x00, 0x00, 0x00, 0x00, 0x00, 0x00, 0x00, 0x00,
    0x00, 0x00, 0x00, 0x00, 0x00, 0x00, 0x00, 0x00, 0x00, 0x00, 0x00, 0x00, 0x00, 0x00, 0x00, 0x00,
    0x00, 0x00, 0x00, 0x00, 0x00, 0x00, 0x00, 0x00, 0x00, 0x00, 0x00, 0x00, 0x00, 0x00, 0x00, 0x00,
    0x00, 0x00, 0x00, 0x00, 0x09, 0x53, 0x00, 0xfa, 0xff, 0x00, 0xff, 0xff, 0x00, 0xff, 0xff, 0x00,
    0xff, 0xff, 0x00, 0xff, 0xff, 0x00, 0xff, 0xff, 0x00, 0xff, 0xff, 0x00, 0xff, 0xff, 0x00, 0xff,
    0xff, 0x00, 0xff, 0xff, 0x00, 0xff, 0xff, 0x00, 0xff, 0xff, 0x00, 0xff, 0xff, 0x00, 0xff, 0xff,
    0x00, 0xff, 0xff, 0x00, 0xd1, 0x5a, 0x00, 0x00, 0x00, 0x00, 0x00, 0x00, 0x00, 0x00, 0x00, 0x00,
    0x00, 0x00, 0x00, 0x00, 0x00, 0x00, 0x00, 0x45, 0xc3, 0x00, 0xff, 0xff, 0x00, 0xff, 0xff, 0x00,
    0xff, 0xff, 0x00, 0xff, 0xff, 0x00, 0xff, 0xff, 0x00, 0xff, 0xff, 0x00, 0xff, 0xff, 0x00, 0xff,
    0xff, 0x00, 0xff, 0xff, 0x00, 0xff, 0xff, 0x00, 0xff, 0xff, 0x00, 0xff, 0xff, 0x00, 0xff, 0xff,
    0x00, 0xff, 0xff, 0x00, 0xff, 0xff, 0x00, 0xf9, 0xc4, 0x00, 0x03, 0x00, 0x00, 0x00, 0x00, 0x00,
    0x00, 0x00, 0x00, 0x00, 0x00, 0x00, 0x00, 0x00, 0x00, 0x00, 0x00, 0x00, 0x00, 0x00, 0x00, 0x00,
    0x00, 0x00, 0x00, 0x00, 0x00, 0x00, 0x00, 0x00, 0x00, 0x00, 0x00, 0x00, 0x00, 0x00, 0x00, 0x00,
    0x00, 0x00, 0x00, 0x00, 0x00, 0x00, 0x00, 0x00, 0x00, 0x00, 0x00, 0x00, 0x00, 0x00, 0x00, 0x00,
    0x00, 0x00, 0x00, 0x00, 0x00, 0x00, 0x00, 0x00, 0x00, 0x00, 0x00, 0x00, 0x00, 0x00, 0x00, 0x00,
    0x00, 0x00, 0x00, 0x00, 0x00, 0x00, 0x00, 0x00, 0x00, 0x00, 0x00, 0x18, 0x00, 0xf0, 0xff, 0x00,
    0xff, 0xff, 0x00, 0xff, 0xff, 0x00, 0xff, 0xff, 0x00, 0xff, 0xff, 0x00, 0xff, 0xff, 0x00, 0xff,
    0xff, 0x00, 0xff, 0xff, 0x00, 0xff, 0xff, 0x00, 0xff, 0xff, 0x00, 0xff, 0xff, 0x00, 0xff, 0xff,
    0x00, 0xff, 0xff, 0x00, 0xff, 0xff, 0x00, 0xff, 0xff, 0x00, 0xff, 0xff, 0x00, 0xff, 0xff, 0x00,
    0x80, 0x0e, 0x00, 0x00, 0x00, 0x00, 0x00, 0x00, 0x00, 0x00, 0x00, 0x00, 0x00, 0x0a, 0x73, 0x00,
    0xfe, 0xff, 0x00, 0xff, 0xff, 0x00, 0xff, 0xff, 0x00, 0xff, 0xff, 0x00, 0xff, 0xff, 0x00, 0xff,
    0xff, 0x00, 0xff, 0xff, 0x00, 0xff, 0xff, 0x00, 0xff, 0xff, 0x00, 0xff, 0xff, 0x00, 0xff, 0xff,
    0x00, 0xff, 0xff, 0x00, 0xff, 0xff, 0x00, 0xff, 0xff, 0x00, 0xff, 0xff, 0x00, 0xff, 0xff, 0x00,
    0xff, 0xff, 0x00, 0xd3, 0x4c, 0x00, 0x00, 0x00, 0x00, 0x00, 0x00, 0x00, 0x00, 0x00, 0x00, 0x00,
    0x00, 0x00, 0x00, 0x00, 0x00, 0x00, 0x00, 0x00, 0x00, 0x00, 0x00, 0x00, 0x00, 0x00, 0x00, 0x00,
    0x00, 0x00, 0x00, 0x00, 0x00, 0x00, 0x00, 0x00, 0x00, 0x00, 0x00, 0x00, 0x00, 0x00, 0x00, 0x00,
    0x00, 0x00, 0x00, 0x00, 0x00, 0x00, 0x00, 0x00, 0x00, 0x00, 0x00, 0x00, 0x00, 0x00, 0x00, 0x00,
    0x00, 0x00, 0x00, 0x00, 0x00, 0x00, 0x00, 0x00, 0x00, 0x00, 0x00, 0x00, 0x00, 0x00, 0x00, 0x00,
    0x00, 0x00, 0x00, 0x96, 0xf3, 0x00, 0xff, 0xff, 0x00, 0xff, 0xff, 0x00, 0xff, 0xff, 0x00, 0xff,
    0xff, 0x00, 0xff, 0xff, 0x00, 0xff, 0xff, 0x00, 0xff, 0xff, 0x00, 0xff, 0xff, 0x00, 0xff, 0xff,
    0x00, 0xff, 0xff, 0x00, 0xff, 0xff, 0x00, 0xff, 0xff, 0x00, 0xff, 0xff, 0x00, 0xff, 0xff, 0x00,
    0xff, 0xff, 0x00, 0xff, 0xff, 0x00, 0xff, 0xff, 0x00, 0xff, 0xdf, 0x00, 0x02, 0x00, 0x00, 0x00,
    0x00, 0x00, 0x00, 0x00, 0x00, 0x00, 0xda, 0xff, 0x00, 0xff, 0xff, 0x00, 0xff, 0xff, 0x00, 0xff,
    0xff, 0x00, 0xff, 0xff, 0x00, 0xff, 0xff, 0x00, 0xff, 0xff, 0x00, 0xff, 0xff, 0x00, 0xff, 0xff,
    0x00, 0xff, 0xff, 0x00, 0xff, 0xff, 0x00, 0xff, 0xff, 0x00, 0xff, 0xff, 0x00, 0xff, 0xff, 0x00,
    0xff, 0xff, 0x00, 0xff, 0xff, 0x00, 0xff, 0xff, 0x00, 0xff, 0xff, 0x00, 0xff, 0xfb, 0x00, 0x1b,
    0x00, 0x00, 0x00, 0x00, 0x00, 0x00, 0x00, 0x00, 0x00, 0x00, 0x00, 0x00, 0x00, 0x00, 0x00, 0x00,
    0x00, 0x00, 0x00, 0x00, 0x00, 0x00, 0x00, 0x00, 0x00, 0x00, 0x00, 0x00, 0x00, 0x00, 0x00, 0x00,
    0x00, 0x00, 0x00, 0x00, 0x00, 0x00, 0x00, 0x00, 0x00, 0x00, 0x00, 0x00, 0x00, 0x00, 0x00, 0x00,
    0x00, 0x00, 0x00, 0x00, 0x00, 0x00, 0x00, 0x00, 0x00, 0x00, 0x00, 0x00, 0x00, 0x00, 0x00, 0x00,
    0x00, 0x00, 0x00, 0x00, 0x00, 0x00, 0x00, 0x00, 0x00, 0x01, 0x4a, 0x00, 0xff, 0xff, 0x00, 0xff,
    0xff, 0x00, 0xff, 0xff, 0x00, 0xff, 0xff, 0x00, 0xff, 0xff, 0x00, 0xff, 0xff, 0x00, 0xff, 0xff,
    0x00, 0xff, 0xff, 0x00, 0xff, 0xff, 0x00, 0xff, 0xff, 0x00, 0xff, 0xff, 0x00, 0xff, 0xff, 0x00,
    0xff, 0xff, 0x00, 0xff, 0xff, 0x00, 0xff, 0xff, 0x00, 0xff, 0xff, 0x00, 0xff, 0xff, 0x00, 0xff,
    0xff, 0x00, 0xff, 0xff, 0x00, 0x72, 0x0e, 0x00, 0x00, 0x00, 0x00, 0x00, 0x15, 0x87, 0x00, 0xff,
    0xff, 0x00, 0xff, 0xff, 0x00, 0xff, 0xff, 0x00, 0xff, 0xff, 0x00, 0xff, 0xff, 0x00, 0xff, 0xff,
    0x00, 0xff, 0xff, 0x00, 0xff, 0xff, 0x00, 0xfa, 0xf7, 0x00, 0xf5, 0xf7, 0x00, 0xfd, 0xff, 0x00,
    0xff, 0xff, 0x00, 0xff, 0xff, 0x00, 0xff, 0xff, 0x00, 0xff, 0xff, 0x00, 0xff, 0xff, 0x00, 0xff,
    0xff, 0x00, 0xff, 0xff, 0x00, 0xff, 0xff, 0x00, 0xad, 0x25, 0x00, 0x00, 0x00, 0x00, 0x00, 0x00,
    0x00, 0x00, 0x00, 0x00, 0x00, 0x00, 0x00, 0x00, 0x00, 0x00, 0x00, 0x00, 0x00, 0x00, 0x00, 0x00,
    0x00, 0x00, 0x00, 0x00, 0x00, 0x00, 0x00, 0x00, 0x00, 0x00, 0x00, 0x00, 0x00, 0x00, 0x00, 0x00,
    0x00, 0x00, 0x00, 0x00, 0x00, 0x00, 0x00, 0x00, 0x00, 0x00, 0x00, 0x00, 0x00, 0x00, 0x00, 0x00,
    0x00, 0x00, 0x00, 0x00, 0x00, 0x00, 0x00, 0x00, 0x00, 0x00, 0x00, 0x00, 0x00, 0x00, 0x00, 0x00,
    0x00, 0x00, 0x56, 0xef, 0x00, 0xff, 0xff, 0x00, 0xff, 0xff, 0x00, 0xff, 0xff, 0x00, 0xff, 0xff,
    0x00, 0xff, 0xff, 0x00, 0xff, 0xff, 0x00, 0xff, 0xff, 0x00, 0xd4, 0x7d, 0x00, 0x17, 0x10, 0x00,
    0x09, 0x0f, 0x00, 0x25, 0x64, 0x00, 0xf6, 0xff, 0x00, 0xff, 0xff, 0x00, 0xff, 0xff, 0x00, 0xff,
    0xff, 0x00, 0xff, 0xff, 0x00, 0xff, 0xff, 0x00, 0xff, 0xff, 0x00, 0xff, 0xff, 0x00, 0xed, 0x43,
    0x00, 0x00, 0x00, 0x00, 0x00, 0x9a, 0xfe, 0x00, 0xff, 0xff, 0x00, 0xff, 0xff, 0x00, 0xff, 0xff,
    0x00, 0xff, 0xff, 0x00, 0xff, 0xff, 0x00, 0xff, 0xff, 0x00, 0xff, 0xfa, 0x00, 0x55, 0x0c, 0x00,
    0x00, 0x00, 0x00, 0x00, 0x00, 0x00, 0x01, 0x09, 0x00, 0xb7, 0xf8, 0x00, 0xff, 0xff, 0x00, 0xff,
    0xff, 0x00, 0xff, 0xff, 0x00, 0xff, 0xff, 0x00, 0xff, 0xff, 0x00, 0xff, 0xff, 0x00, 0xff, 0xff,
    0x00, 0xf9, 0x67, 0x00, 0x00, 0x00, 0x00, 0x00, 0x00, 0x00, 0x00, 0x00, 0x00, 0x00, 0x00, 0x00,
    0x00, 0x00, 0x00, 0x00, 0x00, 0x00, 0x00, 0x00, 0x00, 0x00, 0x00, 0x00, 0x00, 0x00, 0x00, 0x00,
    0x00, 0x00, 0x00, 0x00, 0x00, 0x00, 0x00, 0x00, 0x00, 0x00, 0x00, 0x00, 0x00, 0x00, 0x00, 0x00,
    0x00, 0x00, 0x00, 0x00, 0x00, 0x00, 0x00, 0x00, 0x00, 0x00, 0x00, 0x00, 0x00, 0x00, 0x00, 0x00,
    0x00, 0x00, 0x00, 0x00, 0x00, 0x00, 0x00, 0x00, 0x00, 0x00, 0x00, 0xd1, 0xf3, 0x00, 0xff, 0xff,
    0x00, 0xff, 0xff, 0x00, 0xff, 0xff, 0x00, 0xff, 0xff, 0x00, 0xff, 0xff, 0x00, 0xff, 0xff, 0x00,
    0xec, 0x81, 0x00, 0x00, 0x00, 0x00, 0x00, 0x00, 0x00, 0x00, 0x00, 0x00, 0x00, 0x00, 0x00, 0x03,
    0x75, 0x00, 0xff, 0xff, 0x00, 0xff, 0xff, 0x00, 0xff, 0xff, 0x00, 0xff, 0xff, 0x00, 0xff, 0xff,
    0x00, 0xff, 0xff, 0x00, 0xff, 0xff, 0x00, 0xfd, 0xb0, 0x00, 0x00, 0x00, 0x00, 0x00, 0x6a, 0x88,
    0x00, 0xcf, 0xe5, 0x00, 0xfd, 0xff, 0x00, 0xff, 0xff, 0x00, 0xff, 0xff, 0x00, 0xff, 0xff, 0x00,
    0xff, 0xff, 0x00, 0xbd, 0x30, 0x00, 0x00, 0x00, 0x00, 0x00, 0x00, 0x00, 0x00, 0x00, 0x00, 0x00,
    0x00, 0x00, 0x00, 0x2c, 0x00, 0xfc, 0xff, 0x00, 0xff, 0xff, 0x00, 0xff, 0xff, 0x00, 0xff, 0xff,
    0x00, 0xff, 0xff, 0x00, 0xff, 0xff, 0x00, 0xff, 0xff, 0x00, 0xfd, 0xbc, 0x00, 0x00, 0x00, 0x00,
    0x00, 0x00, 0x00, 0x00, 0x00, 0x00, 0x00, 0x00, 0x00, 0x00, 0x00, 0x00, 0x00, 0x00, 0x00, 0x00,
    0x00, 0x00, 0x00, 0x00, 0x00, 0x00, 0x00, 0x00, 0x00, 0x00, 0x00, 0x00, 0x00, 0x00, 0x00, 0x00,
    0x00, 0x00, 0x00, 0x00, 0x00, 0x00, 0x00, 0x00, 0x00, 0x00, 0x00, 0x00, 0x00, 0x00, 0x00, 0x00,
    0x00, 0x00, 0x00, 0x00, 0x00, 0x00, 0x00, 0x00, 0x00, 0x00, 0x00, 0x00, 0x00, 0x00, 0x00, 0x00,
    0x00, 0x00, 0x00, 0x00, 0x00, 0x00, 0x00, 0x00, 0x00, 0x00, 0x1e, 0x42, 0x00, 0x72, 0xa3, 0x00,
    0xe6, 0xf8, 0x00, 0xff, 0xff, 0x00, 0xff, 0xfc, 0x00, 0x28, 0x01, 0x00, 0x00, 0x00, 0x00, 0x00,
    0x00, 0x00, 0x00, 0x00, 0x00, 0x00, 0x00, 0x00, 0x00, 0x01, 0x00, 0xd9, 0xff, 0x00, 0xff, 0xff,
    0x00, 0xff, 0xff, 0x00, 0xff, 0xff, 0x00, 0xff, 0xff, 0x00, 0xff, 0xff, 0x00, 0xff, 0xff, 0x00,
    0xfe, 0xc9, 0x00, 0x00, 0x00, 0x00, 0x00, 0x00, 0x00, 0x00, 0x00, 0x00, 0x00, 0x00, 0x00, 0x00,
    0x05, 0x21, 0x00, 0x4e, 0x6d, 0x00, 0xcb, 0xe5, 0x00, 0xfd, 0xf3, 0x00, 0x09, 0x00, 0x00, 0x00,
    0x00, 0x00, 0x00, 0x00, 0x00, 0x00, 0x00, 0x00, 0x00, 0x00, 0x00, 0x00, 0x00, 0x00, 0xbc, 0xfc,
    0x00, 0xff, 0xff, 0x00, 0xff, 0xff, 0x00, 0xff, 0xff, 0x00, 0xff, 0xff, 0x00, 0xff, 0xff, 0x00,
    0xff, 0xff, 0x00, 0xfe, 0xca, 0x00, 0x00, 0x00, 0x00, 0x00, 0x00, 0x00, 0x00, 0x00, 0x00, 0x00,
    0x00, 0x00, 0x00, 0x00, 0x00, 0x00, 0x00, 0x00, 0x00, 0x00, 0x00, 0x00, 0x00, 0x00, 0x00, 0x00,
    0x00, 0x00, 0x00, 0x00, 0x00, 0x00, 0x00, 0x00, 0x00, 0x00, 0x00, 0x00, 0x00, 0x00, 0x00, 0x00,
    0x00, 0x00, 0x00, 0x00, 0x00, 0x00, 0x00, 0x00, 0x00, 0x00, 0x00, 0x00, 0x00, 0x00, 0x00, 0x00,
    0x00, 0x00, 0x00, 0x00, 0x00, 0x00, 0x00, 0x00, 0x00, 0x00, 0x00, 0x00, 0x00, 0x00, 0x00, 0x00,
    0x00, 0x00, 0x00, 0x00, 0x00, 0x00, 0x00, 0x00, 0x00, 0x00, 0x00, 0x00, 0x00, 0x01, 0x00, 0x1f,
    0x26, 0x00, 0x01, 0x00, 0x00, 0x00, 0x00, 0x00, 0x00, 0x00, 0x00, 0x00, 0x00, 0x00, 0x00, 0x00,
    0x00, 0x00, 0x00, 0x00, 0xa0, 0xf7, 0x00, 0xff, 0xff, 0x00, 0xff, 0xff, 0x00, 0xff, 0xff, 0x00,
    0xff, 0xff, 0x00, 0xff, 0xff, 0x00, 0xff, 0xff, 0x00, 0xfd, 0xc1, 0x00, 0x00, 0x00, 0x00, 0x00,
    0x00, 0x00, 0x00, 0x00, 0x00, 0x00, 0x00, 0x00, 0x00, 0x00, 0x00, 0x00, 0x00, 0x00, 0x00, 0x00,
    0x00, 0x00, 0x00, 0x00, 0x00, 0x00, 0x00, 0x00, 0x00, 0x00, 0x00, 0x00, 0x00, 0x00, 0x00, 0x00,
    0x00, 0x00, 0x00, 0x00, 0x00, 0x00, 0x00, 0xa0, 0xf7, 0x00, 0xff, 0xff, 0x00, 0xff, 0xff, 0x00,
    0xff, 0xff, 0x00, 0xff, 0xff, 0x00, 0xff, 0xff, 0x00, 0xff, 0xff, 0x00, 0xfd, 0xb6, 0x00, 0x00,
    0x00, 0x00, 0x00, 0x00, 0x00, 0x00, 0x00, 0x00, 0x00, 0x00, 0x00, 0x00, 0x00, 0x00, 0x00, 0x00,
    0x00, 0x00, 0x00, 0x00, 0x00, 0x00, 0x00, 0x00, 0x00, 0x00, 0x00, 0x00, 0x00, 0x00, 0x00, 0x00,
    0x00, 0x00, 0x00, 0x00, 0x00, 0x00, 0x00, 0x00, 0x00, 0x00, 0x00, 0x00, 0x00, 0x00, 0x00, 0x00,
    0x00, 0x00, 0x00, 0x00, 0x00, 0x00, 0x00, 0x00, 0x00, 0x00, 0x00, 0x00, 0x00, 0x00, 0x00, 0x00,
    0x00, 0x00, 0x00, 0x00, 0x00, 0x00, 0x00, 0x00, 0x00, 0x00, 0x00, 0x00, 0x00, 0x00, 0x00, 0x00,
    0x00, 0x00, 0x00, 0x00, 0x00, 0x00, 0x00, 0x00, 0x00, 0x00, 0x00, 0x00, 0x00, 0x00, 0x00, 0x00,
    0x00, 0x00, 0x00, 0x00, 0x00, 0x00, 0x00, 0x00, 0x00, 0x00, 0x00, 0x00, 0x00, 0xaf, 0xfb, 0x00,
    0xff, 0xff, 0x00, 0xff, 0xff, 0x00, 0xff, 0xff, 0x00, 0xff, 0xff, 0x00, 0xff, 0xff, 0x00, 0xff,
    0xff, 0x00, 0xfb, 0x83, 0x00, 0x00, 0x00, 0x00, 0x00, 0x00, 0x00, 0x00, 0x00, 0x00, 0x00, 0x00,
    0x00, 0x00, 0x00, 0x00, 0x00, 0x00, 0x00, 0x00, 0x00, 0x00, 0x00, 0x00, 0x00, 0x00, 0x00, 0x00,
    0x00, 0x00, 0x00, 0x00, 0x00, 0x00, 0x00, 0x00, 0x00, 0x00, 0x00, 0x00, 0x00, 0x00, 0x00, 0x00,
    0xc1, 0xfe, 0x00, 0xff, 0xff, 0x00, 0xff, 0xff, 0x00, 0xff, 0xff, 0x00, 0xff, 0xff, 0x00, 0xff,
    0xff, 0x00, 0xff, 0xff, 0x00, 0xf3, 0x53, 0x00, 0x00, 0x00, 0x00, 0x00, 0x00, 0x00, 0x00, 0x00,
    0x00, 0x00, 0x00, 0x00, 0x00, 0x00, 0x00, 0x00, 0x00, 0x00, 0x00, 0x00, 0x00, 0x00, 0x00, 0x00,
    0x00, 0x00, 0x00, 0x00, 0x00, 0x00, 0x00, 0x00, 0x00, 0x00, 0x00, 0x00, 0x00, 0x00, 0x00, 0x00,
    0x00, 0x00, 0x00, 0x00, 0x00, 0x00, 0x00, 0x00, 0x00, 0x00, 0x00, 0x00, 0x00, 0x00, 0x00, 0x00,
    0x00, 0x00, 0x00, 0x00, 0x00, 0x00, 0x00, 0x00, 0x00, 0x00, 0x00, 0x00, 0x00, 0x00, 0x00, 0x00,
    0x00, 0x00, 0x00, 0x00, 0x00, 0x00, 0x00, 0x00, 0x00, 0x00, 0x00, 0x00, 0x00, 0x00, 0x00, 0x00,
    0x00, 0x00, 0x00, 0x00, 0x00, 0x00, 0x00, 0x00, 0x00, 0x00, 0x00, 0x00, 0x00, 0x00, 0x00, 0x00,
    0x00, 0x00, 0x00, 0x00, 0x02, 0x00, 0xef, 0xff, 0x00, 0xff, 0xff, 0x00, 0xff, 0xff, 0x00, 0xff,
    0xff, 0x00, 0xff, 0xff, 0x00, 0xff, 0xff, 0x00, 0xff, 0xff, 0x00, 0xc7, 0x30, 0x00, 0x00, 0x00,
    0x00, 0x00, 0x00, 0x00, 0x00, 0x00, 0x00, 0x00, 0x00, 0x00, 0x00, 0x00, 0x00, 0x00, 0x00, 0x00,
    0x00, 0x00, 0x00, 0x00, 0x00, 0x00, 0x00, 0x00, 0x00, 0x00, 0x00, 0x00, 0x00, 0x00, 0x00, 0x00,
    0x00, 0x00, 0x00, 0x00, 0x00, 0x00, 0x00, 0x27, 0x00, 0xfb, 0xff, 0x00, 0xff, 0xff, 0x00, 0xff,
    0xff, 0x00, 0xff, 0xff, 0x00, 0xff, 0xff, 0x00, 0xff, 0xff, 0x00, 0xff, 0xff, 0x00, 0x95, 0x1b,
    0x00, 0x00, 0x00, 0x00, 0x00, 0x00, 0x00, 0x00, 0x00, 0x00, 0x00, 0x00, 0x00, 0x00, 0x00, 0x00,
    0x00, 0x00, 0x00, 0x00, 0x00, 0x00, 0x00, 0x00, 0x00, 0x00, 0x00, 0x00, 0x00, 0x00, 0x00, 0x00,
    0x00, 0x00, 0x00, 0x00, 0x00, 0x00, 0x00, 0x00, 0x00, 0x00, 0x00, 0x00, 0x00, 0x00, 0x00, 0x00,
    0x00, 0x00, 0x00, 0x00, 0x00, 0x00, 0x00, 0x00, 0x00, 0x00, 0x00, 0x00, 0x00, 0x00, 0x00, 0x00,
    0x00, 0x00, 0x00, 0x00, 0x00, 0x00, 0x00, 0x00, 0x00, 0x00, 0x00, 0x00, 0x00, 0x00, 0x00, 0x00,
    0x00, 0x00, 0x00, 0x00, 0x00, 0x00, 0x00, 0x00, 0x00, 0x00, 0x00, 0x00, 0x00, 0x00, 0x00, 0x00,
    0x00, 0x00, 0x00, 0x00, 0x00, 0x00, 0x00, 0x00, 0x00, 0x00, 0x00, 0x00, 0x43, 0xc6, 0x00, 0xff,
    0xff, 0x00, 0xff, 0xff, 0x00, 0xff, 0xff, 0x00, 0xff, 0xff, 0x00, 0xff, 0xff, 0x00, 0xff, 0xff,
    0x00, 0xff, 0xff, 0x00, 0x37, 0x00, 0x00, 0x00, 0x00, 0x00, 0x00, 0x00, 0x00, 0x00, 0x00, 0x00,
    0x00, 0x00, 0x00, 0x00, 0x00, 0x00, 0x00, 0x00, 0x00, 0x00, 0x00, 0x00, 0x00, 0x00, 0x00, 0x00,
    0x00, 0x00, 0x00, 0x00, 0x00, 0x00, 0x00, 0x00, 0x00, 0x00, 0x00, 0x00, 0x00, 0x03, 0x00, 0xb3,
    0xf7, 0x00, 0xff, 0xff, 0x00, 0xff, 0xff, 0x00, 0xff, 0xff, 0x00, 0xff, 0xff, 0x00, 0xff, 0xff,
    0x00, 0xff, 0xff, 0x00, 0xff, 0xf6, 0x00, 0x0e, 0x00, 0x00, 0x00, 0x00, 0x00, 0x00, 0x00, 0x00,
    0x00, 0x00, 0x00, 0x00, 0x00, 0x00, 0x00, 0x00, 0x00, 0x00, 0x00, 0x00, 0x00, 0x00, 0x00, 0x00,
    0x00, 0x00, 0x00, 0x00, 0x00, 0x00, 0x00, 0x00, 0x00, 0x00, 0x00, 0x00, 0x00, 0x00, 0x00, 0x00,
    0x00, 0x00, 0x00, 0x00, 0x00, 0x00, 0x00, 0x00, 0x00, 0x00, 0x00, 0x00, 0x00, 0x00, 0x00, 0x00,
    0x00, 0x00, 0x00, 0x00, 0x00, 0x00, 0x00, 0x00, 0x00, 0x00, 0x00, 0x00, 0x00, 0x00, 0x00, 0x00,
    0x00, 0x00, 0x00, 0x00, 0x00, 0x00, 0x00, 0x00, 0x00, 0x00, 0x00, 0x00, 0x00, 0x00, 0x00, 0x00,
    0x00, 0x00, 0x00, 0x00, 0x00, 0x00, 0x00, 0x00, 0x00, 0x00, 0x00, 0x00, 0x04, 0x08, 0x00, 0x10,
    0x15, 0x00, 0x95, 0xd5, 0x00, 0xff, 0xff, 0x00, 0xff, 0xff, 0x00, 0xff, 0xff, 0x00, 0xff, 0xff,
    0x00, 0xff, 0xff, 0x00, 0xff, 0xff, 0x00, 0xff, 0xff, 0x00, 0xf1, 0x80, 0x00, 0x00, 0x00, 0x00,
    0x00, 0x00, 0x00, 0x00, 0x00, 0x00, 0x00, 0x00, 0x00, 0x00, 0x00, 0x00, 0x00, 0x00, 0x00, 0x00,
    0x00, 0x00, 0x00, 0x00, 0x00, 0x00, 0x00, 0x00, 0x00, 0x19, 0x26, 0x00, 0x27, 0x27, 0x00, 0x3f,
    0x62, 0x00, 0x98, 0xbb, 0x00, 0xf4, 0xfd, 0x00, 0xff, 0xff, 0x00, 0xff, 0xff, 0x00, 0xff, 0xff,
    0x00, 0xff, 0xff, 0x00, 0xff, 0xff, 0x00, 0xff, 0xff, 0x00, 0xff, 0xff, 0x00, 0xc0, 0x3b, 0x00,
    0x00, 0x00, 0x00, 0x00, 0x00, 0x00, 0x00, 0x00, 0x00, 0x00, 0x00, 0x00, 0x00, 0x00, 0x00, 0x00,
    0x00, 0x00, 0x00, 0x00, 0x00, 0x00, 0x00, 0x00, 0x00, 0x00, 0x00, 0x00, 0x00, 0x00, 0x00, 0x00,
    0x00, 0x00, 0x00, 0x00, 0x00, 0x00, 0x00, 0x00, 0x00, 0x00, 0x00, 0x00, 0x00, 0x00, 0x00, 0x00,
    0x00, 0x00, 0x00, 0x00, 0x00, 0x00, 0x00, 0x00, 0x00, 0x00, 0x00, 0x00, 0x00, 0x00, 0x00, 0x00,
    0x00, 0x00, 0x00, 0x00, 0x00, 0x00, 0x00, 0x00, 0x00, 0x00, 0x00, 0x00, 0x00, 0x00, 0x00, 0x00,
    0x00, 0x00, 0x00, 0x00, 0x00, 0x00, 0x00, 0x00, 0x00, 0x00, 0x00, 0x00, 0x00, 0x00, 0x00, 0xa4,
    0xfc, 0x00, 0xff, 0xff, 0x00, 0xff, 0xff, 0x00, 0xff, 0xff, 0x00, 0xff, 0xff, 0x00, 0xff, 0xff,
    0x00, 0xff, 0xff, 0x00, 0xff, 0xff, 0x00, 0xff, 0xff, 0x00, 0xff, 0xff, 0x00, 0xff, 0xff, 0x00,
    0xfe, 0xea, 0x00, 0x13, 0x00, 0x00, 0x00, 0x00, 0x00, 0x00, 0x00, 0x00, 0x00, 0x00, 0x00, 0x00,
    0x00, 0x00, 0x00, 0x00, 0x00, 0x00, 0x00, 0x00, 0x00, 0x00, 0x00, 0x00, 0x00, 0x00, 0x00, 0x00,
    0x00, 0x00, 0xa4, 0xfc, 0x00, 0xff, 0xff, 0x00, 0xff, 0xff, 0x00, 0xff, 0xff, 0x00, 0xff, 0xff,
    0x00, 0xff, 0xff, 0x00, 0xff, 0xff, 0x00, 0xff, 0xff, 0x00, 0xff, 0xff, 0x00, 0xff, 0xff, 0x00,
    0xff, 0xff, 0x00, 0xee, 0x9d, 0x00, 0x01, 0x00, 0x00, 0x00, 0x00, 0x00, 0x00, 0x00, 0x00, 0x00,
    0x00, 0x00, 0x00, 0x00, 0x00, 0x00, 0x00, 0x00, 0x00, 0x00, 0x00, 0x00, 0x00, 0x00, 0x00, 0x00,
    0x00, 0x00, 0x00, 0x00, 0x00, 0x00, 0x00, 0x00, 0x00, 0x00, 0x00, 0x00, 0x00, 0x00, 0x00, 0x00,
    0x00, 0x00, 0x00, 0x00, 0x00, 0x00, 0x00, 0x00, 0x00, 0x00, 0x00, 0x00, 0x00, 0x00, 0x00, 0x00,
    0x00, 0x00, 0x00, 0x00, 0x00, 0x00, 0x00, 0x00, 0x00, 0x00, 0x00, 0x00, 0x00, 0x00, 0x00, 0x00,
    0x00, 0x00, 0x00, 0x00, 0x00, 0x00, 0x00, 0x00, 0x00, 0x00, 0x00, 0x00, 0x00, 0x00, 0x00, 0x00,
    0x00, 0x00, 0x00, 0x00, 0x00, 0x00, 0x00, 0x00, 0xa4, 0xfc, 0x00, 0xff, 0xff, 0x00, 0xff, 0xff,
    0x00, 0xff, 0xff, 0x00, 0xff, 0xff, 0x00, 0xff, 0xff, 0x00, 0xff, 0xff, 0x00, 0xff, 0xff, 0x00,
    0xff, 0xff, 0x00, 0xff, 0xff, 0x00, 0xfd, 0xe0, 0x00, 0x2b, 0x02, 0x00, 0x00, 0x00, 0x00, 0x00,
    0x00, 0x00, 0x00, 0x00, 0x00, 0x00, 0x00, 0x00, 0x00, 0x00, 0x00, 0x00, 0x00, 0x00, 0x00, 0x00,
    0x00, 0x00, 0x00, 0x00, 0x00, 0x00, 0x00, 0x00, 0x00, 0x00, 0x00, 0xa4, 0xfc, 0x00, 0xff, 0xff,
    0x00, 0xff, 0xff, 0x00, 0xff, 0xff, 0x00, 0xff, 0xff, 0x00, 0xff, 0xff, 0x00, 0xff, 0xff, 0x00,
    0xff, 0xff, 0x00, 0xff, 0xff, 0x00, 0xff, 0xff, 0x00, 0xc1, 0x5e, 0x00, 0x02, 0x00, 0x00, 0x00,
    0x00, 0x00, 0x00, 0x00, 0x00, 0x00, 0x00, 0x00, 0x00, 0x00, 0x00, 0x00, 0x00, 0x00, 0x00, 0x00,
    0x00, 0x00, 0x00, 0x00, 0x00, 0x00, 0x00, 0x00, 0x00, 0x00, 0x00, 0x00, 0x00, 0x00, 0x00, 0x00,
    0x00, 0x00, 0x00, 0x00, 0x00, 0x00, 0x00, 0x00, 0x00, 0x00, 0x00, 0x00, 0x00, 0x00, 0x00, 0x00,
    0x00, 0x00, 0x00, 0x00, 0x00, 0x00, 0x00, 0x00, 0x00, 0x00, 0x00, 0x00, 0x00, 0x00, 0x00, 0x00,
    0x00, 0x00, 0x00, 0x00, 0x00, 0x00, 0x00, 0x00, 0x00, 0x00, 0x00, 0x00, 0x00, 0x00, 0x00, 0x00,
    0x00, 0x00, 0x00, 0x00, 0x00, 0x00, 0x00, 0x00, 0x00, 0x00, 0x00, 0x00, 0x00, 0x00, 0x00, 0x00,
    0x00, 0xa4, 0xfc, 0x00, 0xff, 0xff, 0x00, 0xff, 0xff, 0x00, 0xff, 0xff, 0x00, 0xff, 0xff, 0x00,
    0xff, 0xff, 0x00, 0xff, 0xff, 0x00, 0xff, 0xff, 0x00, 0xff, 0xff, 0x00, 0x71, 0x3a, 0x00, 0x02,
    0x00, 0x00, 0x00, 0x00, 0x00, 0x00, 0x00, 0x00, 0x00, 0x00, 0x00, 0x00, 0x00, 0x00, 0x00, 0x00,
    0x00, 0x00, 0x00, 0x00, 0x00, 0x00, 0x00, 0x00, 0x00, 0x00, 0x00, 0x00, 0x00, 0x00, 0x00, 0x00,
    0x00, 0x00, 0x00, 0x00, 0xa4, 0xfc, 0x00, 0xff, 0xff, 0x00, 0xff, 0xff, 0x00, 0xff, 0xff, 0x00,
    0xff, 0xff, 0x00, 0xff, 0xff, 0x00, 0xff, 0xff, 0x00, 0xff, 0xff, 0x00, 0xff, 0xff, 0x00, 0xc4,
    0x8f, 0x00, 0x11, 0x04, 0x00, 0x00, 0x00, 0x00, 0x00, 0x00, 0x00, 0x00, 0x00, 0x00, 0x00, 0x00,
    0x00, 0x00, 0x00, 0x00, 0x00, 0x00, 0x00, 0x00, 0x00, 0x00, 0x00, 0x00, 0x00, 0x00, 0x00, 0x00,
    0x00, 0x00, 0x00, 0x00, 0x00, 0x00, 0x00, 0x00, 0x00, 0x00, 0x00, 0x00, 0x00, 0x00, 0x00, 0x00,
    0x00, 0x00, 0x00, 0x00, 0x00, 0x00, 0x00, 0x00, 0x00, 0x00, 0x00, 0x00, 0x00, 0x00, 0x00, 0x00,
    0x00, 0x00, 0x00, 0x00, 0x00, 0x00, 0x00, 0x00, 0x00, 0x00, 0x00, 0x00, 0x00, 0x00, 0x00, 0x00,
    0x00, 0x00, 0x00, 0x00, 0x00, 0x00, 0x00, 0x00, 0x00, 0x00, 0x00, 0x00, 0x00, 0x00, 0x00, 0x00,
    0x00, 0x00, 0x00, 0x00, 0x00, 0x00, 0x00, 0x00, 0x00, 0x00, 0xa4, 0xfc, 0x00, 0xff, 0xff, 0x00,
    0xff, 0xff, 0x00, 0xff, 0xff, 0x00, 0xff, 0xff, 0x00, 0xff, 0xff, 0x00, 0xff, 0xff, 0x00, 0xff,
    0xff, 0x00, 0xff, 0xff, 0x00, 0xff, 0xff, 0x00, 0xf6, 0xd7, 0x00, 0x23, 0x06, 0x00, 0x00, 0x00,
    0x00, 0x00, 0x00, 0x00, 0x00, 0x00, 0x00, 0x00, 0x00, 0x00, 0x00, 0x00, 0x00, 0x00, 0x00, 0x00,
    0x00, 0x00, 0x00, 0x00, 0x00, 0x00, 0x00, 0x00, 0x00, 0x00, 0x00, 0x00, 0x00, 0xa4, 0xfc, 0x00,
    0xff, 0xff, 0x00, 0xff, 0xff, 0x00, 0xff, 0xff, 0x00, 0xff, 0xff, 0x00, 0xff, 0xff, 0x00, 0xff,
    0xff, 0x00, 0xff, 0xff, 0x00, 0xff, 0xff, 0x00, 0xff, 0xff, 0x00, 0xff, 0xfd, 0x00, 0xb2, 0x44,
    0x00, 0x00, 0x00, 0x00, 0x00, 0x00, 0x00, 0x00, 0x00, 0x00, 0x00, 0x00, 0x00, 0x00, 0x00, 0x00,
    0x00, 0x00, 0x00, 0x00, 0x00, 0x00, 0x00, 0x00, 0x00, 0x00, 0x00, 0x00, 0x00, 0x00, 0x00, 0x00,
    0x00, 0x00, 0x00, 0x00, 0x00, 0x00, 0x00, 0x00, 0x00, 0x00, 0x00, 0x00, 0x00, 0x00, 0x00, 0x00,
    0x00, 0x00, 0x00, 0x00, 0x00, 0x00, 0x00, 0x00, 0x00, 0x00, 0x00, 0x00, 0x00, 0x00, 0x00, 0x00,
    0x00, 0x00, 0x00, 0x00, 0x00, 0x00, 0x00, 0x00, 0x00, 0x00, 0x00, 0x00, 0x00, 0x00, 0x00, 0x00,
    0x00, 0x00, 0x00, 0x00, 0x00, 0x00, 0x00, 0x00, 0x00, 0x00, 0x00, 0x00, 0x00, 0x00, 0x00, 0x00,
    0x00, 0x00, 0x00, 0xa4, 0xfc, 0x00, 0xff, 0xff, 0x00, 0xff, 0xff, 0x00, 0xff, 0xff, 0x00, 0xff,
    0xff, 0x00, 0xff, 0xff, 0x00, 0xff, 0xff, 0x00, 0xff, 0xff, 0x00, 0xff, 0xff, 0x00, 0xff, 0xff,
    0x00, 0xff, 0xff, 0x00, 0xff, 0xfb, 0x00, 0x5e, 0x0d, 0x00, 0x00, 0x00, 0x00, 0x00, 0x00, 0x00,
    0x00, 0x00, 0x00, 0x00, 0x00, 0x00, 0x00, 0x00, 0x00, 0x00, 0x00, 0x00, 0x00, 0x00, 0x00, 0x00,
    0x00, 0x00, 0x00, 0x00, 0x00, 0x00, 0xa4, 0xfc, 0x00, 0xff, 0xff, 0x00, 0xff, 0xff, 0x00, 0xff,
    0xff, 0x00, 0xff, 0xff, 0x00, 0xff, 0xff, 0x00, 0xff, 0xff, 0x00, 0xff, 0xff, 0x00, 0xff, 0xff,
    0x00, 0xff, 0xff, 0x00, 0xff, 0xff, 0x00, 0xff, 0xff, 0x00, 0xc8, 0x4b, 0x00, 0x00, 0x00, 0x00,
    0x00, 0x00, 0x00, 0x00, 0x00, 0x00, 0x00, 0x00, 0x00, 0x00, 0x00, 0x00, 0x00, 0x00, 0x00, 0x00,
    0x00, 0x00, 0x00, 0x00, 0x00, 0x00, 0x00, 0x00, 0x00, 0x00, 0x00, 0x00, 0x00, 0x00, 0x00, 0x00,
    0x00, 0x00, 0x00, 0x00, 0x00, 0x00, 0x00, 0x00, 0x00, 0x00, 0x00, 0x00, 0x00, 0x00, 0x00, 0x00,
    0x00, 0x00, 0x00, 0x00, 0x00, 0x00, 0x00, 0x00, 0x00, 0x00, 0x00, 0x00, 0x00, 0x00, 0x00, 0x00,
    0x00, 0x00, 0x00, 0x00, 0x00, 0x00, 0x00, 0x00, 0x00, 0x00, 0x00, 0x00, 0x00, 0x00, 0x00, 0x00,
    0x00, 0x00, 0x00, 0x00, 0x00, 0x00, 0x00, 0x00, 0x00, 0x00, 0x00, 0x00, 0xa1, 0xf7, 0x00, 0xfa,
    0xfa, 0x00, 0xfd, 0xff, 0x00, 0xff, 0xff, 0x00, 0xff, 0xff, 0x00, 0xff, 0xff, 0x00, 0xff, 0xff,
    0x00, 0xff, 0xff, 0x00, 0xff, 0xff, 0x00, 0xff, 0xff, 0x00, 0xff, 0xff, 0x00, 0xff, 0xff, 0x00,
    0xff, 0xf2, 0x00, 0x1b, 0x00, 0x00, 0x00, 0x00, 0x00, 0x00, 0x00, 0x00, 0x00, 0x00, 0x00, 0x00,
    0x00, 0x00, 0x00, 0x00, 0x00, 0x00, 0x00, 0x00, 0x00, 0x00, 0x00, 0x00, 0x00, 0x00, 0x00, 0x35,
    0x51, 0x00, 0x52, 0x52, 0x00, 0x5f, 0x7e, 0x00, 0xb5, 0xd2, 0x00, 0xfb, 0xfe, 0x00, 0xff, 0xff,
    0x00, 0xff, 0xff, 0x00, 0xff, 0xff, 0x00, 0xff, 0xff, 0x00, 0xff, 0xff, 0x00, 0xff, 0xff, 0x00,
    0xff, 0xff, 0x00, 0xff, 0xff, 0x00, 0x57, 0x08, 0x00, 0x00, 0x00, 0x00, 0x00, 0x00, 0x00, 0x00,
    0x00, 0x00, 0x00, 0x00, 0x00, 0x00, 0x00, 0x00, 0x00, 0x00, 0x00, 0x00, 0x00, 0x00, 0x00, 0x00,
    0x00, 0x00, 0x00, 0x00, 0x00, 0x00, 0x00, 0x00, 0x00, 0x00, 0x00, 0x00, 0x00, 0x00, 0x00, 0x00,
    0x00, 0x00, 0x00, 0x00, 0x00, 0x00, 0x00, 0x00, 0x00, 0x00, 0x00, 0x00, 0x00, 0x00, 0x00, 0x00,
    0x00, 0x00, 0x00, 0x00, 0x00, 0x00, 0x00, 0x00, 0x00, 0x00, 0x00, 0x00, 0x00, 0x00, 0x00, 0x00,
    0x00, 0x00, 0x00, 0x00, 0x00, 0x00, 0x00, 0x00, 0x00, 0x00, 0x00, 0x00, 0x00, 0x00, 0x00, 0x00,
    0x00, 0x00, 0x00, 0x00, 0x00, 0x00, 0x00, 0x00, 0x00, 0x00, 0x00, 0x00, 0x00, 0x00, 0x00, 0x00,
    0x00, 0x18, 0x3c, 0x00, 0xe1, 0xfc, 0x00, 0xff, 0xff, 0x00, 0xff, 0xff, 0x00, 0xff, 0xff, 0x00,
    0xff, 0xff, 0x00, 0xff, 0xff, 0x00, 0xff, 0xff, 0x00, 0xff, 0xff, 0x00, 0xeb, 0x62, 0x00, 0x00,
    0x00, 0x00, 0x00, 0x00, 0x00, 0x00, 0x00, 0x00, 0x00, 0x00, 0x00, 0x00, 0x00, 0x00, 0x00, 0x00,
    0x00, 0x00, 0x00, 0x00, 0x00, 0x00, 0x00, 0x00, 0x00, 0x00, 0x00, 0x00, 0x00, 0x00, 0x00, 0x00,
    0x00, 0x00, 0x00, 0x00, 0x00, 0x04, 0x00, 0x5d, 0xca, 0x00, 0xff, 0xff, 0x00, 0xff, 0xff, 0x00,
    0xff, 0xff, 0x00, 0xff, 0xff, 0x00, 0xff, 0xff, 0x00, 0xff, 0xff, 0x00, 0xff, 0xff, 0x00, 0xfc,
    0xb2, 0x00, 0x00, 0x00, 0x00, 0x00, 0x00, 0x00, 0x00, 0x00, 0x00, 0x00, 0x00, 0x00, 0x00, 0x00,
    0x00, 0x00, 0x00, 0x00, 0x00, 0x00, 0x00, 0x00, 0x00, 0x00, 0x00, 0x00, 0x00, 0x00, 0x00, 0x00,
    0x00, 0x00, 0x00, 0x00, 0x00, 0x00, 0x00, 0x00, 0x00, 0x00, 0x00, 0x00, 0x00, 0x00, 0x00, 0x00,
    0x00, 0x00, 0x00, 0x00, 0x00, 0x00, 0x00, 0x00, 0x00, 0x00, 0x00, 0x00, 0x00, 0x00, 0x00, 0x00,
    0x00, 0x00, 0x00, 0x00, 0x00, 0x00, 0x00, 0x00, 0x00, 0x00, 0x00, 0x00, 0x00, 0x00, 0x00, 0x00,
    0x00, 0x00, 0x00, 0x00, 0x00, 0x00, 0x00, 0x00, 0x00, 0x00, 0x00, 0x00, 0x00, 0x00, 0x00, 0x00,
    0x00, 0x00, 0x00, 0x00, 0x00, 0x00, 0x00, 0x00, 0x00, 0x00, 0x00, 0x00, 0x00, 0x00, 0x06, 0x00,
    0xdd, 0xfe, 0x00, 0xff, 0xff, 0x00, 0xff, 0xff, 0x00, 0xff, 0xff, 0x00, 0xff, 0xff, 0x00, 0xff,
    0xff, 0x00, 0xff, 0xff, 0x00, 0xff, 0xf8, 0x00, 0x14, 0x00, 0x00, 0x00, 0x00, 0x00, 0x00, 0x00,
    0x00, 0x00, 0x00, 0x00, 0x00, 0x00, 0x00, 0x00, 0x00, 0x00, 0x00, 0x00, 0x00, 0x00, 0x00, 0x00,
    0x00, 0x00, 0x00, 0x00, 0x00, 0x00, 0x00, 0x00, 0x00, 0x00, 0x00, 0x00, 0x00, 0x00, 0x00, 0x00,
    0x00, 0x00, 0x00, 0x9c, 0xf5, 0x00, 0xff, 0xff, 0x00, 0xff, 0xff, 0x00, 0xff, 0xff, 0x00, 0xff,
    0xff, 0x00, 0xff, 0xff, 0x00, 0xff, 0xff, 0x00, 0xff, 0xfc, 0x00, 0x1f, 0x00, 0x00, 0x00, 0x00,
    0x00, 0x00, 0x00, 0x00, 0x00, 0x00, 0x00, 0x00, 0x00, 0x00, 0x00, 0x00, 0x00, 0x00, 0x00, 0x00,
    0x00, 0x00, 0x00, 0x00, 0x00, 0x00, 0x00, 0x00, 0x00, 0x00, 0x00, 0x00, 0x00, 0x00, 0x00, 0x00,
    0x00, 0x00, 0x00, 0x00, 0x00, 0x00, 0x00, 0x00, 0x00, 0x00, 0x00, 0x00, 0x00, 0x00, 0x00, 0x00,
    0x00, 0x00, 0x00, 0x00, 0x00, 0x00, 0x00, 0x00, 0x00, 0x00, 0x00, 0x00, 0x00, 0x00, 0x00, 0x00,
    0x00, 0x00, 0x00, 0x00, 0x00, 0x00, 0x00, 0x00, 0x00, 0x00, 0x00, 0x00, 0x00, 0x00, 0x00, 0x00,
    0x00, 0x00, 0x00, 0x00, 0x00, 0x00, 0x00, 0x00, 0x00, 0x00, 0x00, 0x00, 0x00, 0x00, 0x00, 0x00,
    0x00, 0x00, 0x00, 0x00, 0x00, 0x00, 0x00, 0x00, 0x00, 0x0c, 0xb7, 0x00, 0xff, 0xff, 0x00, 0xff,
    0xff, 0x00, 0xff, 0xff, 0x00, 0xff, 0xff, 0x00, 0xff, 0xff, 0x00, 0xff, 0xff, 0x00, 0xff, 0xff,
    0x00, 0x6e, 0x00, 0x00, 0x00, 0x00, 0x00, 0x00, 0x00, 0x00, 0x00, 0x00, 0x00, 0x00, 0x00, 0x00,
    0x00, 0x00, 0x00, 0x00, 0x00, 0x00, 0x00, 0x00, 0x00, 0x00, 0x00, 0x00, 0x00, 0x00, 0x00, 0x00,
    0x00, 0x00, 0x00, 0x00, 0x00, 0x00, 0x00, 0x00, 0x00, 0x00, 0x00, 0x00, 0x0a, 0x97, 0x00, 0xff,
    0xff, 0x00, 0xff, 0xff, 0x00, 0xff, 0xff, 0x00, 0xff, 0xff, 0x00, 0xff, 0xff, 0x00, 0xff, 0xff,
    0x00, 0xff, 0xff, 0x00, 0x99, 0x00, 0x00, 0x00, 0x00, 0x00, 0x00, 0x00, 0x00, 0x00, 0x00, 0x00,
    0x00, 0x00, 0x00, 0x00, 0x00, 0x00, 0x00, 0x00, 0x00, 0x00, 0x00, 0x00, 0x00, 0x00, 0x00, 0x00,
    0x00, 0x00, 0x00, 0x00, 0x00, 0x00, 0x00, 0x00, 0x00, 0x00, 0x00, 0x00, 0x00, 0x00, 0x00, 0x00,
    0x00, 0x00, 0x00, 0x00, 0x00, 0x00, 0x00, 0x00, 0x00, 0x00, 0x00, 0x00, 0x00, 0x00, 0x00, 0x00,
    0x00, 0x00, 0x00, 0x00, 0x00, 0x00, 0x00, 0x00, 0x00, 0x00, 0x00, 0x00, 0x00, 0x00, 0x00, 0x00,
    0x00, 0x00, 0x00, 0x00, 0x00, 0x00, 0x00, 0x00, 0x00, 0x00, 0x00, 0x00, 0x00, 0x00, 0x00, 0x00,
    0x00, 0x00, 0x00, 0x00, 0x00, 0x00, 0x00, 0x00, 0x00, 0x00, 0x00, 0x00, 0x00, 0x00, 0x00, 0x00,
    0x00, 0x00, 0x05, 0x58, 0x00, 0xff, 0xff, 0x00, 0xff, 0xff, 0x00, 0xff, 0xff, 0x00, 0xff, 0xff,
    0x00, 0xff, 0xff, 0x00, 0xff, 0xff, 0x00, 0xff, 0xff, 0x00, 0xbf, 0x00, 0x00, 0x00, 0x00, 0x00,
    0x00, 0x00, 0x00, 0x00, 0x00, 0x00, 0x00, 0x00, 0x00, 0x00, 0x00, 0x00, 0x00, 0x00, 0x00, 0x00,
    0x00, 0x00, 0x00, 0x00, 0x00, 0x00, 0x00, 0x00, 0x00, 0x00, 0x00, 0x00, 0x00, 0x00, 0x00, 0x00,
    0x00, 0x00, 0x00, 0x00, 0x00, 0x03, 0x3e, 0x00, 0xff, 0xff, 0x00, 0xff, 0xff, 0x00, 0xff, 0xff,
    0x00, 0xff, 0xff, 0x00, 0xff, 0xff, 0x00, 0xff, 0xff, 0x00, 0xff, 0xff, 0x00, 0xc8, 0x00, 0x00,
    0x00, 0x00, 0x00, 0x00, 0x00, 0x00, 0x00, 0x00, 0x00, 0x00, 0x00, 0x00, 0x00, 0x00, 0x00, 0x00,
    0x00, 0x00, 0x00, 0x00, 0x00, 0x00, 0x00, 0x00, 0x00, 0x00, 0x00, 0x00, 0x00, 0x00, 0x00, 0x00,
    0x00, 0x00, 0x00, 0x00, 0x00, 0x00, 0x00, 0x00, 0x00, 0x00, 0x00, 0x00, 0x00, 0x00, 0x00, 0x00,
    0x00, 0x00, 0x00, 0x00, 0x00, 0x00, 0x00, 0x00, 0x00, 0x00, 0x00, 0x00, 0x00, 0x00, 0x00, 0x00,
    0x00, 0x00, 0x00, 0x00, 0x00, 0x00, 0x00, 0x00, 0x00, 0x00, 0x00, 0x00, 0x00, 0x00, 0x00, 0x00,
    0x00, 0x00, 0x00, 0x06, 0x11, 0x00, 0x04, 0x00, 0x00, 0x00, 0x00, 0x00, 0x00, 0x00, 0x00, 0x00,
    0x00, 0x00, 0x00, 0x00, 0x00, 0x00, 0x00, 0x00, 0x00, 0x00, 0x00, 0x04, 0x4d, 0x00, 0xff, 0xff,
    0x00, 0xff, 0xff, 0x00, 0xff, 0xff, 0x00, 0xff, 0xff, 0x00, 0xff, 0xff, 0x00, 0xff, 0xff, 0x00,
    0xff, 0xff, 0x00, 0xcf, 0x00, 0x00, 0x00, 0x00, 0x00, 0x00, 0x00, 0x00, 0x00, 0x00, 0x00, 0x00,
    0x00, 0x00, 0x00, 0x10, 0x1e, 0x00, 0x4c, 0x88, 0x00, 0x26, 0x02, 0x00, 0x00, 0x00, 0x00, 0x00,
    0x00, 0x00, 0x00, 0x00, 0x00, 0x00, 0x00, 0x00, 0x00, 0x00, 0x00, 0x00, 0x00, 0x00, 0x06, 0x66,
    0x00, 0xff, 0xff, 0x00, 0xff, 0xff, 0x00, 0xff, 0xff, 0x00, 0xff, 0xff, 0x00, 0xff, 0xff, 0x00,
    0xff, 0xff, 0x00, 0xff, 0xff, 0x00, 0xcc, 0x00, 0x00, 0x00, 0x00, 0x00, 0x00, 0x00, 0x00, 0x00,
    0x00, 0x00, 0x00, 0x00, 0x00, 0x00, 0x00, 0x00, 0x00, 0x00, 0x00, 0x00, 0x00, 0x00, 0x00, 0x00,
    0x00, 0x00, 0x00, 0x00, 0x00, 0x00, 0x00, 0x00, 0x00, 0x00, 0x00, 0x00, 0x00, 0x00, 0x00, 0x00,
    0x00, 0x00, 0x00, 0x00, 0x00, 0x00, 0x00, 0x00, 0x00, 0x00, 0x00, 0x00, 0x00, 0x00, 0x00, 0x00,
    0x00, 0x00, 0x00, 0x00, 0x00, 0x00, 0x00, 0x00, 0x00, 0x00, 0x00, 0x00, 0x00, 0x00, 0x00, 0x00,
    0x00, 0x09, 0x00, 0x36, 0x47, 0x00, 0xab, 0xd0, 0x00, 0xf8, 0xfc, 0x00, 0xff, 0xff, 0x00, 0xa6,
    0x16, 0x00, 0x00, 0x00, 0x00, 0x00, 0x00, 0x00, 0x00, 0x00, 0x00, 0x00, 0x00, 0x00, 0x00, 0x00,
    0x00, 0x00, 0x00, 0x00, 0x0a, 0xa2, 0x00, 0xff, 0xff, 0x00, 0xff, 0xff, 0x00, 0xff, 0xff, 0x00,
    0xff, 0xff, 0x00, 0xff, 0xff, 0x00, 0xff, 0xff, 0x00, 0xff, 0xff, 0x00, 0xc2, 0x00, 0x00, 0x00,
    0x04, 0x1b, 0x00, 0x4d, 0x6c, 0x00, 0xcd, 0xe7, 0x00, 0xfe, 0xfe, 0x00, 0xff, 0xff, 0x00, 0xff,
    0xff, 0x00, 0xd4, 0x34, 0x00, 0x00, 0x00, 0x00, 0x00, 0x00, 0x00, 0x00, 0x00, 0x00, 0x00, 0x00,
    0x00, 0x00, 0x00, 0x00, 0x00, 0x00, 0x00, 0x1e, 0xc1, 0x00, 0xff, 0xff, 0x00, 0xff, 0xff, 0x00,
    0xff, 0xff, 0x00, 0xff, 0xff, 0x00, 0xff, 0xff, 0x00, 0xff, 0xff, 0x00, 0xff, 0xff, 0x00, 0xba,
    0x00, 0x00, 0x00, 0x00, 0x00, 0x00, 0x00, 0x00, 0x00, 0x00, 0x00, 0x00, 0x00, 0x00, 0x00, 0x00,
    0x00, 0x00, 0x00, 0x00, 0x00, 0x00, 0x00, 0x00, 0x00, 0x00, 0x00, 0x00, 0x00, 0x00, 0x00, 0x00,
    0x00, 0x00, 0x00, 0x00, 0x00, 0x00, 0x00, 0x00, 0x00, 0x00, 0x00, 0x00, 0x00, 0x00, 0x00, 0x00,
    0x00, 0x00, 0x00, 0x00, 0x00, 0x00, 0x00, 0x00, 0x00, 0x00, 0x00, 0x00, 0x00, 0x00, 0x00, 0x00,
    0x00, 0x00, 0x00, 0x7e, 0xc4, 0x00, 0xf3, 0xfd, 0x00, 0xff, 0xff, 0x00, 0xff, 0xff, 0x00, 0xff,
    0xff, 0x00, 0xff, 0xff, 0x00, 0xff, 0xff, 0x00, 0xfc, 0xcb, 0x00, 0x03, 0x00, 0x00, 0x00, 0x00,
    0x00, 0x00, 0x00, 0x00, 0x00, 0x00, 0x00, 0x00, 0x00, 0x00, 0x00, 0x00, 0x00, 0xa2, 0xf6, 0x00,
    0xff, 0xff, 0x00, 0xff, 0xff, 0x00, 0xff, 0xff, 0x00, 0xff, 0xff, 0x00, 0xff, 0xff, 0x00, 0xff,
    0xff, 0x00, 0xff, 0xff, 0x00, 0x94, 0xb9, 0xfb, 0x00, 0xff, 0xff, 0x00, 0xff, 0xff, 0x00, 0xff,
    0xff, 0x00, 0xff, 0xff, 0x00, 0xff, 0xff, 0x00, 0xff, 0xff, 0x00, 0xff, 0xf2, 0x00, 0x0b, 0x00,
    0x00, 0x00, 0x00, 0x00, 0x00, 0x00, 0x00, 0x00, 0x00, 0x00, 0x00, 0x00, 0x00, 0x00, 0x02, 0x00,
    0xda, 0xfe, 0x00, 0xff, 0xff, 0x00, 0xff, 0xff, 0x00, 0xff, 0xff, 0x00, 0xff, 0xff, 0x00, 0xff,
    0xff, 0x00, 0xff, 0xff, 0x00, 0xff, 0xff, 0x00, 0x73, 0x00, 0x00, 0x00, 0x00, 0x00, 0x00, 0x00,
    0x00, 0x00, 0x00, 0x00, 0x00, 0x00, 0x00, 0x00, 0x00, 0x00, 0x00, 0x00, 0x00, 0x00, 0x00, 0x00,
    0x00, 0x00, 0x00, 0x00, 0x00, 0x00, 0x00, 0x00, 0x00, 0x00, 0x00, 0x00, 0x00, 0x00, 0x00, 0x00,
    0x00, 0x00, 0x00, 0x00, 0x00, 0x00, 0x00, 0x00, 0x00, 0x00, 0x00, 0x00, 0x00, 0x00, 0x00, 0x00,
    0x00, 0x00, 0x00, 0x00, 0x00, 0x00, 0x00, 0x00, 0x00, 0x00, 0x00, 0x00, 0x54, 0xed, 0x00, 0xff,
    0xff, 0x00, 0xff, 0xff, 0x00, 0xff, 0xff, 0x00, 0xff, 0xff, 0x00, 0xff, 0xff, 0x00, 0xff, 0xff,
    0x00, 0xff, 0xff, 0x00, 0xce, 0x55, 0x00, 0x00, 0x00, 0x00, 0x00, 0x00, 0x00, 0x00, 0x00, 0x00,
    0x00, 0x00, 0x00, 0x2d, 0xa1, 0x00, 0xff, 0xff, 0x00, 0xff, 0xff, 0x00, 0xff, 0xff, 0x00, 0xff,
    0xff, 0x00, 0xff, 0xff, 0x00, 0xff, 0xff, 0x00, 0xff, 0xff, 0x00, 0xff, 0xfd, 0x00, 0x22, 0x27,
    0xd0, 0x00, 0xff, 0xff, 0x00, 0xff, 0xff, 0x00, 0xff, 0xff, 0x00, 0xff, 0xff, 0x00, 0xff, 0xff,
    0x00, 0xff, 0xff, 0x00, 0xff, 0xff, 0x00, 0xf9, 0xcd, 0x00, 0x10, 0x05, 0x00, 0x00, 0x00, 0x00,
    0x00, 0x00, 0x00, 0x01, 0x08, 0x00, 0xa5, 0xed, 0x00, 0xff, 0xff, 0x00, 0xff, 0xff, 0x00, 0xff,
    0xff, 0x00, 0xff, 0xff, 0x00, 0xff, 0xff, 0x00, 0xff, 0xff, 0x00, 0xff, 0xff, 0x00, 0xff, 0xfb,
    0x00, 0x1b, 0x00, 0x00, 0x00, 0x00, 0x00, 0x00, 0x00, 0x00, 0x00, 0x00, 0x00, 0x00, 0x00, 0x00,
    0x00, 0x00, 0x00, 0x00, 0x00, 0x00, 0x00, 0x00, 0x00, 0x00, 0x00, 0x00, 0x00, 0x00, 0x00, 0x00,
    0x00, 0x00, 0x00, 0x00, 0x00, 0x00, 0x00, 0x00, 0x00, 0x00, 0x00, 0x00, 0x00, 0x00, 0x00, 0x00,
    0x00, 0x00, 0x00, 0x00, 0x00, 0x00, 0x00, 0x00, 0x00, 0x00, 0x00, 0x00, 0x00, 0x00, 0x00, 0x00,
    0x00, 0x00, 0x00, 0x00, 0x00, 0x08, 0x57, 0x00, 0xff, 0xff, 0x00, 0xff, 0xff, 0x00, 0xff, 0xff,
    0x00, 0xff, 0xff, 0x00, 0xff, 0xff, 0x00, 0xff, 0xff, 0x00, 0xff, 0xff, 0x00, 0xff, 0xff, 0x00,
    0xf7, 0xdf, 0x00, 0x95, 0x76, 0x00, 0x4b, 0x6d, 0x00, 0xc4, 0xe9, 0x00, 0xff, 0xff, 0x00, 0xff,
    0xff, 0x00, 0xff, 0xff, 0x00, 0xff, 0xff, 0x00, 0xff, 0xff, 0x00, 0xff, 0xff, 0x00, 0xff, 0xff,
    0x00, 0xff, 0xff, 0x00, 0xfe, 0xdc, 0x00, 0x01, 0x00, 0x27, 0x00, 0xfd, 0xff, 0x00, 0xff, 0xff,
    0x00, 0xff, 0xff, 0x00, 0xff, 0xff, 0x00, 0xff, 0xff, 0x00, 0xff, 0xff, 0x00, 0xff, 0xff, 0x00,
    0xff, 0xff, 0x00, 0xff, 0xfe, 0x00, 0xf9, 0xf6, 0x00, 0xf3, 0xf6, 0x00, 0xfc, 0xfe, 0x00, 0xff,
    0xff, 0x00, 0xff, 0xff, 0x00, 0xff, 0xff, 0x00, 0xff, 0xff, 0x00, 0xff, 0xff, 0x00, 0xff, 0xff,
    0x00, 0xff, 0xff, 0x00, 0xff, 0xff, 0x00, 0xfc, 0xad, 0x00, 0x00, 0x00, 0x00, 0x00, 0x00, 0x00,
    0x00, 0x00, 0x00, 0x00, 0x00, 0x00, 0x00, 0x00, 0x00, 0x00, 0x00, 0x00, 0x00, 0x00, 0x00, 0x00,
    0x00, 0x00, 0x00, 0x00, 0x00, 0x00, 0x00, 0x00, 0x00, 0x00, 0x00, 0x00, 0x00, 0x00, 0x00, 0x00,
    0x00, 0x00, 0x00, 0x00, 0x00, 0x00, 0x00, 0x00, 0x00, 0x00, 0x00, 0x00, 0x00, 0x00, 0x00, 0x00,
    0x00, 0x00, 0x00, 0x00, 0x00, 0x00, 0x00, 0x00, 0x00, 0x00, 0x00, 0x00, 0x00, 0x00, 0x00, 0x00,
    0x00, 0xcf, 0xff, 0x00, 0xff, 0xff, 0x00, 0xff, 0xff, 0x00, 0xff, 0xff, 0x00, 0xff, 0xff, 0x00,
    0xff, 0xff, 0x00, 0xff, 0xff, 0x00, 0xff, 0xff, 0x00, 0xff, 0xff, 0x00, 0xff, 0xff, 0x00, 0xff,
    0xff, 0x00, 0xff, 0xff, 0x00, 0xff, 0xff, 0x00, 0xff, 0xff, 0x00, 0xff, 0xff, 0x00, 0xff, 0xff,
    0x00, 0xff, 0xff, 0x00, 0xff, 0xff, 0x00, 0xff, 0xff, 0x00, 0xff, 0xff, 0x00, 0xbe, 0x2d, 0x00,
    0x00, 0x00, 0x00, 0x00, 0x7e, 0xf5, 0x00, 0xff, 0xff, 0x00, 0xff, 0xff, 0x00, 0xff, 0xff, 0x00,
    0xff, 0xff, 0x00, 0xff, 0xff, 0x00, 0xff, 0xff, 0x00, 0xff, 0xff, 0x00, 0xff, 0xff, 0x00, 0xff,
    0xff, 0x00, 0xff, 0xff, 0x00, 0xff, 0xff, 0x00, 0xff, 0xff, 0x00, 0xff, 0xff, 0x00, 0xff, 0xff,
    0x00, 0xff, 0xff, 0x00, 0xff, 0xff, 0x00, 0xff, 0xff, 0x00, 0xff, 0xff, 0x00, 0xff, 0xff, 0x00,
    0x70, 0x0e, 0x00, 0x00, 0x00, 0x00, 0x00, 0x00, 0x00, 0x00, 0x00, 0x00, 0x00, 0x00, 0x00, 0x00,
    0x00, 0x00, 0x00, 0x00, 0x00, 0x00, 0x00, 0x00, 0x00, 0x00, 0x00, 0x00, 0x00, 0x00, 0x00, 0x00,
    0x00, 0x00, 0x00, 0x00, 0x00, 0x00, 0x00, 0x00, 0x00, 0x00, 0x00, 0x00, 0x00, 0x00, 0x00, 0x00,
    0x00, 0x00, 0x00, 0x00, 0x00, 0x00, 0x00, 0x00, 0x00, 0x00, 0x00, 0x00, 0x00, 0x00, 0x00, 0x00,
    0x00, 0x00, 0x00, 0x00, 0x00, 0x00, 0x00, 0x00, 0x00, 0x00, 0x0e, 0x6f, 0x00, 0xff, 0xff, 0x00,
    0xff, 0xff, 0x00, 0xff, 0xff, 0x00, 0xff, 0xff, 0x00, 0xff, 0xff, 0x00, 0xff, 0xff, 0x00, 0xff,
    0xff, 0x00, 0xff, 0xff, 0x00, 0xff, 0xff, 0x00, 0xff, 0xff, 0x00, 0xff, 0xff, 0x00, 0xff, 0xff,
    0x00, 0xff, 0xff, 0x00, 0xff, 0xff, 0x00, 0xff, 0xff, 0x00, 0xff, 0xff, 0x00, 0xff, 0xff, 0x00,
    0xff, 0xff, 0x00, 0xff, 0xe4, 0x00, 0x0b, 0x00, 0x00, 0x00, 0x00, 0x00, 0x00, 0x00, 0x24, 0x00,
    0xf8, 0xff, 0x00, 0xff, 0xff, 0x00, 0xff, 0xff, 0x00, 0xff, 0xff, 0x00, 0xff, 0xff, 0x00, 0xff,
    0xff, 0x00, 0xff, 0xff, 0x00, 0xff, 0xff, 0x00, 0xff, 0xff, 0x00, 0xff, 0xff, 0x00, 0xff, 0xff,
    0x00, 0xff, 0xff, 0x00, 0xff, 0xff, 0x00, 0xff, 0xff, 0x00, 0xff, 0xff, 0x00, 0xff, 0xff, 0x00,
    0xff, 0xff, 0x00, 0xff, 0xff, 0x00, 0xf7, 0x9a, 0x00, 0x00, 0x00, 0x00, 0x00, 0x00, 0x00, 0x00,
    0x00, 0x00, 0x00, 0x00, 0x00, 0x00, 0x00, 0x00, 0x00, 0x00, 0x00, 0x00, 0x00, 0x00, 0x00, 0x00,
    0x00, 0x00, 0x00, 0x00, 0x00, 0x00, 0x00, 0x00, 0x00, 0x00, 0x00, 0x00, 0x00, 0x00, 0x00, 0x00,
    0x00, 0x00, 0x00, 0x00, 0x00, 0x00, 0x00, 0x00, 0x00, 0x00, 0x00, 0x00, 0x00, 0x00, 0x00, 0x00,
    0x00, 0x00, 0x00, 0x00, 0x00, 0x00, 0x00, 0x00, 0x00, 0x00, 0x00, 0x00, 0x00, 0x00, 0x00, 0x00,
    0x00, 0x00, 0x00, 0x00, 0x00, 0x00, 0x67, 0xdb, 0x00, 0xff, 0xff, 0x00, 0xff, 0xff, 0x00, 0xff,
    0xff, 0x00, 0xff, 0xff, 0x00, 0xff, 0xff, 0x00, 0xff, 0xff, 0x00, 0xff, 0xff, 0x00, 0xff, 0xff,
    0x00, 0xff, 0xff, 0x00, 0xff, 0xff, 0x00, 0xff, 0xff, 0x00, 0xff, 0xff, 0x00, 0xff, 0xff, 0x00,
    0xff, 0xff, 0x00, 0xff, 0xff, 0x00, 0xff, 0xff, 0x00, 0xff, 0xfd, 0x00, 0x64, 0x09, 0x00, 0x00,
    0x00, 0x00, 0x00, 0x00, 0x00, 0x00, 0x00, 0x00, 0x00, 0x0c, 0x7a, 0x00, 0xfd, 0xff, 0x00, 0xff,
    0xff, 0x00, 0xff, 0xff, 0x00, 0xff, 0xff, 0x00, 0xff, 0xff, 0x00, 0xff, 0xff, 0x00, 0xff, 0xff,
    0x00, 0xff, 0xff, 0x00, 0xff, 0xff, 0x00, 0xff, 0xff, 0x00, 0xff, 0xff, 0x00, 0xff, 0xff, 0x00,
    0xff, 0xff, 0x00, 0xff, 0xff, 0x00, 0xff, 0xff, 0x00, 0xff, 0xff, 0x00, 0xfe, 0xe4, 0x00, 0x0b,
    0x00, 0x00, 0x00, 0x00, 0x00, 0x00, 0x00, 0x00, 0x00, 0x00, 0x00, 0x00, 0x00, 0x00, 0x00, 0x00,
    0x00, 0x00, 0x00, 0x00, 0x00, 0x00, 0x00, 0x00, 0x00, 0x00, 0x00, 0x00, 0x00, 0x00, 0x00, 0x00,
    0x00, 0x00, 0x00, 0x00, 0x00, 0x00, 0x00, 0x00, 0x00, 0x00, 0x00, 0x00, 0x00, 0x00, 0x00, 0x00,
    0x00, 0x00, 0x00, 0x00, 0x00, 0x00, 0x00, 0x00, 0x00, 0x00, 0x00, 0x00, 0x00, 0x00, 0x00, 0x00,
    0x00, 0x00, 0x00, 0x00, 0x00, 0x00, 0x00, 0x00, 0x00, 0x00, 0x00, 0x00, 0x00, 0x00, 0x00, 0x00,
    0x01, 0x00, 0x7e, 0xdf, 0x00, 0xff, 0xff, 0x00, 0xff, 0xff, 0x00, 0xff, 0xff, 0x00, 0xff, 0xff,
    0x00, 0xff, 0xff, 0x00, 0xff, 0xff, 0x00, 0xff, 0xff, 0x00, 0xff, 0xff, 0x00, 0xff, 0xff, 0x00,
    0xff, 0xff, 0x00, 0xff, 0xff, 0x00, 0xff, 0xff, 0x00, 0xff, 0xff, 0x00, 0xff, 0xff, 0x00, 0xff,
    0xfd, 0x00, 0x8b, 0x18, 0x00, 0x00, 0x00, 0x00, 0x00, 0x00, 0x00, 0x00, 0x00, 0x00, 0x00, 0x00,
    0x00, 0x00, 0x00, 0x00, 0x00, 0x0c, 0x71, 0x00, 0xfa, 0xff, 0x00, 0xff, 0xff, 0x00, 0xff, 0xff,
    0x00, 0xff, 0xff, 0x00, 0xff, 0xff, 0x00, 0xff, 0xff, 0x00, 0xff, 0xff, 0x00, 0xff, 0xff, 0x00,
    0xff, 0xff, 0x00, 0xff, 0xff, 0x00, 0xff, 0xff, 0x00, 0xff, 0xff, 0x00, 0xff, 0xff, 0x00, 0xff,
    0xff, 0x00, 0xfd, 0xdc, 0x00, 0x17, 0x01, 0x00, 0x00, 0x00, 0x00, 0x00, 0x00, 0x00, 0x00, 0x00,
    0x00, 0x00, 0x00, 0x00, 0x00, 0x00, 0x00, 0x00, 0x00, 0x00, 0x00, 0x00, 0x00, 0x00, 0x00, 0x00,
    0x00, 0x00, 0x00, 0x00, 0x00, 0x00, 0x00, 0x00, 0x00, 0x00, 0x00, 0x00, 0x00, 0x00, 0x00, 0x00,
    0x00, 0x00, 0x00, 0x00, 0x00, 0x00, 0x00, 0x00, 0x00, 0x00, 0x00, 0x00, 0x00, 0x00, 0x00, 0x00,
    0x00, 0x00, 0x00, 0x00, 0x00, 0x00, 0x00, 0x00, 0x00, 0x00, 0x00, 0x00, 0x00, 0x00, 0x00, 0x00,
    0x00, 0x00, 0x00, 0x00, 0x00, 0x00, 0x00, 0x00, 0x00, 0x00, 0x00, 0x00, 0x00, 0x00, 0x35, 0x83,
    0x00, 0xfb, 0xff, 0x00, 0xff, 0xff, 0x00, 0xff, 0xff, 0x00, 0xff, 0xff, 0x00, 0xff, 0xff, 0x00,
    0xff, 0xff, 0x00, 0xff, 0xff, 0x00, 0xff, 0xff, 0x00, 0xff, 0xff, 0x00, 0xff, 0xff, 0x00, 0xff,
    0xff, 0x00, 0xff, 0xff, 0x00, 0xff, 0xeb, 0x00, 0x4d, 0x0a, 0x00, 0x00, 0x00, 0x00, 0x00, 0x00,
    0x00, 0x00, 0x00, 0x00, 0x00, 0x00, 0x00, 0x00, 0x00, 0x00, 0x00, 0x00, 0x00, 0x00, 0x00, 0x00,
    0x00, 0x00, 0x11, 0x00, 0xa1, 0xe6, 0x00, 0xff, 0xff, 0x00, 0xff, 0xff, 0x00, 0xff, 0xff, 0x00,
    0xff, 0xff, 0x00, 0xff, 0xff, 0x00, 0xff, 0xff, 0x00, 0xff, 0xff, 0x00, 0xff, 0xff, 0x00, 0xff,
    0xff, 0x00, 0xff, 0xff, 0x00, 0xff, 0xff, 0x00, 0xc5, 0x6f, 0x00, 0x05, 0x00, 0x00, 0x00, 0x00,
    0x00, 0x00, 0x00, 0x00, 0x00, 0x00, 0x00, 0x00, 0x00, 0x00, 0x00, 0x00, 0x00, 0x00, 0x00, 0x00,
    0x00, 0x00, 0x00, 0x00, 0x00, 0x00, 0x00, 0x00, 0x00, 0x00, 0x00, 0x00, 0x00, 0x00, 0x00, 0x00,
    0x00, 0x00, 0x00, 0x00, 0x00, 0x00, 0x00, 0x00, 0x00, 0x00, 0x00, 0x00, 0x00, 0x00, 0x00, 0x00,
    0x00, 0x00, 0x00, 0x00, 0x00, 0x00, 0x00, 0x00, 0x00, 0x00, 0x00, 0x00, 0x00, 0x00, 0x00, 0x00,
    0x00, 0x00, 0x00, 0x00, 0x00, 0x00, 0x00, 0x00, 0x00, 0x00, 0x00, 0x00, 0x00, 0x00, 0x00, 0x00,
    0x00, 0x00, 0x00, 0x00, 0x00, 0x00, 0x00, 0x00, 0x00, 0x00, 0x00, 0x08, 0x00, 0x47, 0x91, 0x00,
    0xee, 0xfa, 0x00, 0xfe, 0xff, 0x00, 0xff, 0xff, 0x00, 0xff, 0xff, 0x00, 0xff, 0xff, 0x00, 0xff,
    0xff, 0x00, 0xff, 0xff, 0x00, 0xff, 0xfe, 0x00, 0xf7, 0xe3, 0x00, 0x6e, 0x32, 0x00, 0x00, 0x00,
    0x00, 0x00, 0x00, 0x00, 0x00, 0x00, 0x00, 0x00, 0x00, 0x00, 0x00, 0x00, 0x00, 0x00, 0x00, 0x00,
    0x00, 0x00, 0x00, 0x00, 0x00, 0x00, 0x00, 0x00, 0x00, 0x00, 0x00, 0x00, 0x00, 0x00, 0x00, 0x00,
    0x03, 0x17, 0x00, 0x57, 0x9c, 0x00, 0xe1, 0xf3, 0x00, 0xfa, 0xfc, 0x00, 0xfe, 0xfe, 0x00, 0xff,
    0xff, 0x00, 0xfe, 0xfe, 0x00, 0xfb, 0xfa, 0x00, 0xee, 0xdb, 0x00, 0x80, 0x35, 0x00, 0x0d, 0x00,
    0x00, 0x00, 0x00, 0x00, 0x00, 0x00, 0x00, 0x00, 0x00, 0x00, 0x00, 0x00, 0x00, 0x00, 0x00, 0x00,
    0x00, 0x00, 0x00, 0x00, 0x00, 0x00, 0x00, 0x00, 0x00, 0x00, 0x00, 0x00, 0x00, 0x00, 0x00, 0x00,
    0x00, 0x00, 0x00, 0x00, 0x00, 0x00, 0x00, 0x00, 0x00, 0x00, 0x00, 0x00, 0x00, 0x00, 0x00, 0x00,
    0x00, 0x00, 0x00, 0x00, 0x00, 0x00, 0x00, 0x00, 0x00, 0x00, 0x00, 0x00, 0x00, 0x00, 0x00, 0x00,
    0x00, 0x00, 0x00, 0x00, 0x00, 0x00, 0x00, 0x00, 0x00, 0x00, 0x00, 0x00, 0x00, 0x00, 0x00, 0x00,
    0x00, 0x00, 0x00, 0x00,
};
static const lv_image_dsc_t melt_img_42 = {
    .header.magic = LV_IMAGE_HEADER_MAGIC,
    .header.cf = LV_COLOR_FORMAT_A8,
    .header.flags = 0,
    .header.w = 67,
    .header.h = 108,
    .header.stride = 67,
    .data_size = sizeof melt_img_42_px,
    .data = melt_img_42_px,
};

static const uint8_t melt_img_43_px[] __attribute__((aligned(4))) = {
    0x00, 0x00, 0x00, 0x00, 0x00, 0x00, 0x00, 0x00, 0x00, 0x00, 0x00, 0x00, 0x00, 0x00, 0x00, 0x00,
    0x00, 0x00, 0x00, 0x00, 0x00, 0x00, 0x00, 0x00, 0x00, 0x00, 0x00, 0x00, 0x00, 0x00, 0x07, 0x78,
    0x00, 0xe1, 0xe1, 0x00, 0xe1, 0xe1, 0x00, 0xe1, 0xe1, 0x00, 0xe1, 0xe1, 0x00, 0xe1, 0xe1, 0x00,
    0xe1, 0xe1, 0x00, 0xe1, 0xe1, 0x00, 0xe1, 0xe1, 0x00, 0xe1, 0xe1, 0x00, 0xdc, 0x83, 0x00, 0x00,
    0x00, 0x00, 0x00, 0x00, 0x00, 0x00, 0x00, 0x00, 0x00, 0x00, 0x00, 0x00, 0x00, 0x00, 0x00, 0x00,
    0x00, 0x00, 0x00, 0x00, 0x00, 0x00, 0x00, 0x00, 0x00, 0x00, 0x00, 0x00, 0x00, 0x00, 0x00, 0x00,
    0x00, 0x00, 0x00, 0x00, 0x00, 0x00, 0x00, 0x2b, 0xb9, 0x00, 0xff, 0xff, 0x00, 0xff, 0xff, 0x00,
    0xff, 0xff, 0x00, 0xff, 0xff, 0x00, 0xff, 0xff, 0x00, 0xff, 0xff, 0x00, 0xff, 0xff, 0x00, 0xff,
    0xff, 0x00, 0xff, 0xff, 0x00, 0xf9, 0x94, 0x00, 0x00, 0x00, 0x00, 0x00, 0x00, 0x00, 0x00, 0x00,
    0x00, 0x00, 0x00, 0x00, 0x00, 0x00, 0x00, 0x00, 0x00, 0x00, 0x00, 0x00, 0x00, 0x00, 0x00, 0x00,
    0x00, 0x00, 0x00, 0x00, 0x00, 0x00, 0x00, 0x00, 0x00, 0x00, 0x00, 0x00, 0x00, 0x00, 0x00, 0x00,
    0x00, 0x00, 0x00, 0x00, 0x00, 0x00, 0x00, 0x00, 0x00, 0x00, 0x00, 0x00, 0x00, 0x00, 0x00, 0x00,
    0x00, 0x00, 0x00, 0x00, 0x00, 0x00, 0x00, 0x00, 0x00, 0x00, 0x00, 0x00, 0x00, 0x00, 0x00, 0x00,
    0x00, 0x00, 0x00, 0x00, 0x00, 0x00, 0x00, 0x00, 0x00, 0x00, 0x00, 0x00, 0x00, 0x00, 0x00, 0x00,
    0x00, 0x00, 0x00, 0x00, 0x00, 0x00, 0x00, 0x00, 0x00, 0x00, 0x00, 0x00, 0x00, 0x00, 0x00, 0x00,
    0x00, 0x00, 0x00, 0x00, 0x00, 0x00, 0x00, 0x00, 0x00, 0xb2, 0xfa, 0x00, 0xff, 0xff, 0x00, 0xff,
    0xff, 0x00, 0xff, 0xff, 0x00, 0xff, 0xff, 0x00, 0xff, 0xff, 0x00, 0xff, 0xff, 0x00, 0xff, 0xff,
    0x00, 0xff, 0xff, 0x00, 0xff, 0xff, 0x00, 0xf9, 0x94, 0x00, 0x00, 0x00, 0x00, 0x00, 0x00, 0x00,
    0x00, 0x00, 0x00, 0x00, 0x00, 0x00, 0x00, 0x00, 0x00, 0x00, 0x00, 0x00, 0x00, 0x00, 0x00, 0x00,
    0x00, 0x00, 0x00, 0x00, 0x00, 0x00, 0x00, 0x00, 0x00, 0x00, 0x00, 0x00, 0x00, 0x00, 0x00, 0x00,
    0x02, 0x00, 0xe4, 0xff, 0x00, 0xff, 0xff, 0x00, 0xff, 0xff, 0x00, 0xff, 0xff, 0x00, 0xff, 0xff,
    0x00, 0xff, 0xff, 0x00, 0xff, 0xff, 0x00, 0xff, 0xff, 0x00, 0xff, 0xff, 0x00, 0xff, 0xff, 0x00,
    0xf9, 0x94, 0x00, 0x00, 0x00, 0x00, 0x00, 0x00, 0x00, 0x00, 0x00, 0x00, 0x00, 0x00, 0x00, 0x00,
    0x00, 0x00, 0x00, 0x00, 0x00, 0x00, 0x00, 0x00, 0x00, 0x00, 0x00, 0x00, 0x00, 0x00, 0x00, 0x00,
    0x00, 0x00, 0x00, 0x00, 0x00, 0x00, 0x00, 0x00, 0x00, 0x00, 0x00, 0x00, 0x00, 0x00, 0x00, 0x00,
    0x00, 0x00, 0x00, 0x00, 0x00, 0x00, 0x00, 0x00, 0x00, 0x00, 0x00, 0x00, 0x00, 0x00, 0x00, 0x00,
    0x00, 0x00, 0x00, 0x00, 0x00, 0x00, 0x00, 0x00, 0x00, 0x00, 0x00, 0x00, 0x00, 0x00, 0x00, 0x00,
    0x00, 0x00, 0x00, 0x00, 0x00, 0x00, 0x00, 0x00, 0x00, 0x00, 0x00, 0x00, 0x00, 0x00, 0x00, 0x00,
    0x00, 0x00, 0x00, 0x00, 0x00, 0x00, 0x00, 0x00, 0x00, 0x00, 0x00, 0x00, 0x00, 0x00, 0x00, 0x00,
    0x00, 0x00, 0x65, 0x00, 0xff, 0xff, 0x00, 0xff, 0xff, 0x00, 0xff, 0xff, 0x00, 0xff, 0xff, 0x00,
    0xff, 0xff, 0x00, 0xff, 0xff, 0x00, 0xff, 0xff, 0x00, 0xff, 0xff, 0x00, 0xff, 0xff, 0x00, 0xff,
    0xff, 0x00, 0xf9, 0x94, 0x00, 0x00, 0x00, 0x00, 0x00, 0x00, 0x00, 0x00, 0x00, 0x00, 0x00, 0x00,
    0x00, 0x00, 0x00, 0x00, 0x00, 0x00, 0x00, 0x00, 0x00, 0x00, 0x00, 0x00, 0x00, 0x00, 0x00, 0x00,
    0x00, 0x00, 0x00, 0x00, 0x00, 0x00, 0x00, 0x00, 0x00, 0x00, 0x1e, 0xa1, 0x00, 0xff, 0xff, 0x00,
    0xff, 0xff, 0x00, 0xff, 0xff, 0x00, 0xff, 0xff, 0x00, 0xff, 0xff, 0x00, 0xff, 0xff, 0x00, 0xff,
    0xff, 0x00, 0xff, 0xff, 0x00, 0xff, 0xff, 0x00, 0xff, 0xff, 0x00, 0xf9, 0x94, 0x00, 0x00, 0x00,
    0x00, 0x00, 0x00, 0x00, 0x00, 0x00, 0x00, 0x00, 0x00, 0x00, 0x00, 0x00, 0x00, 0x00, 0x00, 0x00,
    0x00, 0x00, 0x00, 0x00, 0x00, 0x00, 0x00, 0x00, 0x00, 0x00, 0x00, 0x00, 0x00, 0x00, 0x00, 0x00,
    0x00, 0x00, 0x00, 0x00, 0x00, 0x00, 0x00, 0x00, 0x00, 0x00, 0x00, 0x00, 0x00, 0x00, 0x00, 0x00,
    0x00, 0x00, 0x00, 0x00, 0x00, 0x00, 0x00, 0x00, 0x00, 0x00, 0x00, 0x00, 0x00, 0x00, 0x00, 0x00,
    0x00, 0x00, 0x00, 0x00, 0x00, 0x00, 0x00, 0x00, 0x00, 0x00, 0x00, 0x00, 0x00, 0x00, 0x00, 0x00,
    0x00, 0x00, 0x00, 0x00, 0x00, 0x00, 0x00, 0x00, 0x00, 0x00, 0x00, 0x00, 0x00, 0x00, 0x00, 0x00,
    0x00, 0x00, 0x00, 0x00, 0x00, 0x00, 0x00, 0x00, 0x00, 0x00, 0x00, 0x00, 0x9c, 0xf9, 0x00, 0xff,
    0xff, 0x00, 0xff, 0xff, 0x00, 0xff, 0xff, 0x00, 0xff, 0xff, 0x00, 0xff, 0xff, 0x00, 0xff, 0xff,
    0x00, 0xff, 0xff, 0x00, 0xff, 0xff, 0x00, 0xff, 0xff, 0x00, 0xff, 0xff, 0x00, 0xf9, 0x94, 0x00,
    0x00, 0x00, 0x00, 0x00, 0x00, 0x00, 0x00, 0x00, 0x00, 0x00, 0x00, 0x00, 0x00, 0x00, 0x00, 0x00,
    0x00, 0x00, 0x00, 0x00, 0x00, 0x00, 0x00, 0x00, 0x00, 0x00, 0x00, 0x00, 0x00, 0x00, 0x00, 0x00,
    0x00, 0x00, 0x00, 0x00, 0x00, 0xdb, 0xff, 0x00, 0xff, 0xff, 0x00, 0xff, 0xff, 0x00, 0xff, 0xff,
    0x00, 0xff, 0xff, 0x00, 0xff, 0xff, 0x00, 0xff, 0xff, 0x00, 0xff, 0xff, 0x00, 0xff, 0xff, 0x00,
    0xff, 0xff, 0x00, 0xff, 0xff, 0x00, 0xf9, 0x94, 0x00, 0x00, 0x00, 0x00, 0x00, 0x00, 0x00, 0x00,
    0x00, 0x00, 0x00, 0x00, 0x00, 0x00, 0x00, 0x00, 0x00, 0x00, 0x00, 0x00, 0x00, 0x00, 0x00, 0x00,
    0x00, 0x00, 0x00, 0x00, 0x00, 0x00, 0x00, 0x00, 0x00, 0x00, 0x00, 0x00, 0x00, 0x00, 0x00, 0x00,
    0x00, 0x00, 0x00, 0x00, 0x00, 0x00, 0x00, 0x00, 0x00, 0x00, 0x00, 0x00, 0x00, 0x00, 0x00, 0x00,
    0x00, 0x00, 0x00, 0x00, 0x00, 0x00, 0x00, 0x00, 0x00, 0x00, 0x00, 0x00, 0x00, 0x00, 0x00, 0x00,
    0x00, 0x00, 0x00, 0x00, 0x00, 0x00, 0x00, 0x00, 0x00, 0x00, 0x00, 0x00, 0x00, 0x00, 0x00, 0x00,
    0x00, 0x00, 0x00, 0x00, 0x00, 0x00, 0x00, 0x00, 0x00, 0x00, 0x00, 0x00, 0x00, 0x00, 0x00, 0x00,
    0x00, 0x00, 0x00, 0x00, 0x01, 0x4a, 0x00, 0xff, 0xff, 0x00, 0xff, 0xff, 0x00, 0xff, 0xff, 0x00,
    0xff, 0xff, 0x00, 0xff, 0xff, 0x00, 0xff, 0xff, 0x00, 0xff, 0xff, 0x00, 0xff, 0xff, 0x00, 0xff,
    0xff, 0x00, 0xff, 0xff, 0x00, 0xff, 0xff, 0x00, 0xf9, 0x94, 0x00, 0x00, 0x00, 0x00, 0x00, 0x00,
    0x00, 0x00, 0x00, 0x00, 0x00, 0x00, 0x00, 0x00, 0x00, 0x00, 0x00, 0x00, 0x00, 0x00, 0x00, 0x00,
    0x00, 0x00, 0x00, 0x00, 0x00, 0x00, 0x00, 0x00, 0x00, 0x00, 0x00, 0x00, 0x00, 0x1d, 0x91, 0x00,
    0xff, 0xff, 0x00, 0xff, 0xff, 0x00, 0xff, 0xff, 0x00, 0xff, 0xff, 0x00, 0xff, 0xff, 0x00, 0xff,
    0xff, 0x00, 0xff, 0xff, 0x00, 0xff, 0xff, 0x00, 0xff, 0xff, 0x00, 0xff, 0xff, 0x00, 0xff, 0xff,
    0x00, 0xf9, 0x94, 0x00, 0x00, 0x00, 0x00, 0x00, 0x00, 0x00, 0x00, 0x00, 0x00, 0x00, 0x00, 0x00,
    0x00, 0x00, 0x00, 0x00, 0x00, 0x00, 0x00, 0x00, 0x00, 0x00, 0x00, 0x00, 0x00, 0x00, 0x00, 0x00,
    0x00, 0x00, 0x00, 0x00, 0x00, 0x00, 0x00, 0x00, 0x00, 0x00, 0x00, 0x00, 0x00, 0x00, 0x00, 0x00,
    0x00, 0x00, 0x00, 0x00, 0x00, 0x00, 0x00, 0x00, 0x00, 0x00, 0x00, 0x00, 0x00, 0x00, 0x00, 0x00,
    0x00, 0x00, 0x00, 0x00, 0x00, 0x00, 0x00, 0x00, 0x00, 0x00, 0x00, 0x00, 0x00, 0x00, 0x00, 0x00,
    0x00, 0x00, 0x00, 0x00, 0x00, 0x00, 0x00, 0x00, 0x00, 0x00, 0x00, 0x00, 0x00, 0x00, 0x00, 0x00,
    0x00, 0x00, 0x00, 0x00, 0x00, 0x00, 0x00, 0x00, 0x00, 0x00, 0x00, 0x00, 0x00, 0x00, 0x00, 0x8c,
    0xf9, 0x00, 0xff, 0xff, 0x00, 0xff, 0xff, 0x00, 0xff, 0xff, 0x00, 0xff, 0xff, 0x00, 0xff, 0xff,
    0x00, 0xff, 0xff, 0x00, 0xff, 0xff, 0x00, 0xff, 0xff, 0x00, 0xff, 0xff, 0x00, 0xff, 0xff, 0x00,
    0xff, 0xff, 0x00, 0xf9, 0x94, 0x00, 0x00, 0x00, 0x00, 0x00, 0x00, 0x00, 0x00, 0x00, 0x00, 0x00,
    0x00, 0x00, 0x00, 0x00, 0x00, 0x00, 0x00, 0x00, 0x00, 0x00, 0x00, 0x00, 0x00, 0x00, 0x00, 0x00,
    0x00, 0x00, 0x00, 0x00, 0x00, 0x00, 0x02, 0x00, 0xd1, 0xff, 0x00, 0xff, 0xff, 0x00, 0xff, 0xff,
    0x00, 0xff, 0xff, 0x00, 0xff, 0xff, 0x00, 0xff, 0xff, 0x00, 0xff, 0xff, 0x00, 0xff, 0xff, 0x00,
    0xff, 0xff, 0x00, 0xff, 0xff, 0x00, 0xff, 0xff, 0x00, 0xff, 0xff, 0x00, 0xf9, 0x94, 0x00, 0x00,
    0x00, 0x00, 0x00, 0x00, 0x00, 0x00, 0x00, 0x00, 0x00, 0x00, 0x00, 0x00, 0x00, 0x00, 0x00, 0x00,
    0x00, 0x00, 0x00, 0x00, 0x00, 0x00, 0x00, 0x00, 0x00, 0x00, 0x00, 0x00, 0x00, 0x00, 0x00, 0x00,
    0x00, 0x00, 0x00, 0x00, 0x00, 0x00, 0x00, 0x00, 0x00, 0x00, 0x00, 0x00, 0x00, 0x00, 0x00, 0x00,
    0x00, 0x00, 0x00, 0x00, 0x00, 0x00, 0x00, 0x00, 0x00, 0x00, 0x00, 0x00, 0x00, 0x00, 0x00, 0x00,
    0x00, 0x00, 0x00, 0x00, 0x00, 0x00, 0x00, 0x00, 0x00, 0x00, 0x00, 0x00, 0x00, 0x00, 0x00, 0x00,
    0x00, 0x00, 0x00, 0x00, 0x00, 0x00, 0x00, 0x00, 0x00, 0x00, 0x00, 0x00, 0x00, 0x00, 0x00, 0x00,
    0x00, 0x00, 0x00, 0x00, 0x00, 0x00, 0x00, 0x03, 0x3b, 0x00, 0xfe, 0xff, 0x00, 0xff, 0xff, 0x00,
    0xff, 0xff, 0x00, 0xff, 0xff, 0x00, 0xff, 0xff, 0x00, 0xff, 0xff, 0x00, 0xff, 0xff, 0x00, 0xff,
    0xff, 0x00, 0xff, 0xff, 0x00, 0xff, 0xff, 0x00, 0xff, 0xff, 0x00, 0xff, 0xff, 0x00, 0xf9, 0x94,
    0x00, 0x00, 0x00, 0x00, 0x00, 0x00, 0x00, 0x00, 0x00, 0x00, 0x00, 0x00, 0x00, 0x00, 0x00, 0x00,
    0x00, 0x00, 0x00, 0x00, 0x00, 0x00, 0x00, 0x00, 0x00, 0x00, 0x00, 0x00, 0x00, 0x00, 0x00, 0x00,
    0x14, 0x7e, 0x00, 0xff, 0xff, 0x00, 0xff, 0xff, 0x00, 0xff, 0xff, 0x00, 0xff, 0xff, 0x00, 0xff,
    0xff, 0x00, 0xff, 0xff, 0x00, 0xff, 0xff, 0x00, 0xff, 0xff, 0x00, 0xff, 0xff, 0x00, 0xff, 0xff,
    0x00, 0xff, 0xff, 0x00, 0xff, 0xff, 0x00, 0xf9, 0x94, 0x00, 0x00, 0x00, 0x00, 0x00, 0x00, 0x00,
    0x00, 0x00, 0x00, 0x00, 0x00, 0x00, 0x00, 0x00, 0x00, 0x00, 0x00, 0x00, 0x00, 0x00, 0x00, 0x00,
    0x00, 0x00, 0x00, 0x00, 0x00, 0x00, 0x00, 0x00, 0x00, 0x00, 0x00, 0x00, 0x00, 0x00, 0x00, 0x00,
    0x00, 0x00, 0x00, 0x00, 0x00, 0x00, 0x00, 0x00, 0x00, 0x00, 0x00, 0x00, 0x00, 0x00, 0x00, 0x00,
    0x00, 0x00, 0x00, 0x00, 0x00, 0x00, 0x00, 0x00, 0x00, 0x00, 0x00, 0x00, 0x00, 0x00, 0x00, 0x00,
    0x00, 0x00, 0x00, 0x00, 0x00, 0x00, 0x00, 0x00, 0x00, 0x00, 0x00, 0x00, 0x00, 0x00, 0x00, 0x00,
    0x00, 0x00, 0x00, 0x00, 0x00, 0x00, 0x00, 0x00, 0x00, 0x00, 0x00, 0x00, 0x00, 0x00, 0x00, 0x00,
    0x00, 0x00, 0x77, 0xf2, 0x00, 0xff, 0xff, 0x00, 0xff, 0xff, 0x00, 0xff, 0xff, 0x00, 0xff, 0xff,
    0x00, 0xff, 0xff, 0x00, 0xff, 0xff, 0x00, 0xff, 0xff, 0x00, 0xff, 0xff, 0x00, 0xff, 0xff, 0x00,
    0xff, 0xff, 0x00, 0xff, 0xff, 0x00, 0xff, 0xff, 0x00, 0xf9, 0x94, 0x00, 0x00, 0x00, 0x00, 0x00,
    0x00, 0x00, 0x00, 0x00, 0x00, 0x00, 0x00, 0x00, 0x00, 0x00, 0x00, 0x00, 0x00, 0x00, 0x00, 0x00,
    0x00, 0x00, 0x00, 0x00, 0x00, 0x00, 0x00, 0x00, 0x00, 0x02, 0x00, 0xc6, 0xfc, 0x00, 0xff, 0xff,
    0x00, 0xff, 0xff, 0x00, 0xff, 0xff, 0x00, 0xff, 0xff, 0x00, 0xff, 0xff, 0x00, 0xff, 0xff, 0x00,
    0xff, 0xff, 0x00, 0xff, 0xff, 0x00, 0xff, 0xff, 0x00, 0xff, 0xff, 0x00, 0xff, 0xff, 0x00, 0xff,
    0xff, 0x00, 0xf9, 0x94, 0x00, 0x00, 0x00, 0x00, 0x00, 0x00, 0x00, 0x00, 0x00, 0x00, 0x00, 0x00,
    0x00, 0x00, 0x00, 0x00, 0x00, 0x00, 0x00, 0x00, 0x00, 0x00, 0x00, 0x00, 0x00, 0x00, 0x00, 0x00,
    0x00, 0x00, 0x00, 0x00, 0x00, 0x00, 0x00, 0x00, 0x00, 0x00, 0x00, 0x00, 0x00, 0x00, 0x00, 0x00,
    0x00, 0x00, 0x00, 0x00, 0x00, 0x00, 0x00, 0x00, 0x00, 0x00, 0x00, 0x00, 0x00, 0x00, 0x00, 0x00,
    0x00, 0x00, 0x00, 0x00, 0x00, 0x00, 0x00, 0x00, 0x00, 0x00, 0x00, 0x00, 0x00, 0x00, 0x00, 0x00,
    0x00, 0x00, 0x00, 0x00, 0x00, 0x00, 0x00, 0x00, 0x00, 0x00, 0x00, 0x00, 0x00, 0x00, 0x00, 0x00,
    0x00, 0x00, 0x00, 0x00, 0x00, 0x00, 0x00, 0x00, 0x00, 0x00, 0x02, 0x2a, 0x00, 0xfc, 0xff, 0x00,
    0xff, 0xff, 0x00, 0xff, 0xff, 0x00, 0xff, 0xff, 0x00, 0xff, 0xff, 0x00, 0xff, 0xff, 0x00, 0xe5,
    0xcf, 0x00, 0xff, 0xff, 0x00, 0xff, 0xff, 0x00, 0xff, 0xff, 0x00, 0xff, 0xff, 0x00, 0xff, 0xff,
    0x00, 0xff, 0xff, 0x00, 0xf9, 0x94, 0x00, 0x00, 0x00, 0x00, 0x00, 0x00, 0x00, 0x00, 0x00, 0x00,
    0x00, 0x00, 0x00, 0x00, 0x00, 0x00, 0x00, 0x00, 0x00, 0x00, 0x00, 0x00, 0x00, 0x00, 0x00, 0x00,
    0x00, 0x00, 0x00, 0x0c, 0x6a, 0x00, 0xff, 0xff, 0x00, 0xff, 0xff, 0x00, 0xff, 0xff, 0x00, 0xff,
    0xff, 0x00, 0xff, 0xff, 0x00, 0xff, 0xff, 0x00, 0xb7, 0xc1, 0x00, 0xff, 0xff, 0x00, 0xff, 0xff,
    0x00, 0xff, 0xff, 0x00, 0xff, 0xff, 0x00, 0xff, 0xff, 0x00, 0xff, 0xff, 0x00, 0xf9, 0x94, 0x00,
    0x00, 0x00, 0x00, 0x00, 0x00, 0x00, 0x00, 0x00, 0x00, 0x00, 0x00, 0x00, 0x00, 0x00, 0x00, 0x00,
    0x00, 0x00, 0x00, 0x00, 0x00, 0x00, 0x00, 0x00, 0x00, 0x00, 0x00, 0x00, 0x00, 0x00, 0x00, 0x00,
    0x00, 0x00, 0x00, 0x00, 0x00, 0x00, 0x00, 0x00, 0x00, 0x00, 0x00, 0x00, 0x00, 0x00, 0x00, 0x00,
    0x00, 0x00, 0x00, 0x00, 0x00, 0x00, 0x00, 0x00, 0x00, 0x00, 0x00, 0x00, 0x00, 0x00, 0x00, 0x00,
    0x00, 0x00, 0x00, 0x00, 0x00, 0x00, 0x00, 0x00, 0x00, 0x00, 0x00, 0x00, 0x00, 0x00, 0x00, 0x00,
    0x00, 0x00, 0x00, 0x00, 0x00, 0x00, 0x00, 0x00, 0x00, 0x00, 0x00, 0x00, 0x00, 0x00, 0x00, 0x00,
    0x00, 0x00, 0x00, 0x00, 0x00, 0x63, 0xe8, 0x00, 0xff, 0xff, 0x00, 0xff, 0xff, 0x00, 0xff, 0xff,
    0x00, 0xff, 0xff, 0x00, 0xff, 0xff, 0x00, 0xff, 0xf6, 0x00, 0x32, 0xba, 0x00, 0xff, 0xff, 0x00,
    0xff, 0xff, 0x00, 0xff, 0xff, 0x00, 0xff, 0xff, 0x00, 0xff, 0xff, 0x00, 0xff, 0xff, 0x00, 0xf9,
    0x94, 0x00, 0x00, 0x00, 0x00, 0x00, 0x00, 0x00, 0x00, 0x00, 0x00, 0x00, 0x00, 0x00, 0x00, 0x00,
    0x00, 0x00, 0x00, 0x00, 0x00, 0x00, 0x00, 0x00, 0x00, 0x00, 0x00, 0x00, 0x00, 0x00, 0xb6, 0xfa,
    0x00, 0xff, 0xff, 0x00, 0xff, 0xff, 0x00, 0xff, 0xff, 0x00, 0xff, 0xff, 0x00, 0xff, 0xff, 0x00,
    0xfe, 0xe1, 0x00, 0x2c, 0xba, 0x00, 0xff, 0xff, 0x00, 0xff, 0xff, 0x00, 0xff, 0xff, 0x00, 0xff,
    0xff, 0x00, 0xff, 0xff, 0x00, 0xff, 0xff, 0x00, 0xf9, 0x94, 0x00, 0x00, 0x00, 0x00, 0x00, 0x00,
    0x00, 0x00, 0x00, 0x00, 0x00, 0x00, 0x00, 0x00, 0x00, 0x00, 0x00, 0x00, 0x00, 0x00, 0x00, 0x00,
    0x00, 0x00, 0x00, 0x00, 0x00, 0x00, 0x00, 0x00, 0x00, 0x00, 0x00, 0x00, 0x00, 0x00, 0x00, 0x00,
    0x00, 0x00, 0x00, 0x00, 0x00, 0x00, 0x00, 0x00, 0x00, 0x00, 0x00, 0x00, 0x00, 0x00, 0x00, 0x00,
    0x00, 0x00, 0x00, 0x00, 0x00, 0x00, 0x00, 0x00, 0x00, 0x00, 0x00, 0x00, 0x00, 0x00, 0x00, 0x00,
    0x00, 0x00, 0x00, 0x00, 0x00, 0x00, 0x00, 0x00, 0x00, 0x00, 0x00, 0x00, 0x00, 0x00, 0x00, 0x00,
    0x00, 0x00, 0x00, 0x00, 0x00, 0x00, 0x00, 0x00, 0x00, 0x00, 0x00, 0x00, 0x00, 0x00, 0x13, 0x00,
    0xf8, 0xff, 0x00, 0xff, 0xff, 0x00, 0xff, 0xff, 0x00, 0xff, 0xff, 0x00, 0xff, 0xff, 0x00, 0xff,
    0xff, 0x00, 0xeb, 0x72, 0x00, 0x26, 0xba, 0x00, 0xff, 0xff, 0x00, 0xff, 0xff, 0x00, 0xff, 0xff,
    0x00, 0xff, 0xff, 0x00, 0xff, 0xff, 0x00, 0xff, 0xff, 0x00, 0xf9, 0x94, 0x00, 0x00, 0x00, 0x00,
    0x00, 0x00, 0x00, 0x00, 0x00, 0x00, 0x00, 0x00, 0x00, 0x00, 0x00, 0x00, 0x00, 0x00, 0x00, 0x00,
    0x00, 0x00, 0x00, 0x00, 0x00, 0x00, 0x06, 0x5d, 0x00, 0xfe, 0xff, 0x00, 0xff, 0xff, 0x00, 0xff,
    0xff, 0x00, 0xff, 0xff, 0x00, 0xff, 0xff, 0x00, 0xff, 0xff, 0x00, 0xc6, 0x29, 0x00, 0x26, 0xba,
    0x00, 0xff, 0xff, 0x00, 0xff, 0xff, 0x00, 0xff, 0xff, 0x00, 0xff, 0xff, 0x00, 0xff, 0xff, 0x00,
    0xff, 0xff, 0x00, 0xf9, 0x94, 0x00, 0x00, 0x00, 0x00, 0x00, 0x00, 0x00, 0x00, 0x00, 0x00, 0x00,
    0x00, 0x00, 0x00, 0x00, 0x00, 0x00, 0x00, 0x00, 0x00, 0x00, 0x00, 0x00, 0x00, 0x00, 0x00, 0x00,
    0x00, 0x00, 0x00, 0x00, 0x00, 0x00, 0x00, 0x00, 0x00, 0x00, 0x00, 0x00, 0x00, 0x00, 0x00, 0x00,
    0x00, 0x00, 0x00, 0x00, 0x00, 0x00, 0x00, 0x00, 0x00, 0x00, 0x00, 0x00, 0x00, 0x00, 0x00, 0x00,
    0x00, 0x00, 0x00, 0x00, 0x00, 0x00, 0x00, 0x00, 0x00, 0x00, 0x00, 0x00, 0x00, 0x00, 0x00, 0x00,
    0x00, 0x00, 0x00, 0x00, 0x00, 0x00, 0x00, 0x00, 0x00, 0x00, 0x00, 0x00, 0x00, 0x00, 0x00, 0x00,
    0x00, 0x00, 0x00, 0x00, 0x00, 0x00, 0x00, 0x00, 0x5a, 0xdf, 0x00, 0xff, 0xff, 0x00, 0xff, 0xff,
    0x00, 0xff, 0xff, 0x00, 0xff, 0xff, 0x00, 0xff, 0xff, 0x00, 0xff, 0xfd, 0x00, 0x31, 0x03, 0x00,
    0x26, 0xba, 0x00, 0xff, 0xff, 0x00, 0xff, 0xff, 0x00, 0xff, 0xff, 0x00, 0xff, 0xff, 0x00, 0xff,
    0xff, 0x00, 0xff, 0xff, 0x00, 0xf9, 0x94, 0x00, 0x00, 0x00, 0x00, 0x00, 0x00, 0x00, 0x00, 0x00,
    0x00, 0x00, 0x00, 0x00, 0x00, 0x00, 0x00, 0x00, 0x00, 0x00, 0x00, 0x00, 0x00, 0x00, 0x00, 0x00,
    0x00, 0xa5, 0xf6, 0x00, 0xff, 0xff, 0x00, 0xff, 0xff, 0x00, 0xff, 0xff, 0x00, 0xff, 0xff, 0x00,
    0xff, 0xff, 0x00, 0xff, 0xf7, 0x00, 0x15, 0x00, 0x00, 0x26, 0xba, 0x00, 0xff, 0xff, 0x00, 0xff,
    0xff, 0x00, 0xff, 0xff, 0x00, 0xff, 0xff, 0x00, 0xff, 0xff, 0x00, 0xff, 0xff, 0x00, 0xf9, 0x94,
    0x00, 0x00, 0x00, 0x00, 0x00, 0x00, 0x00, 0x00, 0x00, 0x00, 0x00, 0x00, 0x00, 0x00, 0x00, 0x00,
    0x00, 0x00, 0x00, 0x00, 0x00, 0x00, 0x00, 0x00, 0x00, 0x00, 0x00, 0x00, 0x00, 0x00, 0x00, 0x00,
    0x00, 0x00, 0x00, 0x00, 0x00, 0x00, 0x00, 0x00, 0x00, 0x00, 0x00, 0x00, 0x00, 0x00, 0x00, 0x00,
    0x00, 0x00, 0x00, 0x00, 0x00, 0x00, 0x00, 0x00, 0x00, 0x00, 0x00, 0x00, 0x00, 0x00, 0x00, 0x00,
    0x00, 0x00, 0x00, 0x00, 0x00, 0x00, 0x00, 0x00, 0x00, 0x00, 0x00, 0x00, 0x00, 0x00, 0x00, 0x00,
    0x00, 0x00, 0x00, 0x00, 0x00, 0x00, 0x00, 0x00, 0x00, 0x00, 0x00, 0x00, 0x00, 0x00, 0x00, 0x00,
    0x00, 0x11, 0x00, 0xf4, 0xff, 0x00, 0xff, 0xff, 0x00, 0xff, 0xff, 0x00, 0xff, 0xff, 0x00, 0xff,
    0xff, 0x00, 0xff, 0xff, 0x00, 0xfa, 0xb0, 0x00, 0x01, 0x00, 0x00, 0x26, 0xba, 0x00, 0xff, 0xff,
    0x00, 0xff, 0xff, 0x00, 0xff, 0xff, 0x00, 0xff, 0xff, 0x00, 0xff, 0xff, 0x00, 0xff, 0xff, 0x00,
    0xf9, 0x94, 0x00, 0x00, 0x00, 0x00, 0x00, 0x00, 0x00, 0x00, 0x00, 0x00, 0x00, 0x00, 0x00, 0x00,
    0x00, 0x00, 0x00, 0x00, 0x00, 0x00, 0x00, 0x00, 0x00, 0x02, 0x51, 0x00, 0xfe, 0xff, 0x00, 0xff,
    0xff, 0x00, 0xff, 0xff, 0x00, 0xff, 0xff, 0x00, 0xff, 0xff, 0x00, 0xff, 0xff, 0x00, 0xec, 0x63,
    0x00, 0x00, 0x00, 0x00, 0x26, 0xba, 0x00, 0xff, 0xff, 0x00, 0xff, 0xff, 0x00, 0xff, 0xff, 0x00,
    0xff, 0xff, 0x00, 0xff, 0xff, 0x00, 0xff, 0xff, 0x00, 0xf9, 0x94, 0x00, 0x00, 0x00, 0x00, 0x00,
    0x00, 0x00, 0x00, 0x00, 0x00, 0x00, 0x00, 0x00, 0x00, 0x00, 0x00, 0x00, 0x00, 0x00, 0x00, 0x00,
    0x00, 0x00, 0x00, 0x00, 0x00, 0x00, 0x00, 0x00, 0x00, 0x00, 0x00, 0x00, 0x00, 0x00, 0x00, 0x00,
    0x00, 0x00, 0x00, 0x00, 0x00, 0x00, 0x00, 0x00, 0x00, 0x00, 0x00, 0x00, 0x00, 0x00, 0x00, 0x00,
    0x00, 0x00, 0x00, 0x00, 0x00, 0x00, 0x00, 0x00, 0x00, 0x00, 0x00, 0x00, 0x00, 0x00, 0x00, 0x00,
    0x00, 0x00, 0x00, 0x00, 0x00, 0x00, 0x00, 0x00, 0x00, 0x00, 0x00, 0x00, 0x00, 0x00, 0x00, 0x00,
    0x00, 0x00, 0x00, 0x00, 0x00, 0x00, 0x00, 0x00, 0x00, 0x00, 0x00, 0x4c, 0xd1, 0x00, 0xff, 0xff,
    0x00, 0xff, 0xff, 0x00, 0xff, 0xff, 0x00, 0xff, 0xff, 0x00, 0xff, 0xff, 0x00, 0xff, 0xff, 0x00,
    0x7a, 0x11, 0x00, 0x00, 0x00, 0x00, 0x26, 0xba, 0x00, 0xff, 0xff, 0x00, 0xff, 0xff, 0x00, 0xff,
    0xff, 0x00, 0xff, 0xff, 0x00, 0xff, 0xff, 0x00, 0xff, 0xff, 0x00, 0xf9, 0x94, 0x00, 0x00, 0x00,
    0x00, 0x00, 0x00, 0x00, 0x00, 0x00, 0x00, 0x00, 0x00, 0x00, 0x00, 0x00, 0x00, 0x00, 0x00, 0x00,
    0x00, 0x00, 0x00, 0x00, 0x92, 0xf1, 0x00, 0xff, 0xff, 0x00, 0xff, 0xff, 0x00, 0xff, 0xff, 0x00,
    0xff, 0xff, 0x00, 0xff, 0xff, 0x00, 0xff, 0xfe, 0x00, 0x31, 0x01, 0x00, 0x00, 0x00, 0x00, 0x26,
    0xba, 0x00, 0xff, 0xff, 0x00, 0xff, 0xff, 0x00, 0xff, 0xff, 0x00, 0xff, 0xff, 0x00, 0xff, 0xff,
    0x00, 0xff, 0xff, 0x00, 0xf9, 0x94, 0x00, 0x00, 0x00, 0x00, 0x00, 0x00, 0x00, 0x00, 0x00, 0x00,
    0x00, 0x00, 0x00, 0x00, 0x00, 0x00, 0x00, 0x00, 0x00, 0x00, 0x00, 0x00, 0x00, 0x00, 0x00, 0x00,
    0x00, 0x00, 0x00, 0x00, 0x00, 0x00, 0x00, 0x00, 0x00, 0x00, 0x00, 0x00, 0x00, 0x00, 0x00, 0x00,
    0x00, 0x00, 0x00, 0x00, 0x00, 0x00, 0x00, 0x00, 0x00, 0x00, 0x00, 0x00, 0x00, 0x00, 0x00, 0x00,
    0x00, 0x00, 0x00, 0x00, 0x00, 0x00, 0x00, 0x00, 0x00, 0x00, 0x00, 0x00, 0x00, 0x00, 0x00, 0x00,
    0x00, 0x00, 0x00, 0x00, 0x00, 0x00, 0x00, 0x00, 0x00, 0x00, 0x00, 0x00, 0x00, 0x00, 0x00, 0x00,
    0x00, 0x00, 0x00, 0x00, 0x0e, 0x00, 0xf0, 0xff, 0x00, 0xff, 0xff, 0x00, 0xff, 0xff, 0x00, 0xff,
    0xff, 0x00, 0xff, 0xff, 0x00, 0xff, 0xff, 0x00, 0xfe, 0xdf, 0x00, 0x03, 0x00, 0x00, 0x00, 0x00,
    0x00, 0x26, 0xba, 0x00, 0xff, 0xff, 0x00, 0xff, 0xff, 0x00, 0xff, 0xff, 0x00, 0xff, 0xff, 0x00,
    0xff, 0xff, 0x00, 0xff, 0xff, 0x00, 0xf9, 0x94, 0x00, 0x00, 0x00, 0x00, 0x00, 0x00, 0x00, 0x00,
    0x00, 0x00, 0x00, 0x00, 0x00, 0x00, 0x00, 0x00, 0x00, 0x00, 0x00, 0x00, 0x00, 0x41, 0x00, 0xfd,
    0xff, 0x00, 0xff, 0xff, 0x00, 0xff, 0xff, 0x00, 0xff, 0xff, 0x00, 0xff, 0xff, 0x00, 0xff, 0xff,
    0x00, 0xfc, 0xa5, 0x00, 0x00, 0x00, 0x00, 0x00, 0x00, 0x00, 0x26, 0xba, 0x00, 0xff, 0xff, 0x00,
    0xff, 0xff, 0x00, 0xff, 0xff, 0x00, 0xff, 0xff, 0x00, 0xff, 0xff, 0x00, 0xff, 0xff, 0x00, 0xf9,
    0x94, 0x00, 0x00, 0x00, 0x00, 0x00, 0x00, 0x00, 0x00, 0x00, 0x00, 0x00, 0x00, 0x00, 0x00, 0x00,
    0x00, 0x00, 0x00, 0x00, 0x00, 0x00, 0x00, 0x00, 0x00, 0x00, 0x00, 0x00, 0x00, 0x00, 0x00, 0x00,
    0x00, 0x00, 0x00, 0x00, 0x00, 0x00, 0x00, 0x00, 0x00, 0x00, 0x00, 0x00, 0x00, 0x00, 0x00, 0x00,
    0x00, 0x00, 0x00, 0x00, 0x00, 0x00, 0x00, 0x00, 0x00, 0x00, 0x00, 0x00, 0x00, 0x00, 0x00, 0x00,
    0x00, 0x00, 0x00, 0x00, 0x00, 0x00, 0x00, 0x00, 0x00, 0x00, 0x00, 0x00, 0x00, 0x00, 0x00, 0x00,
    0x00, 0x00, 0x00, 0x00, 0x00, 0x00, 0x00, 0x00, 0x00, 0x00, 0x00, 0x00, 0x00, 0x00, 0x3c, 0xc1,
    0x00, 0xff, 0xff, 0x00, 0xff, 0xff, 0x00, 0xff, 0xff, 0x00, 0xff, 0xff, 0x00, 0xff, 0xff, 0x00,
    0xff, 0xff, 0x00, 0xb9, 0x2e, 0x00, 0x00, 0x00, 0x00, 0x00, 0x00, 0x00, 0x26, 0xba, 0x00, 0xff,
    0xff, 0x00, 0xff, 0xff, 0x00, 0xff, 0xff, 0x00, 0xff, 0xff, 0x00, 0xff, 0xff, 0x00, 0xff, 0xff,
    0x00, 0xf9, 0x94, 0x00, 0x00, 0x00, 0x00, 0x00, 0x00, 0x00, 0x00, 0x00, 0x00, 0x00, 0x00, 0x00,
    0x00, 0x00, 0x00, 0x00, 0x00, 0x00, 0x00, 0x78, 0xed, 0x00, 0xff, 0xff, 0x00, 0xff, 0xff, 0x00,
    0xff, 0xff, 0x00, 0xff, 0xff, 0x00, 0xff, 0xff, 0x00, 0xff, 0xff, 0x00, 0x6e, 0x0e, 0x00, 0x00,
    0x00, 0x00, 0x00, 0x00, 0x00, 0x26, 0xba, 0x00, 0xff, 0xff, 0x00, 0xff, 0xff, 0x00, 0xff, 0xff,
    0x00, 0xff, 0xff, 0x00, 0xff, 0xff, 0x00, 0xff, 0xff, 0x00, 0xf9, 0x94, 0x00, 0x00, 0x00, 0x00,
    0x00, 0x00, 0x00, 0x00, 0x00, 0x00, 0x00, 0x00, 0x00, 0x00, 0x00, 0x00, 0x00, 0x00, 0x00, 0x00,
    0x00, 0x00, 0x00, 0x00, 0x00, 0x00, 0x00, 0x00, 0x00, 0x00, 0x00, 0x00, 0x00, 0x00, 0x00, 0x00,
    0x00, 0x00, 0x00, 0x00, 0x00, 0x00, 0x00, 0x00, 0x00, 0x00, 0x00, 0x00, 0x00, 0x00, 0x00, 0x00,
    0x00, 0x00, 0x00, 0x00, 0x00, 0x00, 0x00, 0x00, 0x00, 0x00, 0x00, 0x00, 0x00, 0x00, 0x00, 0x00,
    0x00, 0x00, 0x00, 0x00, 0x00, 0x00, 0x00, 0x00, 0x00, 0x00, 0x00, 0x00, 0x00, 0x00, 0x00, 0x00,
    0x00, 0x00, 0x00, 0x00, 0x00, 0x00, 0x00, 0x07, 0x00, 0xeb, 0xff, 0x00, 0xff, 0xff, 0x00, 0xff,
    0xff, 0x00, 0xff, 0xff, 0x00, 0xff, 0xff, 0x00, 0xff, 0xff, 0x00, 0xff, 0xf8, 0x00, 0x13, 0x00,
    0x00, 0x00, 0x00, 0x00, 0x00, 0x00, 0x00, 0x26, 0xba, 0x00, 0xff, 0xff, 0x00, 0xff, 0xff, 0x00,
    0xff, 0xff, 0x00, 0xff, 0xff, 0x00, 0xff, 0xff, 0x00, 0xff, 0xff, 0x00, 0xf9, 0x94, 0x00, 0x00,
    0x00, 0x00, 0x00, 0x00, 0x00, 0x00, 0x00, 0x00, 0x00, 0x00, 0x00, 0x00, 0x00, 0x00, 0x00, 0x00,
    0x32, 0x00, 0xfd, 0xff, 0x00, 0xff, 0xff, 0x00, 0xff, 0xff, 0x00, 0xff, 0xff, 0x00, 0xff, 0xff,
    0x00, 0xff, 0xff, 0x00, 0xff, 0xd9, 0x00, 0x01, 0x00, 0x00, 0x00, 0x00, 0x00, 0x00, 0x00, 0x00,
    0x26, 0xba, 0x00, 0xff, 0xff, 0x00, 0xff, 0xff, 0x00, 0xff, 0xff, 0x00, 0xff, 0xff, 0x00, 0xff,
    0xff, 0x00, 0xff, 0xff, 0x00, 0xf9, 0x94, 0x00, 0x00, 0x00, 0x00, 0x00, 0x00, 0x00, 0x00, 0x00,
    0x00, 0x00, 0x00, 0x00, 0x00, 0x00, 0x00, 0x00, 0x00, 0x00, 0x00, 0x00, 0x00, 0x00, 0x00, 0x00,
    0x00, 0x00, 0x00, 0x00, 0x00, 0x00, 0x00, 0x00, 0x00, 0x00, 0x00, 0x00, 0x00, 0x00, 0x00, 0x00,
    0x00, 0x00, 0x00, 0x00, 0x00, 0x00, 0x00, 0x00, 0x00, 0x00, 0x00, 0x00, 0x00, 0x00, 0x00, 0x00,
    0x00, 0x00, 0x00, 0x00, 0x00, 0x00, 0x00, 0x00, 0x00, 0x00, 0x00, 0x00, 0x00, 0x00, 0x00, 0x00,
    0x00, 0x00, 0x00, 0x00, 0x00, 0x00, 0x00, 0x00, 0x00, 0x00, 0x00, 0x00, 0x00, 0x00, 0x00, 0x00,
    0x00, 0x2d, 0xaf, 0x00, 0xff, 0xff, 0x00, 0xff, 0xff, 0x00, 0xff, 0xff, 0x00, 0xff, 0xff, 0x00,
    0xff, 0xff, 0x00, 0xff, 0xff, 0x00, 0xe3, 0x5f, 0x00, 0x00, 0x00, 0x00, 0x00, 0x00, 0x00, 0x00,
    0x00, 0x00, 0x26, 0xba, 0x00, 0xff, 0xff, 0x00, 0xff, 0xff, 0x00, 0xff, 0xff, 0x00, 0xff, 0xff,
    0x00, 0xff, 0xff, 0x00, 0xff, 0xff, 0x00, 0xf9, 0x94, 0x00, 0x00, 0x00, 0x00, 0x00, 0x00, 0x00,
    0x00, 0x00, 0x00, 0x00, 0x00, 0x00, 0x00, 0x00, 0x00, 0x00, 0x57, 0xe8, 0x00, 0xff, 0xff, 0x00,
    0xff, 0xff, 0x00, 0xff, 0xff, 0x00, 0xff, 0xff, 0x00, 0xff, 0xff, 0x00, 0xff, 0xff, 0x00, 0xb2,
    0x2f, 0x00, 0x00, 0x00, 0x00, 0x00, 0x00, 0x00, 0x00, 0x00, 0x00, 0x26, 0xba, 0x00, 0xff, 0xff,
    0x00, 0xff, 0xff, 0x00, 0xff, 0xff, 0x00, 0xff, 0xff, 0x00, 0xff, 0xff, 0x00, 0xff, 0xff, 0x00,
    0xf9, 0x94, 0x00, 0x00, 0x00, 0x00, 0x00, 0x00, 0x00, 0x00, 0x00, 0x00, 0x00, 0x00, 0x00, 0x00,
    0x00, 0x00, 0x00, 0x00, 0x00, 0x00, 0x00, 0x00, 0x00, 0x00, 0x00, 0x00, 0x00, 0x00, 0x00, 0x00,
    0x00, 0x00, 0x00, 0x00, 0x00, 0x00, 0x00, 0x00, 0x00, 0x00, 0x00, 0x00, 0x00, 0x00, 0x00, 0x00,
    0x00, 0x00, 0x00, 0x00, 0x00, 0x00, 0x00, 0x00, 0x00, 0x00, 0x00, 0x00, 0x00, 0x00, 0x00, 0x00,
    0x00, 0x00, 0x00, 0x00, 0x00, 0x00, 0x00, 0x00, 0x00, 0x00, 0x00, 0x00, 0x00, 0x00, 0x00, 0x00,
    0x00, 0x00, 0x00, 0x00, 0x00, 0x00, 0x00, 0x00, 0x00, 0x00, 0x05, 0x00, 0xe5, 0xff, 0x00, 0xff,
    0xff, 0x00, 0xff, 0xff, 0x00, 0xff, 0xff, 0x00, 0xff, 0xff, 0x00, 0xff, 0xff, 0x00, 0xff, 0xfe,
    0x00, 0x3e, 0x00, 0x00, 0x00, 0x00, 0x00, 0x00, 0x00, 0x00, 0x00, 0x00, 0x00, 0x26, 0xba, 0x00,
    0xff, 0xff, 0x00, 0xff, 0xff, 0x00, 0xff, 0xff, 0x00, 0xff, 0xff, 0x00, 0xff, 0xff, 0x00, 0xff,
    0xff, 0x00, 0xf9, 0x94, 0x00, 0x00, 0x00, 0x00, 0x00, 0x00, 0x00, 0x00, 0x00, 0x00, 0x00, 0x00,
    0x00, 0x00, 0x00, 0x25, 0x00, 0xfc, 0xff, 0x00, 0xff, 0xff, 0x00, 0xff, 0xff, 0x00, 0xff, 0xff,
    0x00, 0xff, 0xff, 0x00, 0xff, 0xff, 0x00, 0xff, 0xf3, 0x00, 0x06, 0x00, 0x00, 0x00, 0x00, 0x00,
    0x00, 0x00, 0x00, 0x00, 0x00, 0x00, 0x26, 0xba, 0x00, 0xff, 0xff, 0x00, 0xff, 0xff, 0x00, 0xff,
    0xff, 0x00, 0xff, 0xff, 0x00, 0xff, 0xff, 0x00, 0xff, 0xff, 0x00, 0xf9, 0x94, 0x00, 0x00, 0x00,
    0x00, 0x00, 0x00, 0x00, 0x00, 0x00, 0x00, 0x00, 0x00, 0x00, 0x00, 0x00, 0x00, 0x00, 0x00, 0x00,
    0x00, 0x00, 0x00, 0x00, 0x00, 0x00, 0x00, 0x00, 0x00, 0x00, 0x00, 0x00, 0x00, 0x00, 0x00, 0x00,
    0x00, 0x00, 0x00, 0x00, 0x00, 0x00, 0x00, 0x00, 0x00, 0x00, 0x00, 0x00, 0x00, 0x00, 0x00, 0x00,
    0x00, 0x00, 0x00, 0x00, 0x00, 0x00, 0x00, 0x00, 0x00, 0x00, 0x00, 0x00, 0x00, 0x00, 0x00, 0x00,
    0x00, 0x00, 0x00, 0x00, 0x00, 0x00, 0x00, 0x00, 0x00, 0x00, 0x00, 0x00, 0x00, 0x00, 0x00, 0x00,
    0x00, 0x00, 0x00, 0x00, 0x20, 0xa1, 0x00, 0xff, 0xff, 0x00, 0xff, 0xff, 0x00, 0xff, 0xff, 0x00,
    0xff, 0xff, 0x00, 0xff, 0xff, 0x00, 0xff, 0xff, 0x00, 0xf7, 0x9e, 0x00, 0x00, 0x00, 0x00, 0x00,
    0x00, 0x00, 0x00, 0x00, 0x00, 0x00, 0x00, 0x00, 0x26, 0xba, 0x00, 0xff, 0xff, 0x00, 0xff, 0xff,
    0x00, 0xff, 0xff, 0x00, 0xff, 0xff, 0x00, 0xff, 0xff, 0x00, 0xff, 0xff, 0x00, 0xf9, 0x94, 0x00,
    0x00, 0x00, 0x00, 0x00, 0x00, 0x00, 0x00, 0x00, 0x00, 0x00, 0x00, 0x00, 0x00, 0x4a, 0xde, 0x00,
    0xff, 0xff, 0x00, 0xff, 0xff, 0x00, 0xff, 0xff, 0x00, 0xff, 0xff, 0x00, 0xff, 0xff, 0x00, 0xff,
    0xff, 0x00, 0xde, 0x64, 0x00, 0x00, 0x00, 0x00, 0x00, 0x00, 0x00, 0x00, 0x00, 0x00, 0x00, 0x00,
    0x00, 0x26, 0xba, 0x00, 0xff, 0xff, 0x00, 0xff, 0xff, 0x00, 0xff, 0xff, 0x00, 0xff, 0xff, 0x00,
    0xff, 0xff, 0x00, 0xff, 0xff, 0x00, 0xf9, 0x94, 0x00, 0x00, 0x00, 0x00, 0x00, 0x00, 0x00, 0x00,
    0x00, 0x00, 0x00, 0x00, 0x00, 0x00, 0x00, 0x00, 0x00, 0x00, 0x00, 0x00, 0x00, 0x00, 0x00, 0x00,
    0x00, 0x00, 0x00, 0x00, 0x00, 0x00, 0x00, 0x00, 0x00, 0x00, 0x00, 0x00, 0x00, 0x00, 0x00, 0x00,
    0x00, 0x00, 0x00, 0x00, 0x00, 0x00, 0x00, 0x00, 0x00, 0x00, 0x00, 0x00, 0x00, 0x00, 0x00, 0x00,
    0x00, 0x00, 0x00, 0x00, 0x00, 0x00, 0x00, 0x00, 0x00, 0x00, 0x00, 0x00, 0x00, 0x00, 0x00, 0x00,
    0x00, 0x00, 0x00, 0x00, 0x00, 0x00, 0x00, 0x00, 0x00, 0x00, 0x00, 0x00, 0x00, 0x06, 0x00, 0xdb,
    0xfe, 0x00, 0xff, 0xff, 0x00, 0xff, 0xff, 0x00, 0xff, 0xff, 0x00, 0xff, 0xff, 0x00, 0xff, 0xff,
    0x00, 0xff, 0xff, 0x00, 0x76, 0x01, 0x00, 0x00, 0x00, 0x00, 0x00, 0x00, 0x00, 0x00, 0x00, 0x00,
    0x00, 0x00, 0x00, 0x26, 0xba, 0x00, 0xff, 0xff, 0x00, 0xff, 0xff, 0x00, 0xff, 0xff, 0x00, 0xff,
    0xff, 0x00, 0xff, 0xff, 0x00, 0xff, 0xff, 0x00, 0xf9, 0x94, 0x00, 0x00, 0x00, 0x00, 0x00, 0x00,
    0x00, 0x00, 0x00, 0x00, 0x00, 0x00, 0x17, 0x00, 0xf8, 0xff, 0x00, 0xff, 0xff, 0x00, 0xff, 0xff,
    0x00, 0xff, 0xff, 0x00, 0xff, 0xff, 0x00, 0xff, 0xff, 0x00, 0xff, 0xfc, 0x00, 0x33, 0x00, 0x00,
    0x00, 0x00, 0x00, 0x00, 0x00, 0x00, 0x00, 0x00, 0x00, 0x00, 0x00, 0x00, 0x26, 0xba, 0x00, 0xff,
    0xff, 0x00, 0xff, 0xff, 0x00, 0xff, 0xff, 0x00, 0xff, 0xff, 0x00, 0xff, 0xff, 0x00, 0xff, 0xff,
    0x00, 0xf9, 0x94, 0x00, 0x00, 0x00, 0x00, 0x00, 0x00, 0x00, 0x00, 0x00, 0x00, 0x00, 0x00, 0x00,
    0x00, 0x00, 0x00, 0x00, 0x00, 0x00, 0x00, 0x00, 0x00, 0x00, 0x00, 0x00, 0x00, 0x00, 0x00, 0x00,
    0x00, 0x00, 0x00, 0x00, 0x00, 0x00, 0x00, 0x00, 0x00, 0x00, 0x00, 0x00, 0x00, 0x00, 0x00, 0x00,
    0x00, 0x00, 0x00, 0x00, 0x00, 0x00, 0x00, 0x00, 0x00, 0x00, 0x00, 0x00, 0x00, 0x00, 0x00, 0x00,
    0x00, 0x00, 0x00, 0x00, 0x00, 0x00, 0x00, 0x00, 0x00, 0x00, 0x00, 0x00, 0x00, 0x00, 0x00, 0x00,
    0x00, 0x00, 0x00, 0x00, 0x00, 0x00, 0x00, 0x14, 0x90, 0x00, 0xff, 0xff, 0x00, 0xff, 0xff, 0x00,
    0xff, 0xff, 0x00, 0xff, 0xff, 0x00, 0xff, 0xff, 0x00, 0xff, 0xff, 0x00, 0xfe, 0xcf, 0x00, 0x01,
    0x00, 0x00, 0x00, 0x00, 0x00, 0x00, 0x00, 0x00, 0x00, 0x00, 0x00, 0x00, 0x00, 0x00, 0x26, 0xba,
    0x00, 0xff, 0xff, 0x00, 0xff, 0xff, 0x00, 0xff, 0xff, 0x00, 0xff, 0xff, 0x00, 0xff, 0xff, 0x00,
    0xff, 0xff, 0x00, 0xf9, 0x94, 0x00, 0x00, 0x00, 0x00, 0x00, 0x00, 0x00, 0x00, 0x00, 0x00, 0x00,
    0x3d, 0xd5, 0x00, 0xff, 0xff, 0x00, 0xff, 0xff, 0x00, 0xff, 0xff, 0x00, 0xff, 0xff, 0x00, 0xff,
    0xff, 0x00, 0xff, 0xff, 0x00, 0xf5, 0x9f, 0x00, 0x00, 0x00, 0x00, 0x00, 0x00, 0x00, 0x00, 0x00,
    0x00, 0x00, 0x00, 0x00, 0x00, 0x00, 0x00, 0x26, 0xba, 0x00, 0xff, 0xff, 0x00, 0xff, 0xff, 0x00,
    0xff, 0xff, 0x00, 0xff, 0xff, 0x00, 0xff, 0xff, 0x00, 0xff, 0xff, 0x00, 0xf9, 0x94, 0x00, 0x00,
    0x00, 0x00, 0x00, 0x00, 0x00, 0x00, 0x00, 0x00, 0x00, 0x00, 0x00, 0x00, 0x00, 0x00, 0x00, 0x00,
    0x00, 0x00, 0x00, 0x00, 0x00, 0x00, 0x00, 0x00, 0x00, 0x00, 0x00, 0x00, 0x00, 0x00, 0x00, 0x00,
    0x00, 0x00, 0x00, 0x00, 0x00, 0x00, 0x00, 0x00, 0x00, 0x00, 0x00, 0x00, 0x00, 0x00, 0x00, 0x00,
    0x00, 0x00, 0x00, 0x00, 0x00, 0x00, 0x00, 0x00, 0x00, 0x00, 0x00, 0x00, 0x00, 0x00, 0x00, 0x00,
    0x00, 0x00, 0x00, 0x00, 0x00, 0x00, 0x00, 0x00, 0x00, 0x00, 0x00, 0x00, 0x00, 0x00, 0x00, 0x00,
    0x00, 0x00, 0x95, 0xf6, 0x00, 0xff, 0xff, 0x00, 0xff, 0xff, 0x00, 0xff, 0xff, 0x00, 0xff, 0xff,
    0x00, 0xff, 0xff, 0x00, 0xff, 0xff, 0x00, 0xf7, 0xda, 0x00, 0xd3, 0xd3, 0x00, 0xd3, 0xd3, 0x00,
    0xd3, 0xd3, 0x00, 0xd3, 0xd3, 0x00, 0xd3, 0xd3, 0x00, 0xd8, 0xee, 0x00, 0xff, 0xff, 0x00, 0xff,
    0xff, 0x00, 0xff, 0xff, 0x00, 0xff, 0xff, 0x00, 0xff, 0xff, 0x00, 0xff, 0xff, 0x00, 0xfd, 0xeb,
    0x00, 0xd3, 0xd3, 0x00, 0xd3, 0xd3, 0x00, 0xd3, 0xd3, 0x00, 0x80, 0x95, 0xf6, 0x00, 0xff, 0xff,
    0x00, 0xff, 0xff, 0x00, 0xff, 0xff, 0x00, 0xff, 0xff, 0x00, 0xff, 0xff, 0x00, 0xff, 0xff, 0x00,
    0xff, 0xff, 0x00, 0xff, 0xff, 0x00, 0xff, 0xff, 0x00, 0xff, 0xff, 0x00, 0xff, 0xff, 0x00, 0xff,
    0xff, 0x00, 0xff, 0xff, 0x00, 0xff, 0xff, 0x00, 0xff, 0xff, 0x00, 0xff, 0xff, 0x00, 0xff, 0xff,
    0x00, 0xff, 0xff, 0x00, 0xff, 0xff, 0x00, 0xff, 0xff, 0x00, 0xff, 0xff, 0x00, 0xff, 0xff, 0x00,
    0xff, 0xff, 0x00, 0x9c, 0x00, 0x00, 0x00, 0x00, 0x00, 0x00, 0x00, 0x00, 0x00, 0x00, 0x00, 0x00,
    0x00, 0x00, 0x00, 0x00, 0x00, 0x00, 0x00, 0x00, 0x00, 0x00, 0x00, 0x00, 0x00, 0x00, 0x00, 0x00,
    0x00, 0x00, 0x00, 0x00, 0x00, 0x00, 0x00, 0x00, 0x00, 0x00, 0x00, 0x00, 0x00, 0x00, 0x00, 0x00,
    0x00, 0x00, 0x00, 0x00, 0x00, 0x00, 0x00, 0x00, 0x00, 0x00, 0x00, 0x00, 0x00, 0x00, 0x00, 0x00,
    0x00, 0x00, 0x00, 0x00, 0x00, 0x00, 0x00, 0x00, 0x00, 0x00, 0x00, 0x00, 0x00, 0x95, 0xf6, 0x00,
    0xff, 0xff, 0x00, 0xff, 0xff, 0x00, 0xff, 0xff, 0x00, 0xff, 0xff, 0x00, 0xff, 0xff, 0x00, 0xff,
    0xff, 0x00, 0xff, 0xff, 0x00, 0xff, 0xff, 0x00, 0xff, 0xff, 0x00, 0xff, 0xff, 0x00, 0xff, 0xff,
    0x00, 0xff, 0xff, 0x00, 0xff, 0xff, 0x00, 0xff, 0xff, 0x00, 0xff, 0xff, 0x00, 0xff, 0xff, 0x00,
    0xff, 0xff, 0x00, 0xff, 0xff, 0x00, 0xff, 0xff, 0x00, 0xff, 0xff, 0x00, 0xff, 0xff, 0x00, 0xff,
    0xff, 0x00, 0xff, 0xff, 0x00, 0x9c, 0x95, 0xf6, 0x00, 0xff, 0xff, 0x00, 0xff, 0xff, 0x00, 0xff,
    0xff, 0x00, 0xff, 0xff, 0x00, 0xff, 0xff, 0x00, 0xff, 0xff, 0x00, 0xff, 0xff, 0x00, 0xff, 0xff,
    0x00, 0xff, 0xff, 0x00, 0xff, 0xff, 0x00, 0xff, 0xff, 0x00, 0xff, 0xff, 0x00, 0xff, 0xff, 0x00,
    0xff, 0xff, 0x00, 0xff, 0xff, 0x00, 0xff, 0xff, 0x00, 0xff, 0xff, 0x00, 0xff, 0xff, 0x00, 0xff,
    0xff, 0x00, 0xff, 0xff, 0x00, 0xff, 0xff, 0x00, 0xff, 0xff, 0x00, 0xff, 0xff, 0x00, 0x9c, 0x00,
    0x00, 0x00, 0x00, 0x00, 0x00, 0x00, 0x00, 0x00, 0x00, 0x00, 0x00, 0x00, 0x00, 0x00, 0x00, 0x00,
    0x00, 0x00, 0x00, 0x00, 0x00, 0x00, 0x00, 0x00, 0x00, 0x00, 0x00, 0x00, 0x00, 0x00, 0x00, 0x00,
    0x00, 0x00, 0x00, 0x00, 0x00, 0x00, 0x00, 0x00, 0x00, 0x00, 0x00, 0x00, 0x00, 0x00, 0x00, 0x00,
    0x00, 0x00, 0x00, 0x00, 0x00, 0x00, 0x00, 0x00, 0x00, 0x00, 0x00, 0x00, 0x00, 0x00, 0x00, 0x00,
    0x00, 0x00, 0x00, 0x00, 0x00, 0x00, 0x00, 0x00, 0x95, 0xf6, 0x00, 0xff, 0xff, 0x00, 0xff, 0xff,
    0x00, 0xff, 0xff, 0x00, 0xff, 0xff, 0x00, 0xff, 0xff, 0x00, 0xff, 0xff, 0x00, 0xff, 0xff, 0x00,
    0xff, 0xff, 0x00, 0xff, 0xff, 0x00, 0xff, 0xff, 0x00, 0xff, 0xff, 0x00, 0xff, 0xff, 0x00, 0xff,
    0xff, 0x00, 0xff, 0xff, 0x00, 0xff, 0xff, 0x00, 0xff, 0xff, 0x00, 0xff, 0xff, 0x00, 0xff, 0xff,
    0x00, 0xff, 0xff, 0x00, 0xff, 0xff, 0x00, 0xff, 0xff, 0x00, 0xff, 0xff, 0x00, 0xff, 0xff, 0x00,
    0x9c, 0x95, 0xf6, 0x00, 0xff, 0xff, 0x00, 0xff, 0xff, 0x00, 0xff, 0xff, 0x00, 0xff, 0xff, 0x00,
    0xff, 0xff, 0x00, 0xff, 0xff, 0x00, 0xff, 0xff, 0x00, 0xff, 0xff, 0x00, 0xff, 0xff, 0x00, 0xff,
    0xff, 0x00, 0xff, 0xff, 0x00, 0xff, 0xff, 0x00, 0xff, 0xff, 0x00, 0xff, 0xff, 0x00, 0xff, 0xff,
    0x00, 0xff, 0xff, 0x00, 0xff, 0xff, 0x00, 0xff, 0xff, 0x00, 0xff, 0xff, 0x00, 0xff, 0xff, 0x00,
    0xff, 0xff, 0x00, 0xff, 0xff, 0x00, 0xff, 0xff, 0x00, 0x9c, 0x00, 0x00, 0x00, 0x00, 0x00, 0x00,
    0x00, 0x00, 0x00, 0x00, 0x00, 0x00, 0x00, 0x00, 0x00, 0x00, 0x00, 0x00, 0x00, 0x00, 0x00, 0x00,
    0x00, 0x00, 0x00, 0x00, 0x00, 0x00, 0x00, 0x00, 0x00, 0x00, 0x00, 0x00, 0x00, 0x00, 0x00, 0x00,
    0x00, 0x00, 0x00, 0x00, 0x00, 0x00, 0x00, 0x00, 0x00, 0x00, 0x00, 0x00, 0x00, 0x00, 0x00, 0x00,
    0x00, 0x00, 0x00, 0x00, 0x00, 0x00, 0x00, 0x00, 0x00, 0x00, 0x00, 0x00, 0x00, 0x00, 0x00, 0x00,
    0x00, 0x00, 0x00, 0x95, 0xf6, 0x00, 0xff, 0xff, 0x00, 0xff, 0xff, 0x00, 0xff, 0xff, 0x00, 0xff,
    0xff, 0x00, 0xff, 0xff, 0x00, 0xff, 0xff, 0x00, 0xff, 0xff, 0x00, 0xff, 0xff, 0x00, 0xff, 0xff,
    0x00, 0xff, 0xff, 0x00, 0xff, 0xff, 0x00, 0xff, 0xff, 0x00, 0xff, 0xff, 0x00, 0xff, 0xff, 0x00,
    0xff, 0xff, 0x00, 0xff, 0xff, 0x00, 0xff, 0xff, 0x00, 0xff, 0xff, 0x00, 0xff, 0xff, 0x00, 0xff,
    0xff, 0x00, 0xff, 0xff, 0x00, 0xff, 0xff, 0x00, 0xff, 0xff, 0x00, 0x9c, 0x95, 0xf6, 0x00, 0xff,
    0xff, 0x00, 0xff, 0xff, 0x00, 0xff, 0xff, 0x00, 0xff, 0xff, 0x00, 0xff, 0xff, 0x00, 0xff, 0xff,
    0x00, 0xff, 0xff, 0x00, 0xff, 0xff, 0x00, 0xff, 0xff, 0x00, 0xff, 0xff, 0x00, 0xff, 0xff, 0x00,
    0xff, 0xff, 0x00, 0xff, 0xff, 0x00, 0xff, 0xff, 0x00, 0xff, 0xff, 0x00, 0xff, 0xff, 0x00, 0xff,
    0xff, 0x00, 0xff, 0xff, 0x00, 0xff, 0xff, 0x00, 0xff, 0xff, 0x00, 0xff, 0xff, 0x00, 0xff, 0xff,
    0x00, 0xff, 0xff, 0x00, 0x9c, 0x00, 0x00, 0x00, 0x00, 0x00, 0x00, 0x00, 0x00, 0x00, 0x00, 0x00,
    0x00, 0x00, 0x00, 0x00, 0x00, 0x00, 0x00, 0x00, 0x00, 0x00, 0x00, 0x00, 0x00, 0x00, 0x00, 0x00,
    0x00, 0x00, 0x00, 0x00, 0x00, 0x00, 0x00, 0x00, 0x00, 0x00, 0x00, 0x00, 0x00, 0x00, 0x00, 0x00,
    0x00, 0x00, 0x00, 0x00, 0x00, 0x00, 0x00, 0x00, 0x00, 0x00, 0x00, 0x00, 0x00, 0x00, 0x00, 0x00,
    0x00, 0x00, 0x00, 0x00, 0x00, 0x00, 0x00, 0x00, 0x00, 0x00, 0x00, 0x00, 0x00, 0x00, 0x95, 0xf6,
    0x00, 0xff, 0xff, 0x00, 0xff, 0xff, 0x00, 0xff, 0xff, 0x00, 0xff, 0xff, 0x00, 0xff, 0xff, 0x00,
    0xff, 0xff, 0x00, 0xff, 0xff, 0x00, 0xff, 0xff, 0x00, 0xff, 0xff, 0x00, 0xff, 0xff, 0x00, 0xff,
    0xff, 0x00, 0xff, 0xff, 0x00, 0xff, 0xff, 0x00, 0xff, 0xff, 0x00, 0xff, 0xff, 0x00, 0xff, 0xff,
    0x00, 0xff, 0xff, 0x00, 0xff, 0xff, 0x00, 0xff, 0xff, 0x00, 0xff, 0xff, 0x00, 0xff, 0xff, 0x00,
    0xff, 0xff, 0x00, 0xff, 0xff, 0x00, 0x9c, 0x95, 0xf6, 0x00, 0xff, 0xff, 0x00, 0xff, 0xff, 0x00,
    0xff, 0xff, 0x00, 0xff, 0xff, 0x00, 0xff, 0xff, 0x00, 0xff, 0xff, 0x00, 0xff, 0xff, 0x00, 0xff,
    0xff, 0x00, 0xff, 0xff, 0x00, 0xff, 0xff, 0x00, 0xff, 0xff, 0x00, 0xff, 0xff, 0x00, 0xff, 0xff,
    0x00, 0xff, 0xff, 0x00, 0xff, 0xff, 0x00, 0xff, 0xff, 0x00, 0xff, 0xff, 0x00, 0xff, 0xff, 0x00,
    0xff, 0xff, 0x00, 0xff, 0xff, 0x00, 0xff, 0xff, 0x00, 0xff, 0xff, 0x00, 0xff, 0xff, 0x00, 0x9c,
    0x00, 0x00, 0x00, 0x00, 0x00, 0x00, 0x00, 0x00, 0x00, 0x00, 0x00, 0x00, 0x00, 0x00, 0x00, 0x00,
    0x00, 0x00, 0x00, 0x00, 0x00, 0x00, 0x00, 0x00, 0x00, 0x00, 0x00, 0x00, 0x00, 0x00, 0x00, 0x00,
    0x00, 0x00, 0x00, 0x00, 0x00, 0x00, 0x00, 0x00, 0x00, 0x00, 0x00, 0x00, 0x00, 0x00, 0x00, 0x00,
    0x00, 0x00, 0x00, 0x00, 0x00, 0x00, 0x00, 0x00, 0x00, 0x00, 0x00, 0x00, 0x00, 0x00, 0x00, 0x00,
    0x00, 0x00, 0x00, 0x00, 0x00, 0x00, 0x00, 0x00, 0x00, 0x95, 0xf6, 0x00, 0xff, 0xff, 0x00, 0xff,
    0xff, 0x00, 0xff, 0xff, 0x00, 0xff, 0xff, 0x00, 0xff, 0xff, 0x00, 0xff, 0xff, 0x00, 0xff, 0xff,
    0x00, 0xff, 0xff, 0x00, 0xff, 0xff, 0x00, 0xff, 0xff, 0x00, 0xff, 0xff, 0x00, 0xff, 0xff, 0x00,
    0xff, 0xff, 0x00, 0xff, 0xff, 0x00, 0xff, 0xff, 0x00, 0xff, 0xff, 0x00, 0xff, 0xff, 0x00, 0xff,
    0xff, 0x00, 0xff, 0xff, 0x00, 0xff, 0xff, 0x00, 0xff, 0xff, 0x00, 0xff, 0xff, 0x00, 0xff, 0xff,
    0x00, 0x9c, 0x95, 0xf6, 0x00, 0xff, 0xff, 0x00, 0xff, 0xff, 0x00, 0xff, 0xff, 0x00, 0xff, 0xff,
    0x00, 0xff, 0xff, 0x00, 0xff, 0xff, 0x00, 0xff, 0xff, 0x00, 0xff, 0xff, 0x00, 0xff, 0xff, 0x00,
    0xff, 0xff, 0x00, 0xff, 0xff, 0x00, 0xff, 0xff, 0x00, 0xff, 0xff, 0x00, 0xff, 0xff, 0x00, 0xff,
    0xff, 0x00, 0xff, 0xff, 0x00, 0xff, 0xff, 0x00, 0xff, 0xff, 0x00, 0xff, 0xff, 0x00, 0xff, 0xff,
    0x00, 0xff, 0xff, 0x00, 0xff, 0xff, 0x00, 0xff, 0xff, 0x00, 0x9c, 0x00, 0x00, 0x00, 0x00, 0x00,
    0x00, 0x00, 0x00, 0x00, 0x00, 0x00, 0x00, 0x00, 0x00, 0x00, 0x00, 0x00, 0x00, 0x00, 0x00, 0x00,
    0x00, 0x00, 0x00, 0x00, 0x00, 0x00, 0x00, 0x00, 0x00, 0x00, 0x00, 0x00, 0x00, 0x00, 0x00, 0x00,
    0x00, 0x00, 0x00, 0x00, 0x00, 0x00, 0x00, 0x00, 0x00, 0x00, 0x00, 0x00, 0x00, 0x00, 0x00, 0x00,
    0x00, 0x00, 0x00, 0x00, 0x00, 0x00, 0x00, 0x00, 0x00, 0x00, 0x00, 0x00, 0x00, 0x00, 0x00, 0x00,
    0x00, 0x00, 0x00, 0x00, 0x95, 0xf6, 0x00, 0xff, 0xff, 0x00, 0xff, 0xff, 0x00, 0xff, 0xff, 0x00,
    0xff, 0xff, 0x00, 0xff, 0xff, 0x00, 0xff, 0xff, 0x00, 0xff, 0xff, 0x00, 0xff, 0xff, 0x00, 0xff,
    0xff, 0x00, 0xff, 0xff, 0x00, 0xff, 0xff, 0x00, 0xff, 0xff, 0x00, 0xff, 0xff, 0x00, 0xff, 0xff,
    0x00, 0xff, 0xff, 0x00, 0xff, 0xff, 0x00, 0xff, 0xff, 0x00, 0xff, 0xff, 0x00, 0xff, 0xff, 0x00,
    0xff, 0xff, 0x00, 0xff, 0xff, 0x00, 0xff, 0xff, 0x00, 0xff, 0xff, 0x00, 0x9c, 0x90, 0xed, 0x00,
    0xf6, 0xf6, 0x00, 0xf6, 0xf6, 0x00, 0xf6, 0xf6, 0x00, 0xf6, 0xf6, 0x00, 0xf6, 0xf6, 0x00, 0xf6,
    0xf6, 0x00, 0xf6, 0xf6, 0x00, 0xf6, 0xf6, 0x00, 0xf6, 0xf6, 0x00, 0xf6, 0xf6, 0x00, 0xf6, 0xf6,
    0x00, 0xf6, 0xf6, 0x00, 0xf8, 0xfe, 0x00, 0xff, 0xff, 0x00, 0xff, 0xff, 0x00, 0xff, 0xff, 0x00,
    0xff, 0xff, 0x00, 0xff, 0xff, 0x00, 0xff, 0xff, 0x00, 0xff, 0xfb, 0x00, 0xf6, 0xf6, 0x00, 0xf6,
    0xf6, 0x00, 0xf6, 0xf6, 0x00, 0x97, 0x00, 0x00, 0x00, 0x00, 0x00, 0x00, 0x00, 0x00, 0x00, 0x00,
    0x00, 0x00, 0x00, 0x00, 0x00, 0x00, 0x00, 0x00, 0x00, 0x00, 0x00, 0x00, 0x00, 0x00, 0x00, 0x00,
    0x00, 0x00, 0x00, 0x00, 0x00, 0x00, 0x00, 0x00, 0x00, 0x00, 0x00, 0x00, 0x00, 0x00, 0x00, 0x00,
    0x00, 0x00, 0x00, 0x00, 0x00, 0x00, 0x00, 0x00, 0x00, 0x00, 0x00, 0x00, 0x00, 0x00, 0x00, 0x00,
    0x00, 0x00, 0x00, 0x00, 0x00, 0x00, 0x00, 0x00, 0x00, 0x00, 0x00, 0x00, 0x00, 0x00, 0x00, 0x00,
    0x00, 0x00, 0x00, 0x00, 0x00, 0x00, 0x00, 0x00, 0x00, 0x00, 0x00, 0x00, 0x00, 0x00, 0x00, 0x00,
    0x00, 0x00, 0x00, 0x00, 0x00, 0x00, 0x00, 0x00, 0x00, 0x00, 0x00, 0x00, 0x00, 0x00, 0x00, 0x00,
    0x00, 0x00, 0x00, 0x00, 0x00, 0x00, 0x36, 0xea, 0x00, 0xff, 0xff, 0x00, 0xff, 0xff, 0x00, 0xff,
    0xff, 0x00, 0xff, 0xff, 0x00, 0xff, 0xff, 0x00, 0xff, 0xff, 0x00, 0xf9, 0x94, 0x00, 0x00, 0x00,
    0x00, 0x00, 0x00, 0x00, 0x00, 0x00, 0x00, 0x00, 0x00, 0x00, 0x00, 0x00, 0x00, 0x00, 0x00, 0x00,
    0x00, 0x00, 0x00, 0x00, 0x00, 0x00, 0x00, 0x00, 0x00, 0x00, 0x00, 0x00, 0x00, 0x00, 0x00, 0x00,
    0x00, 0x00, 0x00, 0x00, 0x00, 0x00, 0x00, 0x00, 0x00, 0x00, 0x00, 0x00, 0x00, 0x00, 0x00, 0x36,
    0xea, 0x00, 0xff, 0xff, 0x00, 0xff, 0xff, 0x00, 0xff, 0xff, 0x00, 0xff, 0xff, 0x00, 0xff, 0xff,
    0x00, 0xff, 0xff, 0x00, 0xf9, 0x94, 0x00, 0x00, 0x00, 0x00, 0x00, 0x00, 0x00, 0x00, 0x00, 0x00,
    0x00, 0x00, 0x00, 0x00, 0x00, 0x00, 0x00, 0x00, 0x00, 0x00, 0x00, 0x00, 0x00, 0x00, 0x00, 0x00,
    0x00, 0x00, 0x00, 0x00, 0x00, 0x00, 0x00, 0x00, 0x00, 0x00, 0x00, 0x00, 0x00, 0x00, 0x00, 0x00,
    0x00, 0x00, 0x00, 0x00, 0x00, 0x00, 0x00, 0x00, 0x00, 0x00, 0x00, 0x00, 0x00, 0x00, 0x00, 0x00,
    0x00, 0x00, 0x00, 0x00, 0x00, 0x00, 0x00, 0x00, 0x00, 0x00, 0x00, 0x00, 0x00, 0x00, 0x00, 0x00,
    0x00, 0x00, 0x00, 0x00, 0x00, 0x00, 0x00, 0x00, 0x00, 0x00, 0x00, 0x00, 0x00, 0x00, 0x00, 0x00,
    0x00, 0x00, 0x00, 0x00, 0x00, 0x00, 0x00, 0x00, 0x00, 0x00, 0x00, 0x00, 0x00, 0x00, 0x00, 0x00,
    0x00, 0x00, 0x00, 0x00, 0x00, 0x00, 0x00, 0x00, 0x00, 0x00, 0x00, 0x00, 0x00, 0x00, 0x00, 0x00,
    0x00, 0x36, 0xea, 0x00, 0xff, 0xff, 0x00, 0xff, 0xff, 0x00, 0xff, 0xff, 0x00, 0xff, 0xff, 0x00,
    0xff, 0xff, 0x00, 0xff, 0xff, 0x00, 0xf9, 0x94, 0x00, 0x00, 0x00, 0x00, 0x00, 0x00, 0x00, 0x00,
    0x00, 0x00, 0x00, 0x00, 0x00, 0x00, 0x00, 0x00, 0x00, 0x00, 0x00, 0x00, 0x00, 0x00, 0x00, 0x00,
    0x00, 0x00, 0x00, 0x00, 0x00, 0x00, 0x00, 0x00, 0x00, 0x00, 0x00, 0x00, 0x00, 0x00, 0x00, 0x00,
    0x00, 0x00, 0x00, 0x00, 0x00, 0x00, 0x00, 0x00, 0x00, 0x00, 0x36, 0xea, 0x00, 0xff, 0xff, 0x00,
    0xff, 0xff, 0x00, 0xff, 0xff, 0x00, 0xff, 0xff, 0x00, 0xff, 0xff, 0x00, 0xff, 0xff, 0x00, 0xf9,
    0x94, 0x00, 0x00, 0x00, 0x00, 0x00, 0x00, 0x00, 0x00, 0x00, 0x00, 0x00, 0x00, 0x00, 0x00, 0x00,
    0x00, 0x00, 0x00, 0x00, 0x00, 0x00, 0x00, 0x00, 0x00, 0x00, 0x00, 0x00, 0x00, 0x00, 0x00, 0x00,
    0x00, 0x00, 0x00, 0x00, 0x00, 0x00, 0x00, 0x00, 0x00, 0x00, 0x00, 0x00, 0x00, 0x00, 0x00, 0x00,
    0x00, 0x00, 0x00, 0x00, 0x00, 0x00, 0x00, 0x00, 0x00, 0x00, 0x00, 0x00, 0x00, 0x00, 0x00, 0x00,
    0x00, 0x00, 0x00, 0x00, 0x00, 0x00, 0x00, 0x00, 0x00, 0x00, 0x00, 0x00, 0x00, 0x00, 0x00, 0x00,
    0x00, 0x00, 0x00, 0x00, 0x00, 0x00, 0x00, 0x00, 0x00, 0x00, 0x00, 0x00, 0x00, 0x00, 0x00, 0x00,
    0x00, 0x00, 0x00, 0x00, 0x00, 0x00, 0x00, 0x00, 0x00, 0x00, 0x00, 0x00, 0x00, 0x00, 0x00, 0x00,
    0x00, 0x00, 0x00, 0x00, 0x00, 0x00, 0x00, 0x00, 0x00, 0x00, 0x00, 0x00, 0x36, 0xea, 0x00, 0xff,
    0xff, 0x00, 0xff, 0xff, 0x00, 0xff, 0xff, 0x00, 0xff, 0xff, 0x00, 0xff, 0xff, 0x00, 0xff, 0xff,
    0x00, 0xf9, 0x94, 0x00, 0x00, 0x00, 0x00, 0x00, 0x00, 0x00, 0x00, 0x00, 0x00, 0x00, 0x00, 0x00,
    0x00, 0x00, 0x00, 0x00, 0x00, 0x00, 0x00, 0x00, 0x00, 0x00, 0x00, 0x00, 0x00, 0x00, 0x00, 0x00,
    0x00, 0x00, 0x00, 0x00, 0x00, 0x00, 0x00, 0x00, 0x00, 0x00, 0x00, 0x00, 0x00, 0x00, 0x00, 0x00,
    0x00, 0x00, 0x00, 0x00, 0x00, 0x36, 0xea, 0x00, 0xff, 0xff, 0x00, 0xff, 0xff, 0x00, 0xff, 0xff,
    0x00, 0xff, 0xff, 0x00, 0xff, 0xff, 0x00, 0xff, 0xff, 0x00, 0xf9, 0x94, 0x00, 0x00, 0x00, 0x00,
    0x00, 0x00, 0x00, 0x00, 0x00, 0x00, 0x00, 0x00, 0x00, 0x00, 0x00, 0x00, 0x00, 0x00, 0x00, 0x00,
    0x00, 0x00, 0x00, 0x00, 0x00, 0x00, 0x00, 0x00, 0x00, 0x00, 0x00, 0x00, 0x00, 0x00, 0x00, 0x00,
    0x00, 0x00, 0x00, 0x00, 0x00, 0x00, 0x00, 0x00, 0x00, 0x00, 0x00, 0x00, 0x00, 0x00, 0x00, 0x00,
    0x00, 0x00, 0x00, 0x00, 0x00, 0x00, 0x00, 0x00, 0x00, 0x00, 0x00, 0x00, 0x00, 0x00, 0x00, 0x00,
    0x00, 0x00, 0x00, 0x00, 0x00, 0x00, 0x00, 0x00, 0x00, 0x00, 0x00, 0x00, 0x00, 0x00, 0x00, 0x00,
    0x00, 0x00, 0x00, 0x00, 0x00, 0x00, 0x00, 0x00, 0x00, 0x00, 0x00, 0x00, 0x00, 0x00, 0x00, 0x00,
    0x00, 0x00, 0x00, 0x00, 0x00, 0x00, 0x00, 0x00, 0x00, 0x00, 0x00, 0x00, 0x00, 0x00, 0x00, 0x00,
    0x00, 0x00, 0x00, 0x00, 0x00, 0x00, 0x00, 0x36, 0xea, 0x00, 0xff, 0xff, 0x00, 0xff, 0xff, 0x00,
    0xff, 0xff, 0x00, 0xff, 0xff, 0x00, 0xff, 0xff, 0x00, 0xff, 0xff, 0x00, 0xf9, 0x94, 0x00, 0x00,
    0x00, 0x00, 0x00, 0x00, 0x00, 0x00, 0x00, 0x00, 0x00, 0x00, 0x00, 0x00, 0x00, 0x00, 0x00, 0x00,
    0x00, 0x00, 0x00, 0x00, 0x00, 0x00, 0x00, 0x00, 0x00, 0x00, 0x00, 0x00, 0x00, 0x00, 0x00, 0x00,
    0x00, 0x00, 0x00, 0x00, 0x00, 0x00, 0x00, 0x00, 0x00, 0x00, 0x00, 0x00, 0x00, 0x00, 0x00, 0x00,
    0x36, 0xea, 0x00, 0xff, 0xff, 0x00, 0xff, 0xff, 0x00, 0xff, 0xff, 0x00, 0xff, 0xff, 0x00, 0xff,
    0xff, 0x00, 0xff, 0xff, 0x00, 0xf9, 0x94, 0x00, 0x00, 0x00, 0x00, 0x00, 0x00, 0x00, 0x00, 0x00,
    0x00, 0x00, 0x00, 0x00, 0x00, 0x00, 0x00, 0x00, 0x00, 0x00, 0x00, 0x00, 0x00, 0x00, 0x00, 0x00,
    0x00, 0x00, 0x00, 0x00, 0x00, 0x00, 0x00, 0x00, 0x00, 0x00, 0x00, 0x00, 0x00, 0x00, 0x00, 0x00,
    0x00, 0x00, 0x00, 0x00, 0x00, 0x00, 0x00, 0x00, 0x00, 0x00, 0x00, 0x00, 0x00, 0x00, 0x00, 0x00,
    0x00, 0x00, 0x00, 0x00, 0x00, 0x00, 0x00, 0x00, 0x00, 0x00, 0x00, 0x00, 0x00, 0x00, 0x00, 0x00,
    0x00, 0x00, 0x00, 0x00, 0x00, 0x00, 0x00, 0x00, 0x00, 0x00, 0x00, 0x00, 0x00, 0x00, 0x00, 0x00,
    0x00, 0x00, 0x00, 0x00, 0x00, 0x00, 0x00, 0x00, 0x00, 0x00, 0x00, 0x00, 0x00, 0x00, 0x00, 0x00,
    0x00, 0x00, 0x00, 0x00, 0x00, 0x00, 0x00, 0x00, 0x00, 0x00, 0x00, 0x00, 0x00, 0x00, 0x00, 0x00,
    0x00, 0x00, 0x36, 0xea, 0x00, 0xff, 0xff, 0x00, 0xff, 0xff, 0x00, 0xff, 0xff, 0x00, 0xff, 0xff,
    0x00, 0xff, 0xff, 0x00, 0xff, 0xff, 0x00, 0xf9, 0x94, 0x00, 0x00, 0x00, 0x00, 0x00, 0x00, 0x00,
    0x00, 0x00, 0x00, 0x00, 0x00, 0x00, 0x00, 0x00, 0x00, 0x00, 0x00, 0x00, 0x00, 0x00, 0x00, 0x00,
    0x00, 0x00, 0x00, 0x00, 0x00, 0x00, 0x00, 0x00, 0x00, 0x00, 0x00, 0x00, 0x00, 0x00, 0x00, 0x00,
    0x00, 0x00, 0x00, 0x00, 0x00, 0x00, 0x00, 0x00, 0x00, 0x00, 0x00, 0x36, 0xea, 0x00, 0xff, 0xff,
    0x00, 0xff, 0xff, 0x00, 0xff, 0xff, 0x00, 0xff, 0xff, 0x00, 0xff, 0xff, 0x00, 0xff, 0xff, 0x00,
    0xf9, 0x94, 0x00, 0x00, 0x00, 0x00, 0x00, 0x00, 0x00, 0x00, 0x00, 0x00, 0x00, 0x00, 0x00, 0x00,
    0x00, 0x00, 0x00, 0x00, 0x00, 0x00, 0x00, 0x00, 0x00, 0x00, 0x00, 0x00, 0x00, 0x00, 0x00, 0x00,
    0x00, 0x00, 0x00, 0x00, 0x00, 0x00, 0x00, 0x00, 0x00, 0x00, 0x00, 0x00, 0x00, 0x00, 0x00, 0x00,
    0x00, 0x00, 0x00, 0x00, 0x00, 0x00, 0x00, 0x00, 0x00, 0x00, 0x00, 0x00, 0x00, 0x00, 0x00, 0x00,
    0x00, 0x00, 0x00, 0x00, 0x00, 0x00, 0x00, 0x00, 0x00, 0x00, 0x00, 0x00, 0x00, 0x00, 0x00, 0x00,
    0x00, 0x00, 0x00, 0x00, 0x00, 0x00, 0x00, 0x00, 0x00, 0x00, 0x00, 0x00, 0x00, 0x00, 0x00, 0x00,
    0x00, 0x00, 0x00, 0x00, 0x00, 0x00, 0x00, 0x00, 0x00, 0x00, 0x00, 0x00, 0x00, 0x00, 0x00, 0x00,
    0x00, 0x00, 0x00, 0x00, 0x00, 0x00, 0x00, 0x00, 0x00, 0x00, 0x00, 0x00, 0x00, 0x36, 0xea, 0x00,
    0xff, 0xff, 0x00, 0xff, 0xff, 0x00, 0xff, 0xff, 0x00, 0xff, 0xff, 0x00, 0xff, 0xff, 0x00, 0xff,
    0xff, 0x00, 0xf9, 0x94, 0x00, 0x00, 0x00, 0x00, 0x00, 0x00, 0x00, 0x00, 0x00, 0x00, 0x00, 0x00,
    0x00, 0x00, 0x00, 0x00, 0x00, 0x00, 0x00, 0x00, 0x00, 0x00, 0x00, 0x00, 0x00, 0x00, 0x00, 0x00,
    0x00, 0x00, 0x00, 0x00, 0x00, 0x00, 0x00, 0x00, 0x00, 0x00, 0x00, 0x00, 0x00, 0x00, 0x00, 0x00,
    0x00, 0x00, 0x00, 0x00, 0x00, 0x00, 0x36, 0xea, 0x00, 0xff, 0xff, 0x00, 0xff, 0xff, 0x00, 0xff,
    0xff, 0x00, 0xff, 0xff, 0x00, 0xff, 0xff, 0x00, 0xff, 0xff, 0x00, 0xf9, 0x94, 0x00, 0x00, 0x00,
    0x00, 0x00, 0x00, 0x00, 0x00, 0x00, 0x00, 0x00, 0x00, 0x00, 0x00, 0x00, 0x00, 0x00, 0x00, 0x00,
    0x00, 0x00, 0x00, 0x00, 0x00, 0x00, 0x00, 0x00, 0x00, 0x00, 0x00, 0x00, 0x00, 0x00, 0x00, 0x00,
    0x00, 0x00, 0x00, 0x00, 0x00, 0x00, 0x00, 0x00, 0x00, 0x00, 0x00, 0x00, 0x00, 0x00, 0x00, 0x00,
    0x00, 0x00, 0x00, 0x00, 0x00, 0x00, 0x00, 0x00, 0x00, 0x00, 0x00, 0x00, 0x00, 0x00, 0x00, 0x00,
    0x00, 0x00, 0x00, 0x00, 0x00, 0x00, 0x00, 0x00, 0x00, 0x00, 0x00, 0x00, 0x00, 0x00, 0x00, 0x00,
    0x00, 0x00, 0x00, 0x00, 0x00, 0x00, 0x00, 0x00, 0x00, 0x00, 0x00, 0x00, 0x00, 0x00, 0x00, 0x00,
    0x00, 0x00, 0x00, 0x00, 0x00, 0x00, 0x00, 0x00, 0x00, 0x00, 0x00, 0x00, 0x00, 0x00, 0x00, 0x00,
    0x00, 0x00, 0x00, 0x00, 0x00, 0x00, 0x00, 0x00, 0x36, 0xea, 0x00, 0xff, 0xff, 0x00, 0xff, 0xff,
    0x00, 0xff, 0xff, 0x00, 0xff, 0xff, 0x00, 0xff, 0xff, 0x00, 0xff, 0xff, 0x00, 0xf9, 0x94, 0x00,
    0x00, 0x00, 0x00, 0x00, 0x00, 0x00, 0x00, 0x00, 0x00, 0x00, 0x00, 0x00, 0x00, 0x00, 0x00, 0x00,
    0x00, 0x00, 0x00, 0x00, 0x00, 0x00, 0x00, 0x00, 0x00, 0x00, 0x00, 0x00, 0x00, 0x00, 0x00, 0x00,
    0x00, 0x00, 0x00, 0x00, 0x00, 0x00, 0x00, 0x00, 0x00, 0x00, 0x00, 0x00, 0x00, 0x00, 0x00, 0x00,
    0x00, 0x36, 0xea, 0x00, 0xff, 0xff, 0x00, 0xff, 0xff, 0x00, 0xff, 0xff, 0x00, 0xff, 0xff, 0x00,
    0xff, 0xff, 0x00, 0xff, 0xff, 0x00, 0xf9, 0x94, 0x00, 0x00, 0x00, 0x00, 0x00, 0x00, 0x00, 0x00,
    0x00, 0x00, 0x00, 0x00, 0x00, 0x00, 0x00, 0x00, 0x00, 0x00, 0x00, 0x00, 0x00, 0x00, 0x00, 0x00,
    0x00, 0x00, 0x00, 0x00, 0x00, 0x00, 0x00, 0x00, 0x00, 0x00, 0x00, 0x00, 0x00, 0x00, 0x00, 0x00,
    0x00, 0x00, 0x00, 0x00, 0x00, 0x00, 0x00, 0x00, 0x00, 0x00, 0x00, 0x00, 0x00, 0x00, 0x00, 0x00,
    0x00, 0x00, 0x00, 0x00, 0x00, 0x00, 0x00, 0x00, 0x00, 0x00, 0x00, 0x00, 0x00, 0x00, 0x00, 0x00,
    0x00, 0x00, 0x00, 0x00, 0x00, 0x00, 0x00, 0x00, 0x00, 0x00, 0x00, 0x00,
};
static const lv_image_dsc_t melt_img_43 = {
    .header.magic = LV_IMAGE_HEADER_MAGIC,
    .header.cf = LV_COLOR_FORMAT_A8,
    .header.flags = 0,
    .header.w = 73,
    .header.h = 108,
    .header.stride = 73,
    .data_size = sizeof melt_img_43_px,
    .data = melt_img_43_px,
};

static const uint8_t melt_img_44_px[] __attribute__((aligned(4))) = {
    0x00, 0x00, 0x00, 0x00, 0x00, 0x00, 0x00, 0x00, 0x00, 0xc4, 0xe2, 0x00, 0xe2, 0xe2, 0x00, 0xe2,
    0xe2, 0x00, 0xe2, 0xe2, 0x00, 0xe2, 0xe2, 0x00, 0xe2, 0xe2, 0x00, 0xe2, 0xe2, 0x00, 0xe2, 0xe2,
    0x00, 0xe2, 0xe2, 0x00, 0xe2, 0xe2, 0x00, 0xe2, 0xe2, 0x00, 0xe2, 0xe2, 0x00, 0xe2, 0xe2, 0x00,
    0xe2, 0xe2, 0x00, 0xe2, 0xe2, 0x00, 0xe2, 0xe2, 0x00, 0xe2, 0xe2, 0x00, 0xe2, 0xe2, 0x00, 0x1d,
    0x00, 0x00, 0x00, 0x00, 0x00, 0x00, 0x00, 0x00, 0x00, 0x00, 0x00, 0x00, 0xe0, 0xff, 0x00, 0xff,
    0xff, 0x00, 0xff, 0xff, 0x00, 0xff, 0xff, 0x00, 0xff, 0xff, 0x00, 0xff, 0xff, 0x00, 0xff, 0xff,
    0x00, 0xff, 0xff, 0x00, 0xff, 0xff, 0x00, 0xff, 0xff, 0x00, 0xff, 0xff, 0x00, 0xff, 0xff, 0x00,
    0xff, 0xff, 0x00, 0xff, 0xff, 0x00, 0xff, 0xff, 0x00, 0xff, 0xff, 0x00, 0xff, 0xff, 0x00, 0xff,
    0xff, 0x00, 0x21, 0x00, 0x00, 0x00, 0x00, 0x00, 0x00, 0x00, 0x00, 0x00, 0x00, 0x00, 0x00, 0x00,
    0x00, 0x00, 0x00, 0x00, 0x00, 0x00, 0x00, 0x00, 0x00, 0x00, 0x00, 0x00, 0x00, 0x00, 0x00, 0x00,
    0x00, 0x00, 0x00, 0x00, 0x00, 0x00, 0x00, 0x00, 0x00, 0x00, 0x00, 0x00, 0x00, 0x00, 0x00, 0x00,
    0x00, 0x00, 0x00, 0x00, 0x00, 0x00, 0x00, 0x00, 0x00, 0x00, 0x00, 0x00, 0x00, 0x00, 0x00, 0x00,
    0x00, 0x00, 0x00, 0x00, 0x00, 0x00, 0x00, 0x00, 0x00, 0x00, 0x00, 0x00, 0x00, 0x00, 0x00, 0x00,
    0x00, 0x00, 0xe5, 0xff, 0x00, 0xff, 0xff, 0x00, 0xff, 0xff, 0x00, 0xff, 0xff, 0x00, 0xff, 0xff,
    0x00, 0xff, 0xff, 0x00, 0xff, 0xff, 0x00, 0xff, 0xff, 0x00, 0xff, 0xff, 0x00, 0xff, 0xff, 0x00,
    0xff, 0xff, 0x00, 0xff, 0xff, 0x00, 0xff, 0xff, 0x00, 0xff, 0xff, 0x00, 0xff, 0xff, 0x00, 0xff,
    0xff, 0x00, 0xff, 0xff, 0x00, 0xff, 0xff, 0x00, 0x21, 0x00, 0x00, 0x00, 0x00, 0x00, 0x00, 0x00,
    0x00, 0x00, 0x00, 0x00, 0x00, 0xe8, 0xff, 0x00, 0xff, 0xff, 0x00, 0xff, 0xff, 0x00, 0xff, 0xff,
    0x00, 0xff, 0xff, 0x00, 0xff, 0xff, 0x00, 0xff, 0xff, 0x00, 0xff, 0xff, 0x00, 0xff, 0xff, 0x00,
    0xff, 0xff, 0x00, 0xff, 0xff, 0x00, 0xff, 0xff, 0x00, 0xff, 0xff, 0x00, 0xff, 0xff, 0x00, 0xff,
    0xff, 0x00, 0xff, 0xff, 0x00, 0xff, 0xff, 0x00, 0xff, 0xff, 0x00, 0x21, 0x00, 0x00, 0x00, 0x00,
    0x00, 0x00, 0x00, 0x00, 0x00, 0x00, 0x00, 0x00, 0x00, 0x00, 0x00, 0x00, 0x00, 0x00, 0x00, 0x00,
    0x00, 0x00, 0x00, 0x00, 0x00, 0x00, 0x00, 0x00, 0x00, 0x00, 0x00, 0x00, 0x00, 0x00, 0x00, 0x00,
    0x00, 0x00, 0x00, 0x00, 0x00, 0x00, 0x00, 0x00, 0x00, 0x00, 0x00, 0x00, 0x00, 0x00, 0x00, 0x00,
    0x00, 0x00, 0x00, 0x00, 0x00, 0x00, 0x00, 0x00, 0x00, 0x00, 0x00, 0x00, 0x00, 0x00, 0x00, 0x00,
    0x00, 0x00, 0x00, 0x00, 0x00, 0x00, 0x00, 0x00, 0x00, 0x00, 0x00, 0xec, 0xff, 0x00, 0xff, 0xff,
    0x00, 0xff, 0xff, 0x00, 0xff, 0xff, 0x00, 0xff, 0xff, 0x00, 0xff, 0xff, 0x00, 0xff, 0xff, 0x00,
    0xff, 0xff, 0x00, 0xff, 0xff, 0x00, 0xff, 0xff, 0x00, 0xff, 0xff, 0x00, 0xff, 0xff, 0x00, 0xff,
    0xff, 0x00, 0xff, 0xff, 0x00, 0xff, 0xff, 0x00, 0xff, 0xff, 0x00, 0xff, 0xff, 0x00, 0xff, 0xff,
    0x00, 0x21, 0x00, 0x00, 0x00, 0x00, 0x00, 0x00, 0x00, 0x00, 0x00, 0x00, 0x00, 0x00, 0xee, 0xff,
    0x00, 0xff, 0xff, 0x00, 0xff, 0xff, 0x00, 0xff, 0xff, 0x00, 0xff, 0xff, 0x00, 0xff, 0xff, 0x00,
    0xff, 0xff, 0x00, 0xff, 0xff, 0x00, 0xff, 0xff, 0x00, 0xff, 0xff, 0x00, 0xff, 0xff, 0x00, 0xff,
    0xff, 0x00, 0xff, 0xff, 0x00, 0xff, 0xff, 0x00, 0xff, 0xff, 0x00, 0xff, 0xff, 0x00, 0xff, 0xff,
    0x00, 0xff, 0xff, 0x00, 0x21, 0x00, 0x00, 0x00, 0x00, 0x00, 0x00, 0x00, 0x00, 0x00, 0x00, 0x00,
    0x00, 0x00, 0x00, 0x00, 0x00, 0x00, 0x00, 0x00, 0x00, 0x00, 0x00, 0x00, 0x00, 0x00, 0x00, 0x00,
    0x00, 0x00, 0x00, 0x00, 0x00, 0x00, 0x00, 0x00, 0x00, 0x00, 0x00, 0x00, 0x00, 0x00, 0x00, 0x00,
    0x00, 0x00, 0x00, 0x00, 0x00, 0x00, 0x00, 0x00, 0x00, 0x00, 0x00, 0x00, 0x00, 0x00, 0x00, 0x00,
    0x00, 0x00, 0x00, 0x00, 0x00, 0x00, 0x00, 0x00, 0x00, 0x00, 0x00, 0x00, 0x00, 0x00, 0x00, 0x00,
    0x00, 0x00, 0x00, 0x00, 0xf2, 0xff, 0x00, 0xff, 0xff, 0x00, 0xff, 0xff, 0x00, 0xff, 0xff, 0x00,
    0xff, 0xff, 0x00, 0xff, 0xff, 0x00, 0xff, 0xff, 0x00, 0xff, 0xff, 0x00, 0xff, 0xff, 0x00, 0xff,
    0xff, 0x00, 0xff, 0xff, 0x00, 0xff, 0xff, 0x00, 0xff, 0xff, 0x00, 0xff, 0xff, 0x00, 0xff, 0xff,
    0x00, 0xff, 0xff, 0x00, 0xff, 0xff, 0x00, 0xff, 0xff, 0x00, 0x21, 0x00, 0x00, 0x00, 0x00, 0x00,
    0x00, 0x00, 0x00, 0x00, 0x00, 0x00, 0x00, 0xf3, 0xff, 0x00, 0xff, 0xff, 0x00, 0xff, 0xff, 0x00,
    0xff, 0xff, 0x00, 0xff, 0xff, 0x00, 0xff, 0xff, 0x00, 0xff, 0xff, 0x00, 0xff, 0xff, 0x00, 0xff,
    0xff, 0x00, 0xff, 0xff, 0x00, 0xff, 0xff, 0x00, 0xff, 0xff, 0x00, 0xff, 0xff, 0x00, 0xff, 0xff,
    0x00, 0xff, 0xff, 0x00, 0xff, 0xff, 0x00, 0xff, 0xff, 0x00, 0xff, 0xff, 0x00, 0x21, 0x00, 0x00,
    0x00, 0x00, 0x00, 0x00, 0x00, 0x00, 0x00, 0x00, 0x00, 0x00, 0x00, 0x00, 0x00, 0x00, 0x00, 0x00,
    0x00, 0x00, 0x00, 0x00, 0x00, 0x00, 0x00, 0x00, 0x00, 0x00, 0x00, 0x00, 0x00, 0x00, 0x00, 0x00,
    0x00, 0x00, 0x00, 0x00, 0x00, 0x00, 0x00, 0x00, 0x00, 0x00, 0x00, 0x00, 0x00, 0x00, 0x00, 0x00,
    0x00, 0x00, 0x00, 0x00, 0x00, 0x00, 0x00, 0x00, 0x00, 0x00, 0x00, 0x00, 0x00, 0x00, 0x00, 0x00,
    0x00, 0x00, 0x00, 0x00, 0x00, 0x00, 0x00, 0x00, 0x00, 0x00, 0x00, 0x00, 0x00, 0xf7, 0xff, 0x00,
    0xff, 0xff, 0x00, 0xff, 0xff, 0x00, 0xff, 0xff, 0x00, 0xff, 0xff, 0x00, 0xff, 0xff, 0x00, 0xff,
    0xff, 0x00, 0xff, 0xff, 0x00, 0xff, 0xff, 0x00, 0xff, 0xff, 0x00, 0xff, 0xff, 0x00, 0xff, 0xff,
    0x00, 0xff, 0xff, 0x00, 0xff, 0xff, 0x00, 0xff, 0xff, 0x00, 0xff, 0xff, 0x00, 0xff, 0xff, 0x00,
    0xff, 0xff, 0x00, 0x21, 0x00, 0x00, 0x00, 0x00, 0x00, 0x00, 0x00, 0x00, 0x00, 0x00, 0x00, 0x00,
    0xf9, 0xff, 0x00, 0xff, 0xff, 0x00, 0xff, 0xff, 0x00, 0xff, 0xff, 0x00, 0xff, 0xff, 0x00, 0xff,
    0xff, 0x00, 0xff, 0xff, 0x00, 0xff, 0xff, 0x00, 0xff, 0xff, 0x00, 0xff, 0xff, 0x00, 0xff, 0xff,
    0x00, 0xff, 0xff, 0x00, 0xff, 0xff, 0x00, 0xff, 0xff, 0x00, 0xff, 0xff, 0x00, 0xff, 0xff, 0x00,
    0xff, 0xff, 0x00, 0xff, 0xff, 0x00, 0x21, 0x00, 0x00, 0x00, 0x00, 0x00, 0x00, 0x00, 0x00, 0x00,
    0x00, 0x00, 0x00, 0x00, 0x00, 0x00, 0x00, 0x00, 0x00, 0x00, 0x00, 0x00, 0x00, 0x00, 0x00, 0x00,
    0x00, 0x00, 0x00, 0x00, 0x00, 0x00, 0x00, 0x00, 0x00, 0x00, 0x00, 0x00, 0x00, 0x00, 0x00, 0x00,
    0x00, 0x00, 0x00, 0x00, 0x00, 0x00, 0x00, 0x00, 0x00, 0x00, 0x00, 0x00, 0x00, 0x00, 0x00, 0x00,
    0x00, 0x00, 0x00, 0x00, 0x00, 0x00, 0x00, 0x00, 0x00, 0x00, 0x00, 0x00, 0x00, 0x00, 0x00, 0x00,
    0x00, 0x00, 0x00, 0x00, 0x00, 0x00, 0xfc, 0xff, 0x00, 0xff, 0xff, 0x00, 0xff, 0xff, 0x00, 0xff,
    0xff, 0x00, 0xff, 0xff, 0x00, 0xff, 0xff, 0x00, 0xff, 0xff, 0x00, 0xff, 0xff, 0x00, 0xff, 0xff,
    0x00, 0xff, 0xff, 0x00, 0xff, 0xff, 0x00, 0xff, 0xff, 0x00, 0xff, 0xff, 0x00, 0xff, 0xff, 0x00,
    0xff, 0xff, 0x00, 0xff, 0xff, 0x00, 0xff, 0xff, 0x00, 0xff, 0xff, 0x00, 0x21, 0x00, 0x00, 0x00,
    0x00, 0x00, 0x00, 0x00, 0x00, 0x00, 0x00, 0x00, 0x00, 0xfd, 0xff, 0x00, 0xff, 0xff, 0x00, 0xff,
    0xff, 0x00, 0xff, 0xff, 0x00, 0xff, 0xff, 0x00, 0xff, 0xff, 0x00, 0xff, 0xff, 0x00, 0xff, 0xff,
    0x00, 0xff, 0xff, 0x00, 0xff, 0xff, 0x00, 0xff, 0xff, 0x00, 0xff, 0xff, 0x00, 0xff, 0xff, 0x00,
    0xff, 0xff, 0x00, 0xff, 0xff, 0x00, 0xff, 0xff, 0x00, 0xff, 0xff, 0x00, 0xff, 0xff, 0x00, 0x21,
    0x00, 0x00, 0x00, 0x00, 0x00, 0x00, 0x00, 0x00, 0x00, 0x00, 0x00, 0x00, 0x00, 0x00, 0x00, 0x00,
    0x00, 0x00, 0x00, 0x00, 0x00, 0x00, 0x00, 0x00, 0x00, 0x00, 0x00, 0x00, 0x00, 0x00, 0x00, 0x00,
    0x00, 0x00, 0x00, 0x00, 0x00, 0x00, 0x00, 0x00, 0x00, 0x00, 0x00, 0x00, 0x00, 0x00, 0x00, 0x00,
    0x00, 0x00, 0x00, 0x00, 0x00, 0x00, 0x00, 0x00, 0x00, 0x00, 0x00, 0x00, 0x00, 0x00, 0x00, 0x00,
    0x00, 0x00, 0x00, 0x00, 0x00, 0x00, 0x00, 0x00, 0x00, 0x00, 0x00, 0x00, 0x00, 0x14, 0x00, 0xff,
    0xff, 0x00, 0xff, 0xff, 0x00, 0xff, 0xff, 0x00, 0xff, 0xff, 0x00, 0xff, 0xff, 0x00, 0xff, 0xff,
    0x00, 0xff, 0xff, 0x00, 0xff, 0xff, 0x00, 0xff, 0xff, 0x00, 0xff, 0xff, 0x00, 0xff, 0xff, 0x00,
    0xff, 0xff, 0x00, 0xff, 0xff, 0x00, 0xff, 0xff, 0x00, 0xff, 0xff, 0x00, 0xff, 0xff, 0x00, 0xff,
    0xff, 0x00, 0xff, 0xff, 0x00, 0x21, 0x00, 0x00, 0x00, 0x00, 0x00, 0x00, 0x00, 0x00, 0x00, 0x00,
    0x28, 0x00, 0xff, 0xff, 0x00, 0xff, 0xff, 0x00, 0xff, 0xff, 0x00, 0xff, 0xff, 0x00, 0xff, 0xff,
    0x00, 0xff, 0xff, 0x00, 0xff, 0xff, 0x00, 0xff, 0xff, 0x00, 0xff, 0xff, 0x00, 0xff, 0xff, 0x00,
    0xff, 0xff, 0x00, 0xff, 0xff, 0x00, 0xff, 0xff, 0x00, 0xff, 0xff, 0x00, 0xff, 0xff, 0x00, 0xff,
    0xff, 0x00, 0xff, 0xff, 0x00, 0xff, 0xff, 0x00, 0x21, 0x00, 0x00, 0x00, 0x00, 0x00, 0x00, 0x00,
    0x00, 0x00, 0x00, 0x00, 0x00, 0x00, 0x00, 0x00, 0x00, 0x00, 0x00, 0x00, 0x00, 0x00, 0x00, 0x00,
    0x00, 0x00, 0x00, 0x00, 0x00, 0x00, 0x00, 0x00, 0x00, 0x00, 0x00, 0x00, 0x00, 0x00, 0x00, 0x00,
    0x00, 0x00, 0x00, 0x00, 0x00, 0x00, 0x00, 0x00, 0x00, 0x00, 0x00, 0x00, 0x00, 0x00, 0x00, 0x00,
    0x00, 0x00, 0x00, 0x00, 0x00, 0x00, 0x00, 0x00, 0x00, 0x00, 0x00, 0x00, 0x00, 0x00, 0x00, 0x00,
    0x00, 0x00, 0x00, 0x00, 0x00, 0x00, 0x3c, 0x00, 0xff, 0xff, 0x00, 0xff, 0xff, 0x00, 0xff, 0xff,
    0x00, 0xff, 0xff, 0x00, 0xff, 0xff, 0x00, 0xff, 0xff, 0x00, 0xff, 0xe5, 0x00, 0x40, 0x3e, 0x00,
    0x3e, 0x3e, 0x00, 0x3e, 0x3e, 0x00, 0x3e, 0x3e, 0x00, 0x3e, 0x3e, 0x00, 0x3e, 0x3e, 0x00, 0x3e,
    0x3e, 0x00, 0x3e, 0x3e, 0x00, 0x3e, 0x3e, 0x00, 0x3e, 0x3e, 0x00, 0x3e, 0x3e, 0x00, 0x07, 0x00,
    0x00, 0x00, 0x00, 0x00, 0x00, 0x00, 0x00, 0x00, 0x00, 0x42, 0x00, 0xff, 0xff, 0x00, 0xff, 0xff,
    0x00, 0xff, 0xff, 0x00, 0xff, 0xff, 0x00, 0xff, 0xff, 0x00, 0xff, 0xff, 0x00, 0xff, 0xdc, 0x00,
    0x03, 0x00, 0x00, 0x00, 0x00, 0x00, 0x00, 0x00, 0x00, 0x00, 0x00, 0x00, 0x00, 0x00, 0x00, 0x00,
    0x00, 0x00, 0x00, 0x00, 0x00, 0x00, 0x00, 0x00, 0x00, 0x00, 0x00, 0x00, 0x00, 0x00, 0x00, 0x00,
    0x00, 0x00, 0x00, 0x00, 0x00, 0x00, 0x00, 0x00, 0x00, 0x00, 0x00, 0x00, 0x00, 0x00, 0x00, 0x00,
    0x00, 0x00, 0x00, 0x00, 0x00, 0x00, 0x00, 0x00, 0x00, 0x00, 0x00, 0x00, 0x00, 0x00, 0x00, 0x00,
    0x00, 0x00, 0x00, 0x00, 0x00, 0x00, 0x00, 0x00, 0x00, 0x00, 0x00, 0x00, 0x00, 0x00, 0x00, 0x00,
    0x00, 0x00, 0x00, 0x00, 0x00, 0x00, 0x00, 0x00, 0x00, 0x00, 0x00, 0x00, 0x00, 0x00, 0x00, 0x00,
    0x00, 0x00, 0x00, 0x00, 0x00, 0x00, 0x00, 0x00, 0x00, 0x00, 0x00, 0x00, 0x00, 0x00, 0x00, 0x4f,
    0x00, 0xff, 0xff, 0x00, 0xff, 0xff, 0x00, 0xff, 0xff, 0x00, 0xff, 0xff, 0x00, 0xff, 0xff, 0x00,
    0xff, 0xff, 0x00, 0xff, 0xce, 0x00, 0x00, 0x00, 0x00, 0x00, 0x00, 0x00, 0x00, 0x00, 0x00, 0x00,
    0x00, 0x00, 0x00, 0x00, 0x00, 0x00, 0x00, 0x00, 0x00, 0x00, 0x00, 0x00, 0x00, 0x00, 0x00, 0x00,
    0x00, 0x00, 0x00, 0x00, 0x00, 0x00, 0x00, 0x00, 0x00, 0x00, 0x00, 0x00, 0x00, 0x00, 0x00, 0x00,
    0x00, 0x00, 0x54, 0x00, 0xff, 0xff, 0x00, 0xff, 0xff, 0x00, 0xff, 0xff, 0x00, 0xff, 0xff, 0x00,
    0xff, 0xff, 0x00, 0xff, 0xff, 0x00, 0xfe, 0xc9, 0x00, 0x00, 0x00, 0x00, 0x00, 0x00, 0x00, 0x00,
    0x00, 0x00, 0x00, 0x00, 0x00, 0x00, 0x00, 0x00, 0x00, 0x00, 0x00, 0x00, 0x00, 0x00, 0x00, 0x00,
    0x00, 0x00, 0x00, 0x00, 0x00, 0x00, 0x00, 0x00, 0x00, 0x00, 0x00, 0x00, 0x00, 0x00, 0x00, 0x00,
    0x00, 0x00, 0x00, 0x00, 0x00, 0x00, 0x00, 0x00, 0x00, 0x00, 0x00, 0x00, 0x00, 0x00, 0x00, 0x00,
    0x00, 0x00, 0x00, 0x00, 0x00, 0x00, 0x00, 0x00, 0x00, 0x00, 0x00, 0x00, 0x00, 0x00, 0x00, 0x00,
    0x00, 0x00, 0x00, 0x00, 0x00, 0x00, 0x00, 0x00, 0x00, 0x00, 0x00, 0x00, 0x00, 0x00, 0x00, 0x00,
    0x00, 0x00, 0x00, 0x00, 0x00, 0x00, 0x00, 0x00, 0x00, 0x00, 0x00, 0x00, 0x00, 0x00, 0x00, 0x00,
    0x00, 0x00, 0x00, 0x00, 0x00, 0x00, 0x00, 0x00, 0x5e, 0x00, 0xff, 0xff, 0x00, 0xff, 0xff, 0x00,
    0xff, 0xff, 0x00, 0xff, 0xff, 0x00, 0xff, 0xff, 0x00, 0xff, 0xff, 0x00, 0xfc, 0xc1, 0x00, 0x00,
    0x00, 0x00, 0x00, 0x00, 0x00, 0x00, 0x00, 0x00, 0x00, 0x00, 0x00, 0x00, 0x00, 0x00, 0x00, 0x00,
    0x00, 0x00, 0x00, 0x00, 0x00, 0x00, 0x00, 0x00, 0x00, 0x00, 0x00, 0x00, 0x00, 0x00, 0x00, 0x00,
    0x00, 0x00, 0x00, 0x00, 0x00, 0x00, 0x00, 0x00, 0x00, 0x00, 0x00, 0x62, 0x00, 0xff, 0xff, 0x00,
    0xff, 0xff, 0x00, 0xff, 0xff, 0x00, 0xff, 0xff, 0x00, 0xff, 0xff, 0x00, 0xff, 0xff, 0x00, 0xfc,
    0xbd, 0x00, 0x00, 0x00, 0x00, 0x00, 0x00, 0x00, 0x00, 0x00, 0x00, 0x00, 0x00, 0x00, 0x00, 0x00,
    0x00, 0x00, 0x00, 0x00, 0x00, 0x00, 0x00, 0x00, 0x00, 0x00, 0x00, 0x00, 0x00, 0x00, 0x00, 0x00,
    0x00, 0x00, 0x00, 0x00, 0x00, 0x00, 0x00, 0x00, 0x00, 0x00, 0x00, 0x00, 0x00, 0x00, 0x00, 0x00,
    0x00, 0x00, 0x00, 0x00, 0x00, 0x00, 0x00, 0x00, 0x00, 0x00, 0x00, 0x00, 0x00, 0x00, 0x00, 0x00,
    0x00, 0x00, 0x00, 0x00, 0x00, 0x00, 0x00, 0x00, 0x00, 0x00, 0x00, 0x00, 0x00, 0x00, 0x00, 0x00,
    0x00, 0x00, 0x00, 0x00, 0x00, 0x00, 0x00, 0x00, 0x00, 0x00, 0x00, 0x00, 0x00, 0x00, 0x00, 0x00,
    0x00, 0x00, 0x00, 0x00, 0x00, 0x00, 0x00, 0x00, 0x00, 0x00, 0x00, 0x00, 0x00, 0x00, 0x00, 0x00,
    0x00, 0x6a, 0x00, 0xff, 0xff, 0x00, 0xff, 0xff, 0x00, 0xff, 0xff, 0x00, 0xff, 0xff, 0x00, 0xff,
    0xff, 0x00, 0xff, 0xff, 0x00, 0xfa, 0xb4, 0x00, 0x00, 0x00, 0x00, 0x00, 0x00, 0x00, 0x00, 0x00,
    0x00, 0x00, 0x00, 0x00, 0x00, 0x00, 0x00, 0x00, 0x00, 0x00, 0x00, 0x00, 0x00, 0x00, 0x00, 0x00,
    0x00, 0x00, 0x00, 0x00, 0x00, 0x00, 0x00, 0x00, 0x00, 0x00, 0x00, 0x00, 0x00, 0x00, 0x00, 0x00,
    0x00, 0x00, 0x00, 0x00, 0x6d, 0x00, 0xff, 0xff, 0x00, 0xff, 0xff, 0x00, 0xff, 0xff, 0x00, 0xff,
    0xff, 0x00, 0xff, 0xff, 0x00, 0xff, 0xff, 0x00, 0xf9, 0xb0, 0x00, 0x00, 0x00, 0x00, 0x00, 0x00,
    0x00, 0x00, 0x00, 0x00, 0x00, 0x00, 0x00, 0x00, 0x00, 0x00, 0x00, 0x00, 0x00, 0x00, 0x00, 0x00,
    0x00, 0x00, 0x00, 0x00, 0x00, 0x00, 0x00, 0x00, 0x00, 0x00, 0x00, 0x00, 0x00, 0x00, 0x00, 0x00,
    0x00, 0x00, 0x00, 0x00, 0x00, 0x00, 0x00, 0x00, 0x00, 0x00, 0x00, 0x00, 0x00, 0x00, 0x00, 0x00,
    0x00, 0x00, 0x00, 0x00, 0x00, 0x00, 0x00, 0x00, 0x00, 0x00, 0x00, 0x00, 0x00, 0x00, 0x00, 0x00,
    0x00, 0x00, 0x00, 0x00, 0x00, 0x00, 0x00, 0x00, 0x00, 0x00, 0x00, 0x00, 0x00, 0x00, 0x00, 0x00,
    0x00, 0x00, 0x00, 0x00, 0x00, 0x00, 0x00, 0x00, 0x00, 0x00, 0x00, 0x00, 0x00, 0x00, 0x00, 0x00,
    0x00, 0x00, 0x00, 0x00, 0x00, 0x00, 0x00, 0x00, 0x00, 0x00, 0x74, 0x00, 0xff, 0xff, 0x00, 0xff,
    0xff, 0x00, 0xff, 0xff, 0x00, 0xff, 0xff, 0x00, 0xff, 0xff, 0x00, 0xff, 0xff, 0x00, 0xf7, 0xa7,
    0x00, 0x00, 0x00, 0x00, 0x00, 0x00, 0x00, 0x00, 0x00, 0x00, 0x00, 0x00, 0x00, 0x00, 0x00, 0x00,
    0x00, 0x00, 0x00, 0x00, 0x00, 0x00, 0x00, 0x00, 0x00, 0x00, 0x00, 0x00, 0x00, 0x00, 0x00, 0x00,
    0x00, 0x00, 0x00, 0x00, 0x00, 0x00, 0x00, 0x00, 0x00, 0x00, 0x00, 0x00, 0x00, 0x78, 0x00, 0xff,
    0xff, 0x00, 0xff, 0xff, 0x00, 0xff, 0xff, 0x00, 0xff, 0xff, 0x00, 0xff, 0xff, 0x00, 0xff, 0xff,
    0x00, 0xf6, 0xa2, 0x00, 0x00, 0x00, 0x00, 0x00, 0x00, 0x00, 0x00, 0x00, 0x00, 0x00, 0x00, 0x00,
    0x00, 0x00, 0x00, 0x00, 0x00, 0x00, 0x00, 0x00, 0x00, 0x00, 0x00, 0x00, 0x00, 0x00, 0x00, 0x00,
    0x00, 0x00, 0x00, 0x00, 0x00, 0x00, 0x00, 0x00, 0x00, 0x00, 0x00, 0x00, 0x00, 0x00, 0x00, 0x00,
    0x00, 0x00, 0x00, 0x00, 0x00, 0x00, 0x00, 0x00, 0x00, 0x00, 0x00, 0x00, 0x00, 0x00, 0x00, 0x00,
    0x00, 0x00, 0x00, 0x00, 0x00, 0x00, 0x00, 0x00, 0x00, 0x00, 0x00, 0x00, 0x00, 0x00, 0x00, 0x00,
    0x00, 0x00, 0x00, 0x00, 0x00, 0x00, 0x00, 0x00, 0x00, 0x00, 0x00, 0x00, 0x00, 0x00, 0x00, 0x00,
    0x00, 0x00, 0x00, 0x00, 0x00, 0x00, 0x00, 0x00, 0x00, 0x00, 0x00, 0x00, 0x00, 0x00, 0x00, 0x00,
    0x00, 0x00, 0x00, 0x7e, 0x00, 0xff, 0xff, 0x00, 0xff, 0xff, 0x00, 0xff, 0xff, 0x00, 0xff, 0xff,
    0x00, 0xff, 0xff, 0x00, 0xff, 0xff, 0x00, 0xf3, 0x97, 0x00, 0x01, 0x03, 0x00, 0x05, 0x06, 0x00,
    0x06, 0x06, 0x00, 0x06, 0x06, 0x00, 0x04, 0x03, 0x00, 0x00, 0x00, 0x00, 0x00, 0x00, 0x00, 0x00,
    0x00, 0x00, 0x00, 0x00, 0x00, 0x00, 0x00, 0x00, 0x00, 0x00, 0x00, 0x00, 0x00, 0x00, 0x00, 0x00,
    0x00, 0x00, 0x00, 0x00, 0x00, 0x00, 0x81, 0x00, 0xff, 0xff, 0x00, 0xff, 0xff, 0x00, 0xff, 0xff,
    0x00, 0xff, 0xff, 0x00, 0xff, 0xff, 0x00, 0xff, 0xff, 0x00, 0xf2, 0x94, 0x00, 0x1e, 0x5a, 0x00,
    0x97, 0xa6, 0x00, 0xb0, 0xad, 0x00, 0xa4, 0x99, 0x00, 0x74, 0x4b, 0x00, 0x09, 0x06, 0x00, 0x00,
    0x00, 0x00, 0x00, 0x00, 0x00, 0x00, 0x00, 0x00, 0x00, 0x00, 0x00, 0x00, 0x00, 0x00, 0x00, 0x00,
    0x00, 0x00, 0x00, 0x00, 0x00, 0x00, 0x00, 0x00, 0x00, 0x00, 0x00, 0x00, 0x00, 0x00, 0x00, 0x00,
    0x00, 0x00, 0x00, 0x00, 0x00, 0x00, 0x00, 0x00, 0x00, 0x00, 0x00, 0x00, 0x00, 0x00, 0x00, 0x00,
    0x00, 0x00, 0x00, 0x00, 0x00, 0x00, 0x00, 0x00, 0x00, 0x00, 0x00, 0x00, 0x00, 0x00, 0x00, 0x00,
    0x00, 0x00, 0x00, 0x00, 0x00, 0x00, 0x00, 0x00, 0x00, 0x00, 0x00, 0x00, 0x00, 0x00, 0x00, 0x00,
    0x00, 0x00, 0x00, 0x00, 0x00, 0x00, 0x00, 0x00, 0x00, 0x00, 0x00, 0x00, 0x86, 0x00, 0xff, 0xff,
    0x00, 0xff, 0xff, 0x00, 0xff, 0xff, 0x00, 0xff, 0xff, 0x00, 0xff, 0xff, 0x00, 0xff, 0xff, 0x00,
    0xfd, 0xf5, 0x00, 0xfd, 0xff, 0x00, 0xff, 0xff, 0x00, 0xff, 0xff, 0x00, 0xff, 0xff, 0x00, 0xff,
    0xff, 0x00, 0xf6, 0xeb, 0x00, 0xa1, 0x53, 0x00, 0x07, 0x01, 0x00, 0x00, 0x00, 0x00, 0x00, 0x00,
    0x00, 0x00, 0x00, 0x00, 0x00, 0x00, 0x00, 0x00, 0x00, 0x00, 0x00, 0x00, 0x00, 0x00, 0x00, 0x89,
    0x00, 0xff, 0xff, 0x00, 0xff, 0xff, 0x00, 0xff, 0xff, 0x00, 0xff, 0xff, 0x00, 0xff, 0xff, 0x00,
    0xff, 0xff, 0x00, 0xff, 0xff, 0x00, 0xff, 0xff, 0x00, 0xff, 0xff, 0x00, 0xff, 0xff, 0x00, 0xff,
    0xff, 0x00, 0xff, 0xff, 0x00, 0xff, 0xff, 0x00, 0xf6, 0xe0, 0x00, 0x56, 0x1b, 0x00, 0x00, 0x00,
    0x00, 0x00, 0x00, 0x00, 0x00, 0x00, 0x00, 0x00, 0x00, 0x00, 0x00, 0x00, 0x00, 0x00, 0x00, 0x00,
    0x00, 0x00, 0x00, 0x00, 0x00, 0x00, 0x00, 0x00, 0x00, 0x00, 0x00, 0x00, 0x00, 0x00, 0x00, 0x00,
    0x00, 0x00, 0x00, 0x00, 0x00, 0x00, 0x00, 0x00, 0x00, 0x00, 0x00, 0x00, 0x00, 0x00, 0x00, 0x00,
    0x00, 0x00, 0x00, 0x00, 0x00, 0x00, 0x00, 0x00, 0x00, 0x00, 0x00, 0x00, 0x00, 0x00, 0x00, 0x00,
    0x00, 0x00, 0x00, 0x00, 0x00, 0x00, 0x00, 0x00, 0x00, 0x00, 0x00, 0x00, 0x00, 0x00, 0x00, 0x00,
    0x00, 0x00, 0x00, 0x00, 0x04, 0x91, 0x00, 0xff, 0xff, 0x00, 0xff, 0xff, 0x00, 0xff, 0xff, 0x00,
    0xff, 0xff, 0x00, 0xff, 0xff, 0x00, 0xff, 0xff, 0x00, 0xff, 0xff, 0x00, 0xff, 0xff, 0x00, 0xff,
    0xff, 0x00, 0xff, 0xff, 0x00, 0xff, 0xff, 0x00, 0xff, 0xff, 0x00, 0xff, 0xff, 0x00, 0xff, 0xff,
    0x00, 0xfe, 0xf6, 0x00, 0x6c, 0x1b, 0x00, 0x00, 0x00, 0x00, 0x00, 0x00, 0x00, 0x00, 0x00, 0x00,
    0x00, 0x00, 0x00, 0x00, 0x00, 0x00, 0x00, 0x14, 0xa1, 0x00, 0xff, 0xff, 0x00, 0xff, 0xff, 0x00,
    0xff, 0xff, 0x00, 0xff, 0xff, 0x00, 0xff, 0xff, 0x00, 0xff, 0xff, 0x00, 0xff, 0xff, 0x00, 0xff,
    0xff, 0x00, 0xff, 0xff, 0x00, 0xff, 0xff, 0x00, 0xff, 0xff, 0x00, 0xff, 0xff, 0x00, 0xff, 0xff,
    0x00, 0xff, 0xff, 0x00, 0xff, 0xff, 0x00, 0xe2, 0x89, 0x00, 0x01, 0x00, 0x00, 0x00, 0x00, 0x00,
    0x00, 0x00, 0x00, 0x00, 0x00, 0x00, 0x00, 0x00, 0x00, 0x00, 0x00, 0x00, 0x00, 0x00, 0x00, 0x00,
    0x00, 0x00, 0x00, 0x00, 0x00, 0x00, 0x00, 0x00, 0x00, 0x00, 0x00, 0x00, 0x00, 0x00, 0x00, 0x00,
    0x00, 0x00, 0x00, 0x00, 0x00, 0x00, 0x00, 0x00, 0x00, 0x00, 0x00, 0x00, 0x00, 0x00, 0x00, 0x00,
    0x00, 0x00, 0x00, 0x00, 0x00, 0x00, 0x00, 0x00, 0x00, 0x00, 0x00, 0x00, 0x00, 0x00, 0x00, 0x00,
    0x00, 0x00, 0x00, 0x00, 0x00, 0x00, 0x00, 0x00, 0x00, 0x00, 0x00, 0x00, 0x00, 0x2c, 0xb7, 0x00,
    0xff, 0xff, 0x00, 0xff, 0xff, 0x00, 0xff, 0xff, 0x00, 0xff, 0xff, 0x00, 0xff, 0xff, 0x00, 0xff,
    0xff, 0x00, 0xff, 0xff, 0x00, 0xff, 0xff, 0x00, 0xff, 0xff, 0x00, 0xff, 0xff, 0x00, 0xff, 0xff,
    0x00, 0xff, 0xff, 0x00, 0xff, 0xff, 0x00, 0xff, 0xff, 0x00, 0xff, 0xff, 0x00, 0xff, 0xff, 0x00,
    0x9d, 0x28, 0x00, 0x00, 0x00, 0x00, 0x00, 0x00, 0x00, 0x00, 0x00, 0x00, 0x00, 0x00, 0x00, 0x00,
    0x34, 0xbe, 0x00, 0xff, 0xff, 0x00, 0xff, 0xff, 0x00, 0xff, 0xff, 0x00, 0xff, 0xff, 0x00, 0xff,
    0xff, 0x00, 0xff, 0xff, 0x00, 0xff, 0xff, 0x00, 0xff, 0xff, 0x00, 0xff, 0xff, 0x00, 0xff, 0xff,
    0x00, 0xff, 0xff, 0x00, 0xff, 0xff, 0x00, 0xff, 0xff, 0x00, 0xff, 0xff, 0x00, 0xff, 0xff, 0x00,
    0xff, 0xff, 0x00, 0xee, 0x96, 0x00, 0x00, 0x00, 0x00, 0x00, 0x00, 0x00, 0x00, 0x00, 0x00, 0x00,
    0x00, 0x00, 0x00, 0x00, 0x00, 0x00, 0x00, 0x00, 0x00, 0x00, 0x00, 0x00, 0x00, 0x00, 0x00, 0x00,
    0x00, 0x00, 0x00, 0x00, 0x00, 0x00, 0x00, 0x00, 0x00, 0x00, 0x00, 0x00, 0x00, 0x00, 0x00, 0x00,
    0x00, 0x00, 0x00, 0x00, 0x00, 0x00, 0x00, 0x00, 0x00, 0x00, 0x00, 0x00, 0x00, 0x00, 0x00, 0x00,
    0x00, 0x00, 0x00, 0x00, 0x00, 0x00, 0x00, 0x00, 0x00, 0x00, 0x00, 0x00, 0x00, 0x00, 0x00, 0x00,
    0x00, 0x00, 0x00, 0x00, 0x00, 0x00, 0x40, 0xc8, 0x00, 0xff, 0xff, 0x00, 0xff, 0xff, 0x00, 0xff,
    0xff, 0x00, 0xff, 0xff, 0x00, 0xff, 0xff, 0x00, 0xff, 0xff, 0x00, 0xff, 0xff, 0x00, 0xff, 0xff,
    0x00, 0xff, 0xff, 0x00, 0xff, 0xff, 0x00, 0xff, 0xff, 0x00, 0xff, 0xff, 0x00, 0xff, 0xff, 0x00,
    0xff, 0xff, 0x00, 0xff, 0xff, 0x00, 0xff, 0xff, 0x00, 0xff, 0xfe, 0x00, 0x57, 0x03, 0x00, 0x00,
    0x00, 0x00, 0x00, 0x00, 0x00, 0x00, 0x00, 0x00, 0x00, 0x44, 0xcd, 0x00, 0xff, 0xff, 0x00, 0xff,
    0xff, 0x00, 0xff, 0xff, 0x00, 0xff, 0xff, 0x00, 0xff, 0xff, 0x00, 0xff, 0xff, 0x00, 0xff, 0xff,
    0x00, 0xff, 0xff, 0x00, 0xff, 0xff, 0x00, 0xff, 0xff, 0x00, 0xff, 0xff, 0x00, 0xff, 0xff, 0x00,
    0xff, 0xff, 0x00, 0xff, 0xff, 0x00, 0xff, 0xff, 0x00, 0xff, 0xff, 0x00, 0xff, 0xff, 0x00, 0xb3,
    0x31, 0x00, 0x00, 0x00, 0x00, 0x00, 0x00, 0x00, 0x00, 0x00, 0x00, 0x00, 0x00, 0x00, 0x00, 0x00,
    0x00, 0x00, 0x00, 0x00, 0x00, 0x00, 0x00, 0x00, 0x00, 0x00, 0x00, 0x00, 0x00, 0x00, 0x00, 0x00,
    0x00, 0x00, 0x00, 0x00, 0x00, 0x00, 0x00, 0x00, 0x00, 0x00, 0x00, 0x00, 0x00, 0x00, 0x00, 0x00,
    0x00, 0x00, 0x00, 0x00, 0x00, 0x00, 0x00, 0x00, 0x00, 0x00, 0x00, 0x00, 0x00, 0x00, 0x00, 0x00,
    0x00, 0x00, 0x00, 0x00, 0x00, 0x00, 0x00, 0x00, 0x00, 0x00, 0x00, 0x00, 0x00, 0x00, 0x00, 0x4d,
    0xd5, 0x00, 0xff, 0xff, 0x00, 0xff, 0xff, 0x00, 0xff, 0xff, 0x00, 0xff, 0xff, 0x00, 0xff, 0xff,
    0x00, 0xff, 0xff, 0x00, 0xff, 0xff, 0x00, 0xff, 0xff, 0x00, 0xff, 0xff, 0x00, 0xff, 0xff, 0x00,
    0xff, 0xff, 0x00, 0xff, 0xff, 0x00, 0xff, 0xff, 0x00, 0xff, 0xff, 0x00, 0xff, 0xff, 0x00, 0xff,
    0xff, 0x00, 0xff, 0xff, 0x00, 0xfe, 0xd0, 0x00, 0x02, 0x00, 0x00, 0x00, 0x00, 0x00, 0x00, 0x00,
    0x00, 0x00, 0x51, 0xd8, 0x00, 0xff, 0xff, 0x00, 0xff, 0xff, 0x00, 0xff, 0xff, 0x00, 0xff, 0xff,
    0x00, 0xff, 0xff, 0x00, 0xff, 0xff, 0x00, 0xff, 0xff, 0x00, 0xff, 0xff, 0x00, 0xff, 0xff, 0x00,
    0xff, 0xff, 0x00, 0xff, 0xff, 0x00, 0xff, 0xff, 0x00, 0xff, 0xff, 0x00, 0xff, 0xff, 0x00, 0xff,
    0xff, 0x00, 0xff, 0xff, 0x00, 0xff, 0xff, 0x00, 0xff, 0xf8, 0x00, 0x19, 0x00, 0x00, 0x00, 0x00,
    0x00, 0x00, 0x00, 0x00, 0x00, 0x00, 0x00, 0x00, 0x00, 0x00, 0x00, 0x00, 0x00, 0x00, 0x00, 0x00,
    0x00, 0x00, 0x00, 0x00, 0x00, 0x00, 0x00, 0x00, 0x00, 0x00, 0x00, 0x00, 0x00, 0x00, 0x00, 0x00,
    0x00, 0x00, 0x00, 0x00, 0x00, 0x00, 0x00, 0x00, 0x00, 0x00, 0x00, 0x00, 0x00, 0x00, 0x00, 0x00,
    0x00, 0x00, 0x00, 0x00, 0x00, 0x00, 0x00, 0x00, 0x00, 0x00, 0x00, 0x00, 0x00, 0x00, 0x00, 0x00,
    0x00, 0x00, 0x00, 0x00, 0x00, 0x00, 0x00, 0x00, 0x58, 0xdf, 0x00, 0xff, 0xff, 0x00, 0xff, 0xff,
    0x00, 0xff, 0xff, 0x00, 0xff, 0xff, 0x00, 0xff, 0xfe, 0x00, 0xfa, 0xf8, 0x00, 0xf6, 0xf6, 0x00,
    0xfa, 0xfd, 0x00, 0xff, 0xff, 0x00, 0xff, 0xff, 0x00, 0xff, 0xff, 0x00, 0xff, 0xff, 0x00, 0xff,
    0xff, 0x00, 0xff, 0xff, 0x00, 0xff, 0xff, 0x00, 0xff, 0xff, 0x00, 0xff, 0xff, 0x00, 0xff, 0xff,
    0x00, 0x77, 0x11, 0x00, 0x00, 0x00, 0x00, 0x00, 0x00, 0x00, 0x00, 0x5c, 0xe2, 0x00, 0xff, 0xff,
    0x00, 0xff, 0xff, 0x00, 0xff, 0xff, 0x00, 0xf9, 0xf3, 0x00, 0xe1, 0xce, 0x00, 0xb5, 0xab, 0x00,
    0xa2, 0xa4, 0x00, 0xb7, 0xcb, 0x00, 0xf2, 0xfb, 0x00, 0xff, 0xff, 0x00, 0xff, 0xff, 0x00, 0xff,
    0xff, 0x00, 0xff, 0xff, 0x00, 0xff, 0xff, 0x00, 0xff, 0xff, 0x00, 0xff, 0xff, 0x00, 0xff, 0xff,
    0x00, 0xff, 0xff, 0x00, 0xbd, 0x29, 0x00, 0x00, 0x00, 0x00, 0x00, 0x00, 0x00, 0x00, 0x00, 0x00,
    0x00, 0x00, 0x00, 0x00, 0x00, 0x00, 0x00, 0x00, 0x00, 0x00, 0x00, 0x00, 0x00, 0x00, 0x00, 0x00,
    0x00, 0x00, 0x00, 0x00, 0x00, 0x00, 0x00, 0x00, 0x00, 0x00, 0x00, 0x00, 0x00, 0x00, 0x00, 0x00,
    0x00, 0x00, 0x00, 0x00, 0x00, 0x00, 0x00, 0x00, 0x00, 0x00, 0x00, 0x00, 0x00, 0x00, 0x00, 0x00,
    0x00, 0x00, 0x00, 0x00, 0x00, 0x00, 0x00, 0x00, 0x00, 0x00, 0x00, 0x00, 0x00, 0x00, 0x00, 0x00,
    0x00, 0x62, 0xe8, 0x00, 0xff, 0xfd, 0x00, 0xe3, 0xc8, 0x00, 0x85, 0x5d, 0x00, 0x08, 0x07, 0x00,
    0x03, 0x01, 0x00, 0x00, 0x00, 0x00, 0x00, 0x00, 0x00, 0x00, 0x01, 0x00, 0x07, 0x2a, 0x00, 0xbf,
    0xef, 0x00, 0xff, 0xff, 0x00, 0xff, 0xff, 0x00, 0xff, 0xff, 0x00, 0xff, 0xff, 0x00, 0xff, 0xff,
    0x00, 0xff, 0xff, 0x00, 0xff, 0xff, 0x00, 0xff, 0xff, 0x00, 0xf9, 0x8b, 0x00, 0x00, 0x00, 0x00,
    0x00, 0x00, 0x00, 0x00, 0x65, 0xea, 0x00, 0xe0, 0xbb, 0x00, 0x6a, 0x35, 0x00, 0x03, 0x02, 0x00,
    0x00, 0x00, 0x00, 0x00, 0x00, 0x00, 0x00, 0x00, 0x00, 0x00, 0x00, 0x00, 0x00, 0x00, 0x00, 0x00,
    0x01, 0x00, 0x38, 0x91, 0x00, 0xfc, 0xff, 0x00, 0xff, 0xff, 0x00, 0xff, 0xff, 0x00, 0xff, 0xff,
    0x00, 0xff, 0xff, 0x00, 0xff, 0xff, 0x00, 0xff, 0xff, 0x00, 0xff, 0xff, 0x00, 0xfc, 0xbd, 0x00,
    0x00, 0x00, 0x00, 0x00, 0x00, 0x00, 0x00, 0x00, 0x00, 0x00, 0x00, 0x00, 0x00, 0x00, 0x00, 0x00,
    0x00, 0x00, 0x00, 0x00, 0x00, 0x00, 0x00, 0x00, 0x00, 0x00, 0x00, 0x00, 0x00, 0x00, 0x00, 0x00,
    0x00, 0x00, 0x00, 0x00, 0x00, 0x00, 0x00, 0x00, 0x00, 0x00, 0x00, 0x00, 0x00, 0x00, 0x00, 0x00,
    0x00, 0x00, 0x00, 0x00, 0x00, 0x00, 0x00, 0x00, 0x00, 0x00, 0x00, 0x00, 0x00, 0x00, 0x00, 0x00,
    0x00, 0x00, 0x00, 0x00, 0x00, 0x00, 0x00, 0x00, 0x00, 0x00, 0x22, 0x33, 0x00, 0x00, 0x00, 0x00,
    0x00, 0x00, 0x00, 0x00, 0x00, 0x00, 0x00, 0x00, 0x00, 0x00, 0x00, 0x00, 0x00, 0x00, 0x00, 0x00,
    0x00, 0x00, 0x00, 0x00, 0x00, 0x00, 0x00, 0x00, 0x00, 0x00, 0x00, 0x63, 0xdd, 0x00, 0xff, 0xff,
    0x00, 0xff, 0xff, 0x00, 0xff, 0xff, 0x00, 0xff, 0xff, 0x00, 0xff, 0xff, 0x00, 0xff, 0xff, 0x00,
    0xff, 0xff, 0x00, 0xff, 0xf1, 0x00, 0x07, 0x00, 0x00, 0x00, 0x00, 0x00, 0x00, 0x00, 0x00, 0x00,
    0x00, 0x00, 0x00, 0x00, 0x00, 0x00, 0x00, 0x00, 0x00, 0x00, 0x00, 0x00, 0x00, 0x00, 0x00, 0x00,
    0x00, 0x00, 0x00, 0x00, 0x00, 0x00, 0x00, 0x00, 0x00, 0x00, 0x00, 0x00, 0x00, 0x00, 0x0e, 0x86,
    0x00, 0xff, 0xff, 0x00, 0xff, 0xff, 0x00, 0xff, 0xff, 0x00, 0xff, 0xff, 0x00, 0xff, 0xff, 0x00,
    0xff, 0xff, 0x00, 0xff, 0xff, 0x00, 0xff, 0xf8, 0x00, 0x14, 0x00, 0x00, 0x00, 0x00, 0x00, 0x00,
    0x00, 0x00, 0x00, 0x00, 0x00, 0x00, 0x00, 0x00, 0x00, 0x00, 0x00, 0x00, 0x00, 0x00, 0x00, 0x00,
    0x00, 0x00, 0x00, 0x00, 0x00, 0x00, 0x00, 0x00, 0x00, 0x00, 0x00, 0x00, 0x00, 0x00, 0x00, 0x00,
    0x00, 0x00, 0x00, 0x00, 0x00, 0x00, 0x00, 0x00, 0x00, 0x00, 0x00, 0x00, 0x00, 0x00, 0x00, 0x00,
    0x00, 0x00, 0x00, 0x00, 0x00, 0x00, 0x00, 0x00, 0x00, 0x00, 0x00, 0x00, 0x00, 0x00, 0x00, 0x00,
    0x00, 0x00, 0x00, 0x00, 0x00, 0x00, 0x00, 0x00, 0x00, 0x00, 0x00, 0x00, 0x00, 0x00, 0x00, 0x00,
    0x00, 0x00, 0x00, 0x00, 0x00, 0x00, 0x00, 0x00, 0x00, 0x00, 0x00, 0x00, 0x00, 0x00, 0x00, 0x00,
    0x00, 0x00, 0x00, 0x00, 0x00, 0x0c, 0x00, 0xef, 0xff, 0x00, 0xff, 0xff, 0x00, 0xff, 0xff, 0x00,
    0xff, 0xff, 0x00, 0xff, 0xff, 0x00, 0xff, 0xff, 0x00, 0xff, 0xff, 0x00, 0xff, 0xfc, 0x00, 0x1f,
    0x00, 0x00, 0x00, 0x00, 0x00, 0x00, 0x00, 0x00, 0x00, 0x00, 0x00, 0x00, 0x00, 0x00, 0x00, 0x00,
    0x00, 0x00, 0x00, 0x00, 0x00, 0x00, 0x00, 0x00, 0x00, 0x00, 0x00, 0x00, 0x00, 0x00, 0x00, 0x00,
    0x00, 0x00, 0x00, 0x00, 0x00, 0x00, 0x00, 0x00, 0x02, 0x00, 0xce, 0xfd, 0x00, 0xff, 0xff, 0x00,
    0xff, 0xff, 0x00, 0xff, 0xff, 0x00, 0xff, 0xff, 0x00, 0xff, 0xff, 0x00, 0xff, 0xff, 0x00, 0xff,
    0xfd, 0x00, 0x22, 0x00, 0x00, 0x00, 0x00, 0x00, 0x00, 0x00, 0x00, 0x00, 0x00, 0x00, 0x00, 0x00,
    0x00, 0x00, 0x00, 0x00, 0x00, 0x00, 0x00, 0x00, 0x00, 0x00, 0x00, 0x00, 0x00, 0x00, 0x00, 0x00,
    0x00, 0x00, 0x00, 0x00, 0x00, 0x00, 0x00, 0x00, 0x00, 0x00, 0x00, 0x00, 0x00, 0x00, 0x00, 0x00,
    0x00, 0x00, 0x00, 0x00, 0x00, 0x00, 0x00, 0x00, 0x00, 0x00, 0x00, 0x00, 0x00, 0x00, 0x00, 0x00,
    0x00, 0x00, 0x00, 0x00, 0x00, 0x00, 0x00, 0x00, 0x00, 0x00, 0x00, 0x00, 0x00, 0x00, 0x00, 0x00,
    0x00, 0x00, 0x00, 0x00, 0x00, 0x00, 0x00, 0x00, 0x00, 0x00, 0x00, 0x00, 0x00, 0x00, 0x00, 0x00,
    0x00, 0x00, 0x00, 0x00, 0x00, 0x00, 0x00, 0x00, 0x00, 0x00, 0x00, 0x00, 0x00, 0x00, 0x00, 0x00,
    0x64, 0xf5, 0x00, 0xff, 0xff, 0x00, 0xff, 0xff, 0x00, 0xff, 0xff, 0x00, 0xff, 0xff, 0x00, 0xff,
    0xff, 0x00, 0xff, 0xff, 0x00, 0xff, 0xff, 0x00, 0x2a, 0x00, 0x00, 0x00, 0x00, 0x00, 0x00, 0x00,
    0x00, 0x00, 0x00, 0x00, 0x00, 0x00, 0x00, 0x00, 0x00, 0x00, 0x00, 0x00, 0x00, 0x00, 0x00, 0x00,
    0x00, 0x00, 0x00, 0x00, 0x00, 0x00, 0x00, 0x00, 0x00, 0x00, 0x00, 0x00, 0x00, 0x00, 0x00, 0x00,
    0x00, 0x00, 0x00, 0x3a, 0xe7, 0x00, 0xff, 0xff, 0x00, 0xff, 0xff, 0x00, 0xff, 0xff, 0x00, 0xff,
    0xff, 0x00, 0xff, 0xff, 0x00, 0xff, 0xff, 0x00, 0xff, 0xff, 0x00, 0x4b, 0x00, 0x00, 0x00, 0x00,
    0x00, 0x00, 0x00, 0x00, 0x00, 0x00, 0x00, 0x00, 0x00, 0x00, 0x00, 0x00, 0x00, 0x00, 0x00, 0x00,
    0x00, 0x00, 0x00, 0x00, 0x00, 0x00, 0x00, 0x00, 0x00, 0x00, 0x00, 0x00, 0x00, 0x00, 0x00, 0x00,
    0x00, 0x00, 0x00, 0x00, 0x00, 0x00, 0x00, 0x00, 0x00, 0x00, 0x00, 0x00, 0x00, 0x00, 0x00, 0x00,
    0x00, 0x00, 0x00, 0x00, 0x00, 0x00, 0x00, 0x00, 0x00, 0x00, 0x00, 0x00, 0x00, 0x00, 0x00, 0x00,
    0x00, 0x00, 0x00, 0x00, 0x00, 0x00, 0x00, 0x00, 0x00, 0x00, 0x00, 0x00, 0x00, 0x00, 0x00, 0x00,
    0x00, 0x00, 0x00, 0x00, 0x00, 0x00, 0x00, 0x00, 0x00, 0x00, 0x00, 0x00, 0x00, 0x00, 0x00, 0x00,
    0x00, 0x00, 0x00, 0x00, 0x00, 0x00, 0x00, 0x00, 0x00, 0x2e, 0xcf, 0x00, 0xff, 0xff, 0x00, 0xff,
    0xff, 0x00, 0xff, 0xff, 0x00, 0xff, 0xff, 0x00, 0xff, 0xff, 0x00, 0xff, 0xff, 0x00, 0xff, 0xff,
    0x00, 0x6c, 0x00, 0x00, 0x00, 0x00, 0x00, 0x00, 0x00, 0x00, 0x00, 0x00, 0x00, 0x00, 0x00, 0x00,
    0x00, 0x00, 0x00, 0x00, 0x00, 0x00, 0x00, 0x00, 0x00, 0x00, 0x00, 0x00, 0x00, 0x00, 0x00, 0x00,
    0x00, 0x00, 0x00, 0x00, 0x00, 0x00, 0x00, 0x00, 0x00, 0x00, 0x00, 0x00, 0x2c, 0xca, 0x00, 0xff,
    0xff, 0x00, 0xff, 0xff, 0x00, 0xff, 0xff, 0x00, 0xff, 0xff, 0x00, 0xff, 0xff, 0x00, 0xff, 0xff,
    0x00, 0xff, 0xff, 0x00, 0x73, 0x00, 0x00, 0x00, 0x00, 0x00, 0x00, 0x00, 0x00, 0x00, 0x00, 0x00,
    0x00, 0x00, 0x00, 0x00, 0x00, 0x00, 0x00, 0x00, 0x00, 0x00, 0x00, 0x00, 0x00, 0x00, 0x00, 0x00,
    0x00, 0x00, 0x00, 0x00, 0x00, 0x00, 0x00, 0x00, 0x00, 0x00, 0x00, 0x00, 0x00, 0x00, 0x00, 0x00,
    0x00, 0x00, 0x00, 0x00, 0x00, 0x00, 0x00, 0x00, 0x00, 0x00, 0x00, 0x00, 0x00, 0x00, 0x00, 0x00,
    0x00, 0x00, 0x00, 0x00, 0x00, 0x00, 0x00, 0x00, 0x00, 0x00, 0x00, 0x00, 0x00, 0x00, 0x00, 0x00,
    0x00, 0x00, 0x00, 0x00, 0x00, 0x00, 0x00, 0x00, 0x00, 0x00, 0x00, 0x00, 0x00, 0x00, 0x00, 0x00,
    0x00, 0x00, 0x00, 0x00, 0x00, 0x00, 0x00, 0x00, 0x00, 0x00, 0x00, 0x00, 0x00, 0x00, 0x00, 0x00,
    0x00, 0x00, 0x2d, 0xce, 0x00, 0xff, 0xff, 0x00, 0xff, 0xff, 0x00, 0xff, 0xff, 0x00, 0xff, 0xff,
    0x00, 0xff, 0xff, 0x00, 0xff, 0xff, 0x00, 0xff, 0xff, 0x00, 0x61, 0x00, 0x00, 0x00, 0x00, 0x00,
    0x00, 0x00, 0x00, 0x00, 0x00, 0x00, 0x00, 0x00, 0x00, 0x00, 0x00, 0x00, 0x00, 0x00, 0x00, 0x00,
    0x00, 0x00, 0x00, 0x00, 0x00, 0x00, 0x00, 0x00, 0x00, 0x00, 0x00, 0x00, 0x00, 0x00, 0x00, 0x00,
    0x00, 0x00, 0x00, 0x00, 0x00, 0x2f, 0xd4, 0x00, 0xff, 0xff, 0x00, 0xff, 0xff, 0x00, 0xff, 0xff,
    0x00, 0xff, 0xff, 0x00, 0xff, 0xff, 0x00, 0xff, 0xff, 0x00, 0xff, 0xff, 0x00, 0x51, 0x00, 0x00,
    0x00, 0x00, 0x00, 0x00, 0x00, 0x00, 0x00, 0x00, 0x00, 0x00, 0x00, 0x00, 0x00, 0x00, 0x00, 0x00,
    0x00, 0x00, 0x00, 0x00, 0x00, 0x00, 0x00, 0x00, 0x00, 0x00, 0x00, 0x00, 0x00, 0x00, 0x00, 0x00,
    0x00, 0x00, 0x00, 0x00, 0x00, 0x00, 0x00, 0x00, 0x00, 0x00, 0x00, 0x00, 0x00, 0x00, 0x00, 0x00,
    0x00, 0x00, 0x00, 0x00, 0x00, 0x00, 0x00, 0x00, 0x00, 0x00, 0x00, 0x00, 0x00, 0x00, 0x00, 0x00,
    0x00, 0x00, 0x00, 0x00, 0x00, 0x00, 0x00, 0x00, 0x00, 0x00, 0x00, 0x00, 0x00, 0x00, 0x00, 0x00,
    0x4e, 0x76, 0x00, 0xce, 0xea, 0x00, 0x3c, 0x00, 0x00, 0x00, 0x00, 0x00, 0x00, 0x00, 0x00, 0x00,
    0x00, 0x00, 0x00, 0x00, 0x00, 0x00, 0x00, 0x00, 0x00, 0x00, 0x00, 0x36, 0xe8, 0x00, 0xff, 0xff,
    0x00, 0xff, 0xff, 0x00, 0xff, 0xff, 0x00, 0xff, 0xff, 0x00, 0xff, 0xff, 0x00, 0xff, 0xff, 0x00,
    0xff, 0xff, 0x00, 0x26, 0x00, 0x00, 0x00, 0x00, 0x00, 0x00, 0x00, 0x00, 0x00, 0x02, 0x04, 0x00,
    0x55, 0x81, 0x00, 0xd3, 0xec, 0x00, 0xff, 0xff, 0x00, 0x53, 0x01, 0x00, 0x00, 0x00, 0x00, 0x00,
    0x00, 0x00, 0x00, 0x00, 0x00, 0x00, 0x00, 0x00, 0x00, 0x00, 0x00, 0x00, 0x00, 0x00, 0x61, 0xf5,
    0x00, 0xff, 0xff, 0x00, 0xff, 0xff, 0x00, 0xff, 0xff, 0x00, 0xff, 0xff, 0x00, 0xff, 0xff, 0x00,
    0xff, 0xff, 0x00, 0xff, 0xfe, 0x00, 0x24, 0x00, 0x00, 0x00, 0x00, 0x00, 0x00, 0x00, 0x00, 0x00,
    0x00, 0x00, 0x00, 0x00, 0x00, 0x00, 0x00, 0x00, 0x00, 0x00, 0x00, 0x00, 0x00, 0x00, 0x00, 0x00,
    0x00, 0x00, 0x00, 0x00, 0x00, 0x00, 0x00, 0x00, 0x00, 0x00, 0x00, 0x00, 0x00, 0x00, 0x00, 0x00,
    0x00, 0x00, 0x00, 0x00, 0x00, 0x00, 0x00, 0x00, 0x00, 0x00, 0x00, 0x00, 0x00, 0x00, 0x00, 0x00,
    0x00, 0x00, 0x00, 0x00, 0x00, 0x00, 0x00, 0x00, 0x00, 0x00, 0x00, 0x00, 0x00, 0x06, 0x0a, 0x00,
    0x61, 0x96, 0x00, 0xdf, 0xf1, 0x00, 0xff, 0xff, 0x00, 0xff, 0xff, 0x00, 0xff, 0xff, 0x00, 0xc8,
    0x3a, 0x00, 0x00, 0x00, 0x00, 0x00, 0x00, 0x00, 0x00, 0x00, 0x00, 0x00, 0x00, 0x00, 0x00, 0x00,
    0x00, 0x00, 0x00, 0x00, 0xc5, 0xfd, 0x00, 0xff, 0xff, 0x00, 0xff, 0xff, 0x00, 0xff, 0xff, 0x00,
    0xff, 0xff, 0x00, 0xff, 0xff, 0x00, 0xff, 0xff, 0x00, 0xff, 0xfc, 0x00, 0x1f, 0x09, 0x0f, 0x00,
    0x67, 0x9f, 0x00, 0xe4, 0xf3, 0x00, 0xff, 0xff, 0x00, 0xff, 0xff, 0x00, 0xff, 0xff, 0x00, 0xff,
    0xff, 0x00, 0xf0, 0x6b, 0x00, 0x00, 0x00, 0x00, 0x00, 0x00, 0x00, 0x00, 0x00, 0x00, 0x00, 0x00,
    0x00, 0x00, 0x00, 0x00, 0x00, 0x05, 0x00, 0xe7, 0xfe, 0x00, 0xff, 0xff, 0x00, 0xff, 0xff, 0x00,
    0xff, 0xff, 0x00, 0xff, 0xff, 0x00, 0xff, 0xff, 0x00, 0xff, 0xff, 0x00, 0xff, 0xfb, 0x00, 0x1b,
    0x00, 0x00, 0x00, 0x00, 0x00, 0x00, 0x00, 0x00, 0x00, 0x00, 0x00, 0x00, 0x00, 0x00, 0x00, 0x00,
    0x00, 0x00, 0x00, 0x00, 0x00, 0x00, 0x00, 0x00, 0x00, 0x00, 0x00, 0x00, 0x00, 0x00, 0x00, 0x00,
    0x00, 0x00, 0x00, 0x00, 0x00, 0x00, 0x00, 0x00, 0x00, 0x00, 0x00, 0x00, 0x00, 0x00, 0x00, 0x00,
    0x00, 0x00, 0x00, 0x00, 0x00, 0x00, 0x00, 0x00, 0x00, 0x00, 0x00, 0x00, 0x00, 0x00, 0x00, 0x00,
    0x00, 0x00, 0x00, 0xbc, 0xf5, 0x00, 0xff, 0xff, 0x00, 0xff, 0xff, 0x00, 0xff, 0xff, 0x00, 0xff,
    0xff, 0x00, 0xff, 0xff, 0x00, 0xff, 0xff, 0x00, 0xff, 0xf1, 0x00, 0x13, 0x00, 0x00, 0x00, 0x00,
    0x00, 0x00, 0x00, 0x00, 0x00, 0x00, 0x00, 0x00, 0x00, 0x00, 0x02, 0x32, 0x00, 0xfd, 0xff, 0x00,
    0xff, 0xff, 0x00, 0xff, 0xff, 0x00, 0xff, 0xff, 0x00, 0xff, 0xff, 0x00, 0xff, 0xff, 0x00, 0xff,
    0xff, 0x00, 0xff, 0xf0, 0x00, 0x07, 0xac, 0xf9, 0x00, 0xff, 0xff, 0x00, 0xff, 0xff, 0x00, 0xff,
    0xff, 0x00, 0xff, 0xff, 0x00, 0xff, 0xff, 0x00, 0xff, 0xff, 0x00, 0xff, 0xfe, 0x00, 0x44, 0x05,
    0x00, 0x00, 0x00, 0x00, 0x00, 0x00, 0x00, 0x00, 0x00, 0x00, 0x00, 0x00, 0x00, 0x1a, 0x99, 0x00,
    0xff, 0xff, 0x00, 0xff, 0xff, 0x00, 0xff, 0xff, 0x00, 0xff, 0xff, 0x00, 0xff, 0xff, 0x00, 0xff,
    0xff, 0x00, 0xff, 0xff, 0x00, 0xfe, 0xde, 0x00, 0x01, 0x00, 0x00, 0x00, 0x00, 0x00, 0x00, 0x00,
    0x00, 0x00, 0x00, 0x00, 0x00, 0x00, 0x00, 0x00, 0x00, 0x00, 0x00, 0x00, 0x00, 0x00, 0x00, 0x00,
    0x00, 0x00, 0x00, 0x00, 0x00, 0x00, 0x00, 0x00, 0x00, 0x00, 0x00, 0x00, 0x00, 0x00, 0x00, 0x00,
    0x00, 0x00, 0x00, 0x00, 0x00, 0x00, 0x00, 0x00, 0x00, 0x00, 0x00, 0x00, 0x00, 0x00, 0x00, 0x00,
    0x00, 0x00, 0x00, 0x00, 0x00, 0x00, 0x00, 0x00, 0x00, 0x00, 0x00, 0x00, 0x42, 0xe4, 0x00, 0xff,
    0xff, 0x00, 0xff, 0xff, 0x00, 0xff, 0xff, 0x00, 0xff, 0xff, 0x00, 0xff, 0xff, 0x00, 0xff, 0xff,
    0x00, 0xff, 0xff, 0x00, 0xf6, 0xac, 0x00, 0x05, 0x00, 0x00, 0x00, 0x00, 0x00, 0x00, 0x00, 0x00,
    0x01, 0x13, 0x00, 0xce, 0xfb, 0x00, 0xff, 0xff, 0x00, 0xff, 0xff, 0x00, 0xff, 0xff, 0x00, 0xff,
    0xff, 0x00, 0xff, 0xff, 0x00, 0xff, 0xff, 0x00, 0xff, 0xff, 0x00, 0xf9, 0x90, 0x00, 0x00, 0x1f,
    0xc2, 0x00, 0xff, 0xff, 0x00, 0xff, 0xff, 0x00, 0xff, 0xff, 0x00, 0xff, 0xff, 0x00, 0xff, 0xff,
    0x00, 0xff, 0xff, 0x00, 0xff, 0xff, 0x00, 0xff, 0xf5, 0x00, 0x52, 0x22, 0x00, 0x00, 0x00, 0x00,
    0x00, 0x00, 0x00, 0x2e, 0x74, 0x00, 0xfa, 0xff, 0x00, 0xff, 0xff, 0x00, 0xff, 0xff, 0x00, 0xff,
    0xff, 0x00, 0xff, 0xff, 0x00, 0xff, 0xff, 0x00, 0xff, 0xff, 0x00, 0xff, 0xff, 0x00, 0xea, 0x4d,
    0x00, 0x00, 0x00, 0x00, 0x00, 0x00, 0x00, 0x00, 0x00, 0x00, 0x00, 0x00, 0x00, 0x00, 0x00, 0x00,
    0x00, 0x00, 0x00, 0x00, 0x00, 0x00, 0x00, 0x00, 0x00, 0x00, 0x00, 0x00, 0x00, 0x00, 0x00, 0x00,
    0x00, 0x00, 0x00, 0x00, 0x00, 0x00, 0x00, 0x00, 0x00, 0x00, 0x00, 0x00, 0x00, 0x00, 0x00, 0x00,
    0x00, 0x00, 0x00, 0x00, 0x00, 0x00, 0x00, 0x00, 0x00, 0x00, 0x00, 0x00, 0x00, 0x00, 0x00, 0x00,
    0x00, 0x00, 0x00, 0x00, 0x00, 0x06, 0x47, 0x00, 0xfe, 0xff, 0x00, 0xff, 0xff, 0x00, 0xff, 0xff,
    0x00, 0xff, 0xff, 0x00, 0xff, 0xff, 0x00, 0xff, 0xff, 0x00, 0xff, 0xff, 0x00, 0xff, 0xff, 0x00,
    0xff, 0xfd, 0x00, 0xde, 0xd3, 0x00, 0xd3, 0xe1, 0x00, 0xfe, 0xff, 0x00, 0xff, 0xff, 0x00, 0xff,
    0xff, 0x00, 0xff, 0xff, 0x00, 0xff, 0xff, 0x00, 0xff, 0xff, 0x00, 0xff, 0xff, 0x00, 0xff, 0xff,
    0x00, 0xff, 0xff, 0x00, 0x8b, 0x17, 0x00, 0x00, 0x00, 0x20, 0x00, 0xfc, 0xff, 0x00, 0xff, 0xff,
    0x00, 0xff, 0xff, 0x00, 0xff, 0xff, 0x00, 0xff, 0xff, 0x00, 0xff, 0xff, 0x00, 0xff, 0xff, 0x00,
    0xff, 0xff, 0x00, 0xff, 0xff, 0x00, 0xff, 0xff, 0x00, 0xff, 0xff, 0x00, 0xff, 0xff, 0x00, 0xff,
    0xff, 0x00, 0xff, 0xff, 0x00, 0xff, 0xff, 0x00, 0xff, 0xff, 0x00, 0xff, 0xff, 0x00, 0xff, 0xff,
    0x00, 0xff, 0xff, 0x00, 0xff, 0xff, 0x00, 0x49, 0x04, 0x00, 0x00, 0x00, 0x00, 0x00, 0x00, 0x00,
    0x00, 0x00, 0x00, 0x00, 0x00, 0x00, 0x00, 0x00, 0x00, 0x00, 0x00, 0x00, 0x00, 0x00, 0x00, 0x00,
    0x00, 0x00, 0x00, 0x00, 0x00, 0x00, 0x00, 0x00, 0x00, 0x00, 0x00, 0x00, 0x00, 0x00, 0x00, 0x00,
    0x00, 0x00, 0x00, 0x00, 0x00, 0x00, 0x00, 0x00, 0x00, 0x00, 0x00, 0x00, 0x00, 0x00, 0x00, 0x00,
    0x00, 0x00, 0x00, 0x00, 0x00, 0x00, 0x00, 0x00, 0x00, 0x00, 0x00, 0x00, 0x00, 0x00, 0x00, 0x00,
    0x00, 0xc4, 0xfd, 0x00, 0xff, 0xff, 0x00, 0xff, 0xff, 0x00, 0xff, 0xff, 0x00, 0xff, 0xff, 0x00,
    0xff, 0xff, 0x00, 0xff, 0xff, 0x00, 0xff, 0xff, 0x00, 0xff, 0xff, 0x00, 0xff, 0xff, 0x00, 0xff,
    0xff, 0x00, 0xff, 0xff, 0x00, 0xff, 0xff, 0x00, 0xff, 0xff, 0x00, 0xff, 0xff, 0x00, 0xff, 0xff,
    0x00, 0xff, 0xff, 0x00, 0xff, 0xff, 0x00, 0xff, 0xff, 0x00, 0xff, 0xe6, 0x00, 0x08, 0x00, 0x00,
    0x00, 0x00, 0x00, 0x00, 0x6d, 0xf0, 0x00, 0xff, 0xff, 0x00, 0xff, 0xff, 0x00, 0xff, 0xff, 0x00,
    0xff, 0xff, 0x00, 0xff, 0xff, 0x00, 0xff, 0xff, 0x00, 0xff, 0xff, 0x00, 0xff, 0xff, 0x00, 0xff,
    0xff, 0x00, 0xff, 0xff, 0x00, 0xff, 0xff, 0x00, 0xff, 0xff, 0x00, 0xff, 0xff, 0x00, 0xff, 0xff,
    0x00, 0xff, 0xff, 0x00, 0xff, 0xff, 0x00, 0xff, 0xff, 0x00, 0xff, 0xff, 0x00, 0xfb, 0xa5, 0x00,
    0x00, 0x00, 0x00, 0x00, 0x00, 0x00, 0x00, 0x00, 0x00, 0x00, 0x00, 0x00, 0x00, 0x00, 0x00, 0x00,
    0x00, 0x00, 0x00, 0x00, 0x00, 0x00, 0x00, 0x00, 0x00, 0x00, 0x00, 0x00, 0x00, 0x00, 0x00, 0x00,
    0x00, 0x00, 0x00, 0x00, 0x00, 0x00, 0x00, 0x00, 0x00, 0x00, 0x00, 0x00, 0x00, 0x00, 0x00, 0x00,
    0x00, 0x00, 0x00, 0x00, 0x00, 0x00, 0x00, 0x00, 0x00, 0x00, 0x00, 0x00, 0x00, 0x00, 0x00, 0x00,
    0x00, 0x00, 0x00, 0x00, 0x00, 0x00, 0x00, 0x00, 0x00, 0x00, 0x08, 0x5b, 0x00, 0xff, 0xff, 0x00,
    0xff, 0xff, 0x00, 0xff, 0xff, 0x00, 0xff, 0xff, 0x00, 0xff, 0xff, 0x00, 0xff, 0xff, 0x00, 0xff,
    0xff, 0x00, 0xff, 0xff, 0x00, 0xff, 0xff, 0x00, 0xff, 0xff, 0x00, 0xff, 0xff, 0x00, 0xff, 0xff,
    0x00, 0xff, 0xff, 0x00, 0xff, 0xff, 0x00, 0xff, 0xff, 0x00, 0xff, 0xff, 0x00, 0xff, 0xff, 0x00,
    0xff, 0xff, 0x00, 0x95, 0x1e, 0x00, 0x00, 0x00, 0x00, 0x00, 0x00, 0x00, 0x00, 0x00, 0x22, 0x00,
    0xf7, 0xff, 0x00, 0xff, 0xff, 0x00, 0xff, 0xff, 0x00, 0xff, 0xff, 0x00, 0xff, 0xff, 0x00, 0xff,
    0xff, 0x00, 0xff, 0xff, 0x00, 0xff, 0xff, 0x00, 0xff, 0xff, 0x00, 0xff, 0xff, 0x00, 0xff, 0xff,
    0x00, 0xff, 0xff, 0x00, 0xff, 0xff, 0x00, 0xff, 0xff, 0x00, 0xff, 0xff, 0x00, 0xff, 0xff, 0x00,
    0xff, 0xff, 0x00, 0xff, 0xfc, 0x00, 0x42, 0x03, 0x00, 0x00, 0x00, 0x00, 0x00, 0x00, 0x00, 0x00,
    0x00, 0x00, 0x00, 0x00, 0x00, 0x00, 0x00, 0x00, 0x00, 0x00, 0x00, 0x00, 0x00, 0x00, 0x00, 0x00,
    0x00, 0x00, 0x00, 0x00, 0x00, 0x00, 0x00, 0x00, 0x00, 0x00, 0x00, 0x00, 0x00, 0x00, 0x00, 0x00,
    0x00, 0x00, 0x00, 0x00, 0x00, 0x00, 0x00, 0x00, 0x00, 0x00, 0x00, 0x00, 0x00, 0x00, 0x00, 0x00,
    0x00, 0x00, 0x00, 0x00, 0x00, 0x00, 0x00, 0x00, 0x00, 0x00, 0x00, 0x00, 0x00, 0x00, 0x00, 0x00,
    0x00, 0x00, 0x00, 0x00, 0x00, 0x00, 0x59, 0xd7, 0x00, 0xff, 0xff, 0x00, 0xff, 0xff, 0x00, 0xff,
    0xff, 0x00, 0xff, 0xff, 0x00, 0xff, 0xff, 0x00, 0xff, 0xff, 0x00, 0xff, 0xff, 0x00, 0xff, 0xff,
    0x00, 0xff, 0xff, 0x00, 0xff, 0xff, 0x00, 0xff, 0xff, 0x00, 0xff, 0xff, 0x00, 0xff, 0xff, 0x00,
    0xff, 0xff, 0x00, 0xff, 0xff, 0x00, 0xff, 0xff, 0x00, 0xea, 0x8c, 0x00, 0x00, 0x00, 0x00, 0x00,
    0x00, 0x00, 0x00, 0x00, 0x00, 0x00, 0x00, 0x00, 0x00, 0x12, 0x7a, 0x00, 0xfd, 0xff, 0x00, 0xff,
    0xff, 0x00, 0xff, 0xff, 0x00, 0xff, 0xff, 0x00, 0xff, 0xff, 0x00, 0xff, 0xff, 0x00, 0xff, 0xff,
    0x00, 0xff, 0xff, 0x00, 0xff, 0xff, 0x00, 0xff, 0xff, 0x00, 0xff, 0xff, 0x00, 0xff, 0xff, 0x00,
    0xff, 0xff, 0x00, 0xff, 0xff, 0x00, 0xff, 0xff, 0x00, 0xff, 0xff, 0x00, 0xa1, 0x2a, 0x00, 0x00,
    0x00, 0x00, 0x00, 0x00, 0x00, 0x00, 0x00, 0x00, 0x00, 0x00, 0x00, 0x00, 0x00, 0x00, 0x00, 0x00,
    0x00, 0x00, 0x00, 0x00, 0x00, 0x00, 0x00, 0x00, 0x00, 0x00, 0x00, 0x00, 0x00, 0x00, 0x00, 0x00,
    0x00, 0x00, 0x00, 0x00, 0x00, 0x00, 0x00, 0x00, 0x00, 0x00, 0x00, 0x00, 0x00, 0x00, 0x00, 0x00,
    0x00, 0x00, 0x00, 0x00, 0x00, 0x00, 0x00, 0x00, 0x00, 0x00, 0x00, 0x00, 0x00, 0x00, 0x00, 0x00,
    0x00, 0x00, 0x00, 0x00, 0x00, 0x00, 0x00, 0x00, 0x00, 0x00, 0x00, 0x00, 0x00, 0x00, 0x00, 0x00,
    0x00, 0x00, 0x87, 0xe0, 0x00, 0xff, 0xff, 0x00, 0xff, 0xff, 0x00, 0xff, 0xff, 0x00, 0xff, 0xff,
    0x00, 0xff, 0xff, 0x00, 0xff, 0xff, 0x00, 0xff, 0xff, 0x00, 0xff, 0xff, 0x00, 0xff, 0xff, 0x00,
    0xff, 0xff, 0x00, 0xff, 0xff, 0x00, 0xff, 0xff, 0x00, 0xff, 0xff, 0x00, 0xff, 0xff, 0x00, 0xf1,
    0xad, 0x00, 0x03, 0x00, 0x00, 0x00, 0x00, 0x00, 0x00, 0x00, 0x00, 0x00, 0x00, 0x00, 0x00, 0x00,
    0x00, 0x00, 0x00, 0x00, 0x00, 0x1d, 0x72, 0x00, 0xfb, 0xff, 0x00, 0xff, 0xff, 0x00, 0xff, 0xff,
    0x00, 0xff, 0xff, 0x00, 0xff, 0xff, 0x00, 0xff, 0xff, 0x00, 0xff, 0xff, 0x00, 0xff, 0xff, 0x00,
    0xff, 0xff, 0x00, 0xff, 0xff, 0x00, 0xff, 0xff, 0x00, 0xff, 0xff, 0x00, 0xff, 0xff, 0x00, 0xff,
    0xfe, 0x00, 0xa3, 0x37, 0x00, 0x00, 0x00, 0x00, 0x00, 0x00, 0x00, 0x00, 0x00, 0x00, 0x00, 0x00,
    0x00, 0x00, 0x00, 0x00, 0x00, 0x00, 0x00, 0x00, 0x00, 0x00, 0x00, 0x00, 0x00, 0x00, 0x00, 0x00,
    0x00, 0x00, 0x00, 0x00, 0x00, 0x00, 0x00, 0x00, 0x00, 0x00, 0x00, 0x00, 0x00, 0x00, 0x00, 0x00,
    0x00, 0x00, 0x00, 0x00, 0x00, 0x00, 0x00, 0x00, 0x00, 0x00, 0x00, 0x00, 0x00, 0x00, 0x00, 0x00,
    0x00, 0x00, 0x00, 0x00, 0x00, 0x00, 0x00, 0x00, 0x00, 0x00, 0x00, 0x00, 0x00, 0x00, 0x00, 0x00,
    0x00, 0x00, 0x00, 0x00, 0x00, 0x00, 0x00, 0x00, 0x00, 0x00, 0x00, 0x00, 0x00, 0x00, 0x3b, 0x93,
    0x00, 0xfd, 0xff, 0x00, 0xff, 0xff, 0x00, 0xff, 0xff, 0x00, 0xff, 0xff, 0x00, 0xff, 0xff, 0x00,
    0xff, 0xff, 0x00, 0xff, 0xff, 0x00, 0xff, 0xff, 0x00, 0xff, 0xff, 0x00, 0xff, 0xff, 0x00, 0xff,
    0xff, 0x00, 0xff, 0xff, 0x00, 0xc4, 0x5d, 0x00, 0x02, 0x00, 0x00, 0x00, 0x00, 0x00, 0x00, 0x00,
    0x00, 0x00, 0x00, 0x00, 0x00, 0x00, 0x00, 0x00, 0x00, 0x00, 0x00, 0x00, 0x00, 0x00, 0x00, 0x00,
    0x00, 0x03, 0x1f, 0x00, 0xb3, 0xed, 0x00, 0xff, 0xff, 0x00, 0xff, 0xff, 0x00, 0xff, 0xff, 0x00,
    0xff, 0xff, 0x00, 0xff, 0xff, 0x00, 0xff, 0xff, 0x00, 0xff, 0xff, 0x00, 0xff, 0xff, 0x00, 0xff,
    0xff, 0x00, 0xff, 0xff, 0x00, 0xfb, 0xda, 0x00, 0x3d, 0x09, 0x00, 0x00, 0x00, 0x00, 0x00, 0x00,
    0x00, 0x00, 0x00, 0x00, 0x00, 0x00, 0x00, 0x00, 0x00, 0x00, 0x00, 0x00, 0x00, 0x00, 0x00, 0x00,
    0x00, 0x00, 0x00, 0x00, 0x00, 0x00, 0x00, 0x00, 0x00, 0x00, 0x00, 0x00, 0x00, 0x00, 0x00, 0x00,
    0x00, 0x00, 0x00, 0x00, 0x00, 0x00, 0x00, 0x00, 0x00, 0x00, 0x00, 0x00, 0x00, 0x00, 0x00, 0x00,
    0x00, 0x00, 0x00, 0x00, 0x00, 0x00, 0x00, 0x00, 0x00, 0x00, 0x00, 0x00, 0x00, 0x00, 0x00, 0x00,
    0x00, 0x00, 0x00, 0x00, 0x00, 0x00, 0x00, 0x00, 0x00, 0x00, 0x00, 0x00, 0x00, 0x00, 0x00, 0x00,
    0x00, 0x00, 0x00, 0x00, 0x00, 0x00, 0x00, 0x00, 0x00, 0x00, 0x00, 0x0a, 0x00, 0x5b, 0xad, 0x00,
    0xf4, 0xfb, 0x00, 0xff, 0xff, 0x00, 0xff, 0xff, 0x00, 0xff, 0xff, 0x00, 0xff, 0xff, 0x00, 0xff,
    0xff, 0x00, 0xff, 0xff, 0x00, 0xfd, 0xf9, 0x00, 0xcd, 0x8d, 0x00, 0x1e, 0x07, 0x00, 0x00, 0x00,
    0x00, 0x00, 0x00, 0x00, 0x00, 0x00, 0x00, 0x00, 0x00, 0x00, 0x00, 0x00, 0x00, 0x00, 0x00, 0x00,
    0x00, 0x00, 0x00, 0x00, 0x00, 0x00, 0x00, 0x00, 0x00, 0x00, 0x00, 0x00, 0x00, 0x00, 0x00, 0x00,
    0x09, 0x1e, 0x00, 0x7a, 0xb4, 0x00, 0xed, 0xf5, 0x00, 0xfb, 0xfc, 0x00, 0xfe, 0xff, 0x00, 0xff,
    0xfe, 0x00, 0xfd, 0xfc, 0x00, 0xf8, 0xf2, 0x00, 0xca, 0x9e, 0x00, 0x27, 0x16, 0x00, 0x00, 0x00,
    0x00, 0x00, 0x00, 0x00, 0x00, 0x00, 0x00, 0x00, 0x00, 0x00, 0x00, 0x00, 0x00, 0x00, 0x00, 0x00,
    0x00, 0x00, 0x00, 0x00, 0x00, 0x00, 0x00, 0x00, 0x00, 0x00, 0x00, 0x00, 0x00, 0x00, 0x00, 0x00,
    0x00, 0x00, 0x00, 0x00, 0x00, 0x00, 0x00, 0x00, 0x00, 0x00, 0x00, 0x00, 0x00, 0x00, 0x00, 0x00,
    0x00, 0x00, 0x00, 0x00, 0x00, 0x00, 0x00, 0x00, 0x00, 0x00, 0x00, 0x00, 0x00, 0x00, 0x00, 0x00,
    0x00, 0x00, 0x00, 0x00, 0x00, 0x00, 0x00, 0x00, 0x00, 0x00, 0x00, 0x00, 0x00, 0x00, 0x00, 0x00,
    0x00, 0x00, 0x00, 0x00,
};
static const lv_image_dsc_t melt_img_44 = {
    .header.magic = LV_IMAGE_HEADER_MAGIC,
    .header.cf = LV_COLOR_FORMAT_A8,
    .header.flags = 0,
    .header.w = 67,
    .header.h = 108,
    .header.stride = 67,
    .data_size = sizeof melt_img_44_px,
    .data = melt_img_44_px,
};

static const uint8_t melt_img_45_px[] __attribute__((aligned(4))) = {
    0x00, 0x00, 0x00, 0x00, 0x00, 0x00, 0x00, 0x00, 0x00, 0x00, 0x00, 0x00, 0x00, 0x00, 0x00, 0x00,
    0x00, 0x00, 0x00, 0x00, 0x00, 0x00, 0x00, 0x00, 0x00, 0x00, 0x00, 0x00, 0x07, 0x00, 0x3f, 0x41,
    0x00, 0x41, 0x41, 0x00, 0x41, 0x41, 0x00, 0x41, 0x41, 0x00, 0x41, 0x41, 0x00, 0x41, 0x41, 0x00,
    0x41, 0x41, 0x00, 0x41, 0x41, 0x00, 0x41, 0x3f, 0x00, 0x05, 0x00, 0x00, 0x00, 0x00, 0x00, 0x00,
    0x00, 0x00, 0x00, 0x00, 0x00, 0x00, 0x00, 0x00, 0x00, 0x00, 0x00, 0x00, 0x00, 0x00, 0x00, 0x00,
    0x00, 0x00, 0x00, 0x00, 0x00, 0x00, 0x00, 0x00, 0x00, 0x00, 0x00, 0x00, 0x00, 0x00, 0x00, 0x00,
    0x00, 0x00, 0x34, 0x00, 0xee, 0xef, 0x00, 0xef, 0xef, 0x00, 0xef, 0xef, 0x00, 0xef, 0xef, 0x00,
    0xef, 0xef, 0x00, 0xef, 0xef, 0x00, 0xef, 0xef, 0x00, 0xef, 0xef, 0x00, 0xef, 0xe0, 0x00, 0x0e,
    0x00, 0x00, 0x00, 0x00, 0x00, 0x00, 0x00, 0x00, 0x00, 0x00, 0x00, 0x00, 0x00, 0x00, 0x00, 0x00,
    0x00, 0x00, 0x00, 0x00, 0x00, 0x00, 0x00, 0x00, 0x00, 0x00, 0x00, 0x00, 0x00, 0x00, 0x00, 0x00,
    0x00, 0x00, 0x00, 0x00, 0x00, 0x00, 0x00, 0x00, 0x00, 0x00, 0x00, 0x00, 0x00, 0x00, 0x00, 0x00,
    0x00, 0x00, 0x00, 0x00, 0x00, 0x00, 0x00, 0x00, 0x00, 0x00, 0x00, 0x00, 0x00, 0x00, 0x00, 0x00,
    0x00, 0x00, 0x00, 0x00, 0x00, 0x00, 0x00, 0x00, 0x00, 0x00, 0x00, 0x00, 0x00, 0x00, 0x00, 0x00,
    0x00, 0x00, 0x00, 0x00, 0x00, 0x00, 0x00, 0x00, 0x00, 0x00, 0x00, 0x00, 0x00, 0x00, 0x00, 0x00,
    0x00, 0x00, 0x00, 0x00, 0x00, 0x00, 0x00, 0x00, 0x00, 0x00, 0x00, 0x00, 0x00, 0x37, 0xc3, 0x00,
    0xff, 0xff, 0x00, 0xff, 0xff, 0x00, 0xff, 0xff, 0x00, 0xff, 0xff, 0x00, 0xff, 0xff, 0x00, 0xff,
    0xff, 0x00, 0xff, 0xff, 0x00, 0xff, 0xff, 0x00, 0xe9, 0x67, 0x00, 0x00, 0x00, 0x00, 0x00, 0x00,
    0x00, 0x00, 0x00, 0x00, 0x00, 0x00, 0x00, 0x00, 0x00, 0x00, 0x00, 0x00, 0x00, 0x00, 0x00, 0x00,
    0x00, 0x00, 0x00, 0x00, 0x00, 0x00, 0x00, 0x00, 0x00, 0x00, 0x00, 0x00, 0x00, 0x00, 0x00, 0x00,
    0x00, 0x00, 0x00, 0x75, 0xf2, 0x00, 0xff, 0xff, 0x00, 0xff, 0xff, 0x00, 0xff, 0xff, 0x00, 0xff,
    0xff, 0x00, 0xff, 0xff, 0x00, 0xff, 0xff, 0x00, 0xff, 0xff, 0x00, 0xff, 0xff, 0x00, 0xa7, 0x25,
    0x00, 0x00, 0x00, 0x00, 0x00, 0x00, 0x00, 0x00, 0x00, 0x00, 0x00, 0x00, 0x00, 0x00, 0x00, 0x00,
    0x00, 0x00, 0x00, 0x00, 0x00, 0x00, 0x00, 0x00, 0x00, 0x00, 0x00, 0x00, 0x00, 0x00, 0x00, 0x00,
    0x00, 0x00, 0x00, 0x00, 0x00, 0x00, 0x00, 0x00, 0x00, 0x00, 0x00, 0x00, 0x00, 0x00, 0x00, 0x00,
    0x00, 0x00, 0x00, 0x00, 0x00, 0x00, 0x00, 0x00, 0x00, 0x00, 0x00, 0x00, 0x00, 0x00, 0x00, 0x00,
    0x00, 0x00, 0x00, 0x00, 0x00, 0x00, 0x00, 0x00, 0x00, 0x00, 0x00, 0x00, 0x00, 0x00, 0x00, 0x00,
    0x00, 0x00, 0x00, 0x00, 0x00, 0x00, 0x00, 0x00, 0x00, 0x00, 0x00, 0x00, 0x00, 0x00, 0x00, 0x00,
    0x00, 0x00, 0x00, 0x00, 0x00, 0x00, 0x00, 0x00, 0x00, 0x00, 0x00, 0x00, 0x00, 0x13, 0x00, 0xf5,
    0xff, 0x00, 0xff, 0xff, 0x00, 0xff, 0xff, 0x00, 0xff, 0xff, 0x00, 0xff, 0xff, 0x00, 0xff, 0xff,
    0x00, 0xff, 0xff, 0x00, 0xff, 0xff, 0x00, 0xff, 0xf7, 0x00, 0x19, 0x00, 0x00, 0x00, 0x00, 0x00,
    0x00, 0x00, 0x00, 0x00, 0x00, 0x00, 0x00, 0x00, 0x00, 0x00, 0x00, 0x00, 0x00, 0x00, 0x00, 0x00,
    0x00, 0x00, 0x00, 0x00, 0x00, 0x00, 0x00, 0x00, 0x00, 0x00, 0x00, 0x00, 0x00, 0x00, 0x00, 0x00,
    0x00, 0x00, 0x03, 0x3b, 0x00, 0xfe, 0xff, 0x00, 0xff, 0xff, 0x00, 0xff, 0xff, 0x00, 0xff, 0xff,
    0x00, 0xff, 0xff, 0x00, 0xff, 0xff, 0x00, 0xff, 0xff, 0x00, 0xff, 0xff, 0x00, 0xff, 0xd0, 0x00,
    0x00, 0x00, 0x00, 0x00, 0x00, 0x00, 0x00, 0x00, 0x00, 0x00, 0x00, 0x00, 0x00, 0x00, 0x00, 0x00,
    0x00, 0x00, 0x00, 0x00, 0x00, 0x00, 0x00, 0x00, 0x00, 0x00, 0x00, 0x00, 0x00, 0x00, 0x00, 0x00,
    0x00, 0x00, 0x00, 0x00, 0x00, 0x00, 0x00, 0x00, 0x00, 0x00, 0x00, 0x00, 0x00, 0x00, 0x00, 0x00,
    0x00, 0x00, 0x00, 0x00, 0x00, 0x00, 0x00, 0x00, 0x00, 0x00, 0x00, 0x00, 0x00, 0x00, 0x00, 0x00,
    0x00, 0x00, 0x00, 0x00, 0x00, 0x00, 0x00, 0x00, 0x00, 0x00, 0x00, 0x00, 0x00, 0x00, 0x00, 0x00,
    0x00, 0x00, 0x00, 0x00, 0x00, 0x00, 0x00, 0x00, 0x00, 0x00, 0x00, 0x00, 0x00, 0x00, 0x00, 0x00,
    0x00, 0x00, 0x00, 0x00, 0x00, 0x00, 0x00, 0x00, 0x00, 0x00, 0x00, 0x00, 0x00, 0x00, 0x42, 0xda,
    0x00, 0xff, 0xff, 0x00, 0xff, 0xff, 0x00, 0xff, 0xff, 0x00, 0xff, 0xff, 0x00, 0xff, 0xff, 0x00,
    0xff, 0xff, 0x00, 0xff, 0xff, 0x00, 0xff, 0xff, 0x00, 0xc2, 0x3b, 0x00, 0x00, 0x00, 0x00, 0x00,
    0x00, 0x00, 0x00, 0x00, 0x00, 0x00, 0x00, 0x00, 0x00, 0x00, 0x00, 0x00, 0x00, 0x00, 0x00, 0x00,
    0x00, 0x00, 0x00, 0x00, 0x00, 0x00, 0x00, 0x00, 0x00, 0x00, 0x00, 0x00, 0x00, 0x00, 0x00, 0x00,
    0x00, 0x00, 0x00, 0x00, 0x9e, 0xf7, 0x00, 0xff, 0xff, 0x00, 0xff, 0xff, 0x00, 0xff, 0xff, 0x00,
    0xff, 0xff, 0x00, 0xff, 0xff, 0x00, 0xff, 0xff, 0x00, 0xff, 0xff, 0x00, 0xff, 0xff, 0x00, 0x77,
    0x09, 0x00, 0x00, 0x00, 0x00, 0x00, 0x00, 0x00, 0x00, 0x00, 0x00, 0x00, 0x00, 0x00, 0x00, 0x00,
    0x00, 0x00, 0x00, 0x00, 0x00, 0x00, 0x00, 0x00, 0x00, 0x00, 0x00, 0x00, 0x00, 0x00, 0x00, 0x00,
    0x00, 0x00, 0x00, 0x00, 0x00, 0x00, 0x00, 0x00, 0x00, 0x00, 0x00, 0x00, 0x00, 0x00, 0x00, 0x00,
    0x00, 0x00, 0x00, 0x00, 0x00, 0x00, 0x00, 0x00, 0x00, 0x00, 0x00, 0x00, 0x00, 0x00, 0x00, 0x00,
    0x00, 0x00, 0x00, 0x00, 0x00, 0x00, 0x00, 0x00, 0x00, 0x00, 0x00, 0x00, 0x00, 0x00, 0x00, 0x00,
    0x00, 0x00, 0x00, 0x00, 0x00, 0x00, 0x00, 0x00, 0x00, 0x00, 0x00, 0x00, 0x00, 0x00, 0x00, 0x00,
    0x00, 0x00, 0x00, 0x00, 0x00, 0x00, 0x00, 0x00, 0x00, 0x00, 0x00, 0x00, 0x00, 0x01, 0x1a, 0x00,
    0xf8, 0xff, 0x00, 0xff, 0xff, 0x00, 0xff, 0xff, 0x00, 0xff, 0xff, 0x00, 0xff, 0xff, 0x00, 0xff,
    0xff, 0x00, 0xff, 0xff, 0x00, 0xff, 0xff, 0x00, 0xfe, 0xdf, 0x00, 0x04, 0x00, 0x00, 0x00, 0x00,
    0x00, 0x00, 0x00, 0x00, 0x00, 0x00, 0x00, 0x00, 0x00, 0x00, 0x00, 0x00, 0x00, 0x00, 0x00, 0x00,
    0x00, 0x00, 0x00, 0x00, 0x00, 0x00, 0x00, 0x00, 0x00, 0x00, 0x00, 0x00, 0x00, 0x00, 0x00, 0x00,
    0x00, 0x00, 0x00, 0x06, 0x5b, 0x00, 0xfe, 0xff, 0x00, 0xff, 0xff, 0x00, 0xff, 0xff, 0x00, 0xff,
    0xff, 0x00, 0xff, 0xff, 0x00, 0xff, 0xff, 0x00, 0xff, 0xff, 0x00, 0xff, 0xff, 0x00, 0xf6, 0xa2,
    0x00, 0x00, 0x00, 0x00, 0x00, 0x00, 0x00, 0x00, 0x00, 0x00, 0x00, 0x00, 0x00, 0x00, 0x00, 0x00,
    0x00, 0x00, 0x00, 0x00, 0x00, 0x00, 0x00, 0x00, 0x00, 0x00, 0x00, 0x00, 0x00, 0x00, 0x00, 0x00,
    0x00, 0x00, 0x00, 0x00, 0x00, 0x00, 0x00, 0x00, 0x00, 0x00, 0x00, 0x00, 0x00, 0x00, 0x00, 0x00,
    0x00, 0x00, 0x00, 0x00, 0x00, 0x00, 0x00, 0x00, 0x00, 0x00, 0x00, 0x00, 0x00, 0x00, 0x00, 0x00,
    0x00, 0x00, 0x00, 0x00, 0x00, 0x00, 0x00, 0x00, 0x00, 0x00, 0x00, 0x00, 0x00, 0x00, 0x00, 0x00,
    0x00, 0x00, 0x00, 0x00, 0x00, 0x00, 0x00, 0x00, 0x00, 0x00, 0x00, 0x00, 0x00, 0x00, 0x00, 0x00,
    0x00, 0x00, 0x00, 0x00, 0x00, 0x00, 0x00, 0x00, 0x00, 0x00, 0x00, 0x00, 0x00, 0x00, 0x00, 0x68,
    0xe5, 0x00, 0xff, 0xff, 0x00, 0xff, 0xff, 0x00, 0xff, 0xff, 0x00, 0xff, 0xff, 0x00, 0xff, 0xff,
    0x00, 0xff, 0xff, 0x00, 0xff, 0xff, 0x00, 0xff, 0xff, 0x00, 0x93, 0x0a, 0x00, 0x00, 0x00, 0x00,
    0x00, 0x00, 0x00, 0x00, 0x00, 0x00, 0x00, 0x00, 0x00, 0x00, 0x00, 0x00, 0x00, 0x00, 0x00, 0x00,
    0x00, 0x00, 0x00, 0x00, 0x00, 0x00, 0x00, 0x00, 0x00, 0x00, 0x00, 0x00, 0x00, 0x00, 0x00, 0x00,
    0x00, 0x00, 0x00, 0x01, 0x00, 0xb8, 0xf9, 0x00, 0xff, 0xff, 0x00, 0xff, 0xff, 0x00, 0xff, 0xff,
    0x00, 0xff, 0xff, 0x00, 0xff, 0xff, 0x00, 0xff, 0xff, 0x00, 0xff, 0xff, 0x00, 0xff, 0xfc, 0x00,
    0x3d, 0x03, 0x00, 0x00, 0x00, 0x00, 0x00, 0x00, 0x00, 0x00, 0x00, 0x00, 0x00, 0x00, 0x00, 0x00,
    0x00, 0x00, 0x00, 0x00, 0x00, 0x00, 0x00, 0x00, 0x00, 0x00, 0x00, 0x00, 0x00, 0x00, 0x00, 0x00,
    0x00, 0x00, 0x00, 0x00, 0x00, 0x00, 0x00, 0x00, 0x00, 0x00, 0x00, 0x00, 0x00, 0x00, 0x00, 0x00,
    0x00, 0x00, 0x00, 0x00, 0x00, 0x00, 0x00, 0x00, 0x00, 0x00, 0x00, 0x00, 0x00, 0x00, 0x00, 0x00,
    0x00, 0x00, 0x00, 0x00, 0x00, 0x00, 0x00, 0x00, 0x00, 0x00, 0x00, 0x00, 0x00, 0x00, 0x00, 0x00,
    0x00, 0x00, 0x00, 0x00, 0x00, 0x00, 0x00, 0x00, 0x00, 0x00, 0x00, 0x00, 0x00, 0x00, 0x00, 0x00,
    0x00, 0x00, 0x00, 0x00, 0x00, 0x00, 0x00, 0x00, 0x00, 0x00, 0x00, 0x00, 0x00, 0x00, 0x00, 0x2e,
    0x00, 0xfb, 0xff, 0x00, 0xff, 0xff, 0x00, 0xff, 0xff, 0x00, 0xff, 0xff, 0x00, 0xff, 0xff, 0x00,
    0xff, 0xff, 0x00, 0xff, 0xff, 0x00, 0xff, 0xff, 0x00, 0xfb, 0xbf, 0x00, 0x02, 0x00, 0x00, 0x00,
    0x00, 0x00, 0x00, 0x00, 0x00, 0x00, 0x00, 0x00, 0x00, 0x00, 0x00, 0x00, 0x00, 0x00, 0x00, 0x00,
    0x00, 0x00, 0x00, 0x00, 0x00, 0x00, 0x00, 0x00, 0x00, 0x00, 0x00, 0x00, 0x00, 0x00, 0x00, 0x00,
    0x00, 0x00, 0x00, 0x00, 0x01, 0x79, 0x00, 0xff, 0xff, 0x00, 0xff, 0xff, 0x00, 0xff, 0xff, 0x00,
    0xff, 0xff, 0x00, 0xff, 0xff, 0x00, 0xff, 0xff, 0x00, 0xff, 0xff, 0x00, 0xff, 0xff, 0x00, 0xe8,
    0x63, 0x00, 0x00, 0x00, 0x00, 0x00, 0x00, 0x00, 0x00, 0x00, 0x00, 0x00, 0x00, 0x00, 0x00, 0x00,
    0x00, 0x00, 0x00, 0x00, 0x00, 0x00, 0x00, 0x00, 0x00, 0x00, 0x00, 0x00, 0x00, 0x00, 0x00, 0x00,
    0x00, 0x00, 0x00, 0x00, 0x00, 0x00, 0x00, 0x00, 0x00, 0x00, 0x00, 0x00, 0x00, 0x00, 0x00, 0x00,
    0x00, 0x00, 0x00, 0x00, 0x00, 0x00, 0x00, 0x00, 0x00, 0x00, 0x00, 0x00, 0x00, 0x00, 0x00, 0x00,
    0x00, 0x00, 0x00, 0x00, 0x00, 0x00, 0x00, 0x00, 0x00, 0x00, 0x00, 0x00, 0x00, 0x00, 0x00, 0x00,
    0x00, 0x00, 0x00, 0x00, 0x00, 0x00, 0x00, 0x00, 0x00, 0x00, 0x00, 0x00, 0x00, 0x00, 0x00, 0x00,
    0x00, 0x00, 0x00, 0x00, 0x00, 0x00, 0x00, 0x00, 0x00, 0x00, 0x00, 0x00, 0x00, 0x00, 0x00, 0x00,
    0x7c, 0xee, 0x00, 0xff, 0xff, 0x00, 0xff, 0xff, 0x00, 0xff, 0xff, 0x00, 0xff, 0xff, 0x00, 0xff,
    0xff, 0x00, 0xff, 0xff, 0x00, 0xff, 0xff, 0x00, 0xff, 0xfe, 0x00, 0x46, 0x06, 0x00, 0x00, 0x00,
    0x00, 0x00, 0x00, 0x00, 0x00, 0x00, 0x00, 0x00, 0x00, 0x00, 0x00, 0x00, 0x00, 0x00, 0x00, 0x00,
    0x00, 0x00, 0x00, 0x00, 0x00, 0x00, 0x00, 0x00, 0x00, 0x00, 0x00, 0x00, 0x00, 0x00, 0x00, 0x00,
    0x00, 0x00, 0x00, 0x00, 0x01, 0x00, 0xc7, 0xfd, 0x00, 0xff, 0xff, 0x00, 0xff, 0xff, 0x00, 0xff,
    0xff, 0x00, 0xff, 0xff, 0x00, 0xff, 0xff, 0x00, 0xff, 0xff, 0x00, 0xff, 0xff, 0x00, 0xff, 0xf8,
    0x00, 0x18, 0x00, 0x00, 0x00, 0x00, 0x00, 0x00, 0x00, 0x00, 0x00, 0x00, 0x00, 0x00, 0x00, 0x00,
    0x00, 0x00, 0x00, 0x00, 0x00, 0x00, 0x00, 0x00, 0x00, 0x00, 0x00, 0x00, 0x00, 0x00, 0x00, 0x00,
    0x00, 0x00, 0x00, 0x00, 0x00, 0x00, 0x00, 0x00, 0x00, 0x00, 0x00, 0x00, 0x00, 0x00, 0x00, 0x00,
    0x00, 0x00, 0x00, 0x00, 0x00, 0x00, 0x00, 0x00, 0x00, 0x00, 0x00, 0x00, 0x00, 0x00, 0x00, 0x00,
    0x00, 0x00, 0x00, 0x00, 0x00, 0x00, 0x00, 0x00, 0x00, 0x00, 0x00, 0x00, 0x00, 0x00, 0x00, 0x00,
    0x00, 0x00, 0x00, 0x00, 0x00, 0x00, 0x00, 0x00, 0x00, 0x00, 0x00, 0x00, 0x00, 0x00, 0x00, 0x00,
    0x00, 0x00, 0x00, 0x00, 0x00, 0x00, 0x00, 0x00, 0x00, 0x00, 0x00, 0x00, 0x00, 0x00, 0x00, 0x02,
    0x46, 0x00, 0xfe, 0xff, 0x00, 0xff, 0xff, 0x00, 0xff, 0xff, 0x00, 0xff, 0xff, 0x00, 0xff, 0xff,
    0x00, 0xff, 0xff, 0x00, 0xff, 0xff, 0x00, 0xff, 0xff, 0x00, 0xf3, 0x81, 0x00, 0x00, 0x00, 0x00,
    0x00, 0x00, 0x00, 0x00, 0x00, 0x00, 0x00, 0x00, 0x00, 0x00, 0x00, 0x00, 0x00, 0x00, 0x00, 0x00,
    0x00, 0x00, 0x00, 0x00, 0x00, 0x00, 0x00, 0x00, 0x00, 0x00, 0x00, 0x00, 0x00, 0x00, 0x00, 0x00,
    0x00, 0x00, 0x00, 0x00, 0x00, 0x17, 0x89, 0x00, 0xff, 0xff, 0x00, 0xff, 0xff, 0x00, 0xff, 0xff,
    0x00, 0xff, 0xff, 0x00, 0xff, 0xff, 0x00, 0xff, 0xff, 0x00, 0xff, 0xff, 0x00, 0xff, 0xff, 0x00,
    0xc1, 0x35, 0x00, 0x00, 0x00, 0x00, 0x00, 0x00, 0x00, 0x00, 0x00, 0x00, 0x00, 0x00, 0x00, 0x00,
    0x00, 0x00, 0x00, 0x00, 0x00, 0x00, 0x00, 0x00, 0x00, 0x00, 0x00, 0x00, 0x00, 0x00, 0x00, 0x00,
    0x00, 0x00, 0x00, 0x00, 0x00, 0x00, 0x00, 0x00, 0x00, 0x00, 0x00, 0x00, 0x00, 0x00, 0x00, 0x00,
    0x00, 0x00, 0x00, 0x00, 0x00, 0x00, 0x00, 0x00, 0x00, 0x00, 0x00, 0x00, 0x00, 0x00, 0x00, 0x00,
    0x00, 0x00, 0x00, 0x00, 0x00, 0x00, 0x00, 0x00, 0x00, 0x00, 0x00, 0x00, 0x00, 0x00, 0x00, 0x00,
    0x00, 0x00, 0x00, 0x00, 0x00, 0x00, 0x00, 0x00, 0x00, 0x00, 0x00, 0x00, 0x00, 0x00, 0x00, 0x00,
    0x00, 0x00, 0x00, 0x00, 0x00, 0x00, 0x00, 0x00, 0x00, 0x00, 0x00, 0x00, 0x00, 0x00, 0x00, 0x00,
    0x00, 0x93, 0xfa, 0x00, 0xff, 0xff, 0x00, 0xff, 0xff, 0x00, 0xff, 0xff, 0x00, 0xff, 0xff, 0x00,
    0xff, 0xff, 0x00, 0xff, 0xff, 0x00, 0xff, 0xff, 0x00, 0xff, 0xfb, 0x00, 0x2a, 0x00, 0x00, 0x00,
    0x00, 0x00, 0x00, 0x00, 0x00, 0x00, 0x00, 0x00, 0x00, 0x00, 0x00, 0x00, 0x00, 0x00, 0x00, 0x00,
    0x00, 0x00, 0x00, 0x00, 0x00, 0x00, 0x00, 0x00, 0x00, 0x00, 0x00, 0x00, 0x00, 0x00, 0x00, 0x00,
    0x00, 0x00, 0x00, 0x00, 0x00, 0x06, 0x00, 0xdd, 0xff, 0x00, 0xff, 0xff, 0x00, 0xff, 0xff, 0x00,
    0xff, 0xff, 0x00, 0xff, 0xff, 0x00, 0xff, 0xff, 0x00, 0xff, 0xff, 0x00, 0xff, 0xff, 0x00, 0xff,
    0xe0, 0x00, 0x00, 0x00, 0x00, 0x00, 0x00, 0x00, 0x00, 0x00, 0x00, 0x00, 0x00, 0x00, 0x00, 0x00,
    0x00, 0x00, 0x00, 0x00, 0x00, 0x00, 0x00, 0x00, 0x00, 0x00, 0x00, 0x00, 0x00, 0x00, 0x00, 0x00,
    0x00, 0x00, 0x00, 0x00, 0x00, 0x00, 0x00, 0x00, 0x00, 0x00, 0x00, 0x00, 0x00, 0x00, 0x00, 0x00,
    0x00, 0x00, 0x00, 0x00, 0x00, 0x00, 0x00, 0x00, 0x00, 0x00, 0x00, 0x00, 0x00, 0x00, 0x00, 0x00,
    0x00, 0x00, 0x00, 0x00, 0x00, 0x00, 0x00, 0x00, 0x00, 0x00, 0x00, 0x00, 0x00, 0x00, 0x00, 0x00,
    0x00, 0x00, 0x00, 0x00, 0x00, 0x00, 0x00, 0x00, 0x00, 0x00, 0x00, 0x00, 0x00, 0x00, 0x00, 0x00,
    0x00, 0x00, 0x00, 0x00, 0x00, 0x00, 0x00, 0x00, 0x00, 0x00, 0x00, 0x00, 0x00, 0x00, 0x00, 0x00,
    0x09, 0x55, 0x00, 0xfe, 0xff, 0x00, 0xff, 0xff, 0x00, 0xff, 0xff, 0x00, 0xff, 0xff, 0x00, 0xff,
    0xff, 0x00, 0xff, 0xff, 0x00, 0xff, 0xff, 0x00, 0xff, 0xff, 0x00, 0xd4, 0x4f, 0x00, 0x00, 0x00,
    0x00, 0x00, 0x00, 0x00, 0x00, 0x00, 0x00, 0x00, 0x00, 0x00, 0x00, 0x00, 0x00, 0x00, 0x00, 0x00,
    0x00, 0x00, 0x00, 0x00, 0x00, 0x00, 0x00, 0x00, 0x00, 0x00, 0x00, 0x00, 0x00, 0x00, 0x00, 0x00,
    0x00, 0x00, 0x00, 0x00, 0x00, 0x00, 0x1c, 0xac, 0x00, 0xff, 0xff, 0x00, 0xff, 0xff, 0x00, 0xff,
    0xff, 0x00, 0xff, 0xff, 0x00, 0xff, 0xff, 0x00, 0xff, 0xff, 0x00, 0xff, 0xff, 0x00, 0xff, 0xff,
    0x00, 0x90, 0x13, 0x00, 0x00, 0x00, 0x00, 0x00, 0x00, 0x00, 0x00, 0x00, 0x00, 0x00, 0x00, 0x00,
    0x00, 0x00, 0x00, 0x00, 0x00, 0x00, 0x00, 0x00, 0x00, 0x00, 0x00, 0x00, 0x00, 0x00, 0x00, 0x00,
    0x00, 0x00, 0x00, 0x00, 0x00, 0x00, 0x00, 0x00, 0x00, 0x00, 0x00, 0x00, 0x00, 0x00, 0x00, 0x00,
    0x00, 0x00, 0x00, 0x00, 0x00, 0x00, 0x00, 0x00, 0x00, 0x00, 0x00, 0x00, 0x00, 0x00, 0x00, 0x00,
    0x00, 0x00, 0x00, 0x00, 0x00, 0x00, 0x00, 0x00, 0x00, 0x00, 0x00, 0x00, 0x00, 0x00, 0x00, 0x00,
    0x00, 0x00, 0x00, 0x00, 0x00, 0x00, 0x00, 0x00, 0x00, 0x00, 0x00, 0x00, 0x00, 0x00, 0x00, 0x00,
    0x00, 0x00, 0x00, 0x00, 0x00, 0x00, 0x00, 0x00, 0x00, 0x00, 0x00, 0x00, 0x00, 0x00, 0x00, 0x00,
    0x01, 0x00, 0xb5, 0xfa, 0x00, 0xff, 0xff, 0x00, 0xff, 0xff, 0x00, 0xff, 0xff, 0x00, 0xff, 0xff,
    0x00, 0xff, 0xff, 0x00, 0xff, 0xff, 0x00, 0xff, 0xff, 0x00, 0xff, 0xeb, 0x00, 0x0b, 0x00, 0x00,
    0x00, 0x00, 0x00, 0x00, 0x00, 0x00, 0x00, 0x00, 0x00, 0x00, 0x00, 0x00, 0x00, 0x00, 0x00, 0x00,
    0x00, 0x00, 0x00, 0x00, 0x00, 0x00, 0x00, 0x00, 0x00, 0x00, 0x00, 0x00, 0x00, 0x00, 0x00, 0x00,
    0x00, 0x00, 0x00, 0x00, 0x00, 0x00, 0x09, 0x00, 0xea, 0xfe, 0x00, 0xff, 0xff, 0x00, 0xff, 0xff,
    0x00, 0xff, 0xff, 0x00, 0xff, 0xff, 0x00, 0xff, 0xff, 0x00, 0xff, 0xff, 0x00, 0xff, 0xff, 0x00,
    0xfa, 0xb9, 0x00, 0x01, 0x04, 0x00, 0x07, 0x05, 0x00, 0x00, 0x00, 0x00, 0x00, 0x00, 0x00, 0x00,
    0x00, 0x00, 0x00, 0x00, 0x00, 0x00, 0x00, 0x00, 0x00, 0x00, 0x00, 0x00, 0x00, 0x00, 0x00, 0x00,
    0x00, 0x00, 0x00, 0x00, 0x00, 0x00, 0x00, 0x00, 0x00, 0x00, 0x00, 0x00, 0x00, 0x00, 0x00, 0x00,
    0x00, 0x00, 0x00, 0x00, 0x00, 0x00, 0x00, 0x00, 0x00, 0x00, 0x00, 0x00, 0x00, 0x00, 0x00, 0x00,
    0x00, 0x00, 0x00, 0x00, 0x00, 0x00, 0x00, 0x00, 0x00, 0x00, 0x00, 0x00, 0x00, 0x00, 0x00, 0x00,
    0x00, 0x00, 0x00, 0x00, 0x00, 0x00, 0x00, 0x00, 0x00, 0x00, 0x00, 0x00, 0x00, 0x00, 0x00, 0x00,
    0x00, 0x00, 0x00, 0x00, 0x00, 0x00, 0x00, 0x00, 0x00, 0x00, 0x00, 0x00, 0x00, 0x00, 0x00, 0x00,
    0x00, 0x07, 0x79, 0x00, 0xff, 0xff, 0x00, 0xff, 0xff, 0x00, 0xff, 0xff, 0x00, 0xff, 0xff, 0x00,
    0xff, 0xff, 0x00, 0xff, 0xff, 0x00, 0xff, 0xff, 0x00, 0xff, 0xff, 0x00, 0xdf, 0xb6, 0x00, 0xd9,
    0xe6, 0x00, 0xec, 0xe9, 0x00, 0xdb, 0xcc, 0x00, 0x9f, 0x64, 0x00, 0x1a, 0x09, 0x00, 0x00, 0x00,
    0x00, 0x00, 0x00, 0x00, 0x00, 0x00, 0x00, 0x00, 0x00, 0x00, 0x00, 0x00, 0x00, 0x00, 0x00, 0x00,
    0x00, 0x00, 0x00, 0x00, 0x00, 0x00, 0x00, 0x22, 0xc1, 0x00, 0xff, 0xff, 0x00, 0xff, 0xff, 0x00,
    0xff, 0xff, 0x00, 0xff, 0xff, 0x00, 0xff, 0xff, 0x00, 0xff, 0xff, 0x00, 0xff, 0xff, 0x00, 0xff,
    0xff, 0x00, 0xfc, 0xf9, 0x00, 0xfe, 0xff, 0x00, 0xff, 0xff, 0x00, 0xfe, 0xfd, 0x00, 0xf8, 0xef,
    0x00, 0xac, 0x5b, 0x00, 0x0a, 0x00, 0x00, 0x00, 0x00, 0x00, 0x00, 0x00, 0x00, 0x00, 0x00, 0x00,
    0x00, 0x00, 0x00, 0x00, 0x00, 0x00, 0x00, 0x00, 0x00, 0x00, 0x00, 0x00, 0x00, 0x00, 0x00, 0x00,
    0x00, 0x00, 0x00, 0x00, 0x00, 0x00, 0x00, 0x00, 0x00, 0x00, 0x00, 0x00, 0x00, 0x00, 0x00, 0x00,
    0x00, 0x00, 0x00, 0x00, 0x00, 0x00, 0x00, 0x00, 0x00, 0x00, 0x00, 0x00, 0x00, 0x00, 0x00, 0x00,
    0x00, 0x00, 0x00, 0x00, 0x00, 0x00, 0x00, 0x00, 0x00, 0x00, 0x00, 0x00, 0x00, 0x00, 0x00, 0x00,
    0x00, 0x00, 0x00, 0x00, 0x00, 0x00, 0x00, 0x00, 0x00, 0x00, 0x00, 0x00, 0x00, 0x00, 0x00, 0x00,
    0x00, 0x01, 0x00, 0xc4, 0xfc, 0x00, 0xff, 0xff, 0x00, 0xff, 0xff, 0x00, 0xff, 0xff, 0x00, 0xff,
    0xff, 0x00, 0xff, 0xff, 0x00, 0xff, 0xff, 0x00, 0xff, 0xff, 0x00, 0xff, 0xff, 0x00, 0xff, 0xff,
    0x00, 0xff, 0xff, 0x00, 0xff, 0xff, 0x00, 0xff, 0xff, 0x00, 0xff, 0xff, 0x00, 0xff, 0xff, 0x00,
    0xea, 0xaa, 0x00, 0x0f, 0x01, 0x00, 0x00, 0x00, 0x00, 0x00, 0x00, 0x00, 0x00, 0x00, 0x00, 0x00,
    0x00, 0x00, 0x00, 0x00, 0x00, 0x00, 0x00, 0x08, 0x00, 0xef, 0xff, 0x00, 0xff, 0xff, 0x00, 0xff,
    0xff, 0x00, 0xff, 0xff, 0x00, 0xff, 0xff, 0x00, 0xff, 0xff, 0x00, 0xff, 0xff, 0x00, 0xff, 0xff,
    0x00, 0xff, 0xff, 0x00, 0xff, 0xff, 0x00, 0xff, 0xff, 0x00, 0xff, 0xff, 0x00, 0xff, 0xff, 0x00,
    0xff, 0xff, 0x00, 0xff, 0xff, 0x00, 0xff, 0xfc, 0x00, 0x6f, 0x24, 0x00, 0x00, 0x00, 0x00, 0x00,
    0x00, 0x00, 0x00, 0x00, 0x00, 0x00, 0x00, 0x00, 0x00, 0x00, 0x00, 0x00, 0x00, 0x00, 0x00, 0x00,
    0x00, 0x00, 0x00, 0x00, 0x00, 0x00, 0x00, 0x00, 0x00, 0x00, 0x00, 0x00, 0x00, 0x00, 0x00, 0x00,
    0x00, 0x00, 0x00, 0x00, 0x00, 0x00, 0x00, 0x00, 0x00, 0x00, 0x00, 0x00, 0x00, 0x00, 0x00, 0x00,
    0x00, 0x00, 0x00, 0x00, 0x00, 0x00, 0x00, 0x00, 0x00, 0x00, 0x00, 0x00, 0x00, 0x00, 0x00, 0x00,
    0x00, 0x00, 0x00, 0x00, 0x00, 0x00, 0x00, 0x00, 0x00, 0x00, 0x00, 0x00, 0x00, 0x00, 0x00, 0x00,
    0x00, 0x00, 0x00, 0x7f, 0x00, 0xff, 0xff, 0x00, 0xff, 0xff, 0x00, 0xff, 0xff, 0x00, 0xff, 0xff,
    0x00, 0xff, 0xff, 0x00, 0xff, 0xff, 0x00, 0xff, 0xff, 0x00, 0xff, 0xff, 0x00, 0xff, 0xff, 0x00,
    0xff, 0xff, 0x00, 0xff, 0xff, 0x00, 0xff, 0xff, 0x00, 0xff, 0xff, 0x00, 0xff, 0xff, 0x00, 0xff,
    0xff, 0x00, 0xff, 0xff, 0x00, 0xfe, 0xf0, 0x00, 0x35, 0x02, 0x00, 0x00, 0x00, 0x00, 0x00, 0x00,
    0x00, 0x00, 0x00, 0x00, 0x00, 0x00, 0x00, 0x00, 0x32, 0xbd, 0x00, 0xff, 0xff, 0x00, 0xff, 0xff,
    0x00, 0xff, 0xff, 0x00, 0xff, 0xff, 0x00, 0xff, 0xff, 0x00, 0xff, 0xff, 0x00, 0xff, 0xff, 0x00,
    0xff, 0xff, 0x00, 0xff, 0xff, 0x00, 0xff, 0xff, 0x00, 0xff, 0xff, 0x00, 0xff, 0xff, 0x00, 0xff,
    0xff, 0x00, 0xff, 0xff, 0x00, 0xff, 0xff, 0x00, 0xff, 0xff, 0x00, 0xff, 0xfe, 0x00, 0xa7, 0x32,
    0x00, 0x00, 0x00, 0x00, 0x00, 0x00, 0x00, 0x00, 0x00, 0x00, 0x00, 0x00, 0x00, 0x00, 0x00, 0x00,
    0x00, 0x00, 0x00, 0x00, 0x00, 0x00, 0x00, 0x00, 0x00, 0x00, 0x00, 0x00, 0x00, 0x00, 0x00, 0x00,
    0x00, 0x00, 0x00, 0x00, 0x00, 0x00, 0x00, 0x00, 0x00, 0x00, 0x00, 0x00, 0x00, 0x00, 0x00, 0x00,
    0x00, 0x00, 0x00, 0x00, 0x00, 0x00, 0x00, 0x00, 0x00, 0x00, 0x00, 0x00, 0x00, 0x00, 0x00, 0x00,
    0x00, 0x00, 0x00, 0x00, 0x00, 0x00, 0x00, 0x00, 0x00, 0x00, 0x00, 0x00, 0x00, 0x00, 0x00, 0x00,
    0x00, 0x00, 0x00, 0x00, 0xb3, 0xfc, 0x00, 0xff, 0xff, 0x00, 0xff, 0xff, 0x00, 0xff, 0xff, 0x00,
    0xff, 0xff, 0x00, 0xff, 0xff, 0x00, 0xff, 0xff, 0x00, 0xff, 0xff, 0x00, 0xff, 0xff, 0x00, 0xff,
    0xff, 0x00, 0xff, 0xff, 0x00, 0xff, 0xff, 0x00, 0xff, 0xff, 0x00, 0xff, 0xff, 0x00, 0xff, 0xff,
    0x00, 0xff, 0xff, 0x00, 0xff, 0xff, 0x00, 0xff, 0xff, 0x00, 0xfe, 0xe5, 0x00, 0x0a, 0x00, 0x00,
    0x00, 0x00, 0x00, 0x00, 0x00, 0x00, 0x00, 0x00, 0x02, 0x00, 0xe3, 0xff, 0x00, 0xff, 0xff, 0x00,
    0xff, 0xff, 0x00, 0xff, 0xff, 0x00, 0xff, 0xff, 0x00, 0xff, 0xff, 0x00, 0xff, 0xff, 0x00, 0xff,
    0xff, 0x00, 0xff, 0xff, 0x00, 0xff, 0xff, 0x00, 0xff, 0xff, 0x00, 0xff, 0xff, 0x00, 0xff, 0xff,
    0x00, 0xff, 0xff, 0x00, 0xff, 0xff, 0x00, 0xff, 0xff, 0x00, 0xff, 0xff, 0x00, 0xff, 0xff, 0x00,
    0xff, 0xfd, 0x00, 0x54, 0x03, 0x00, 0x00, 0x00, 0x00, 0x00, 0x00, 0x00, 0x00, 0x00, 0x00, 0x00,
    0x00, 0x00, 0x00, 0x00, 0x00, 0x00, 0x00, 0x00, 0x00, 0x00, 0x00, 0x00, 0x00, 0x00, 0x00, 0x00,
    0x00, 0x00, 0x00, 0x00, 0x00, 0x00, 0x00, 0x00, 0x00, 0x00, 0x00, 0x00, 0x00, 0x00, 0x00, 0x00,
    0x00, 0x00, 0x00, 0x00, 0x00, 0x00, 0x00, 0x00, 0x00, 0x00, 0x00, 0x00, 0x00, 0x00, 0x00, 0x00,
    0x00, 0x00, 0x00, 0x00, 0x00, 0x00, 0x00, 0x00, 0x00, 0x00, 0x00, 0x00, 0x00, 0x00, 0x00, 0x00,
    0x00, 0x00, 0x00, 0x00, 0x42, 0x00, 0xff, 0xff, 0x00, 0xff, 0xff, 0x00, 0xff, 0xff, 0x00, 0xff,
    0xff, 0x00, 0xff, 0xff, 0x00, 0xff, 0xff, 0x00, 0xff, 0xff, 0x00, 0xff, 0xff, 0x00, 0xff, 0xff,
    0x00, 0xff, 0xff, 0x00, 0xff, 0xff, 0x00, 0xff, 0xff, 0x00, 0xff, 0xff, 0x00, 0xff, 0xff, 0x00,
    0xff, 0xff, 0x00, 0xff, 0xff, 0x00, 0xff, 0xff, 0x00, 0xff, 0xff, 0x00, 0xff, 0xff, 0x00, 0xeb,
    0x6e, 0x00, 0x00, 0x00, 0x00, 0x00, 0x00, 0x00, 0x00, 0x07, 0x69, 0x00, 0xff, 0xff, 0x00, 0xff,
    0xff, 0x00, 0xff, 0xff, 0x00, 0xff, 0xff, 0x00, 0xff, 0xff, 0x00, 0xff, 0xff, 0x00, 0xff, 0xff,
    0x00, 0xff, 0xff, 0x00, 0xff, 0xff, 0x00, 0xff, 0xff, 0x00, 0xff, 0xff, 0x00, 0xff, 0xff, 0x00,
    0xff, 0xff, 0x00, 0xff, 0xff, 0x00, 0xff, 0xff, 0x00, 0xff, 0xff, 0x00, 0xff, 0xff, 0x00, 0xff,
    0xff, 0x00, 0xff, 0xff, 0x00, 0xfe, 0xc1, 0x00, 0x00, 0x00, 0x00, 0x00, 0x00, 0x00, 0x00, 0x00,
    0x00, 0x00, 0x00, 0x00, 0x00, 0x00, 0x00, 0x00, 0x00, 0x00, 0x00, 0x00, 0x00, 0x00, 0x00, 0x00,
    0x00, 0x00, 0x00, 0x00, 0x00, 0x00, 0x00, 0x00, 0x00, 0x00, 0x00, 0x00, 0x00, 0x00, 0x00, 0x00,
    0x00, 0x00, 0x00, 0x00, 0x00, 0x00, 0x00, 0x00, 0x00, 0x00, 0x00, 0x00, 0x00, 0x00, 0x00, 0x00,
    0x00, 0x00, 0x00, 0x00, 0x00, 0x00, 0x00, 0x00, 0x00, 0x00, 0x00, 0x00, 0x00, 0x00, 0x00, 0x00,
    0x00, 0x00, 0x00, 0x00, 0x00, 0x46, 0xe0, 0x00, 0xff, 0xff, 0x00, 0xff, 0xff, 0x00, 0xff, 0xff,
    0x00, 0xff, 0xff, 0x00, 0xff, 0xff, 0x00, 0xff, 0xff, 0x00, 0xff, 0xff, 0x00, 0xff, 0xff, 0x00,
    0xff, 0xff, 0x00, 0xff, 0xff, 0x00, 0xff, 0xff, 0x00, 0xff, 0xff, 0x00, 0xff, 0xff, 0x00, 0xff,
    0xff, 0x00, 0xff, 0xff, 0x00, 0xff, 0xff, 0x00, 0xff, 0xff, 0x00, 0xff, 0xff, 0x00, 0xff, 0xff,
    0x00, 0xff, 0xff, 0x00, 0x33, 0x00, 0x00, 0x00, 0x00, 0x00, 0x00, 0x76, 0xf8, 0x00, 0xff, 0xff,
    0x00, 0xff, 0xff, 0x00, 0xff, 0xff, 0x00, 0xff, 0xff, 0x00, 0xff, 0xff, 0x00, 0xff, 0xff, 0x00,
    0xff, 0xff, 0x00, 0xff, 0xff, 0x00, 0xff, 0xf6, 0x00, 0xcb, 0xb7, 0x00, 0xbf, 0xd5, 0x00, 0xfb,
    0xff, 0x00, 0xff, 0xff, 0x00, 0xff, 0xff, 0x00, 0xff, 0xff, 0x00, 0xff, 0xff, 0x00, 0xff, 0xff,
    0x00, 0xff, 0xff, 0x00, 0xff, 0xff, 0x00, 0xff, 0xff, 0x00, 0x5e, 0x08, 0x00, 0x00, 0x00, 0x00,
    0x00, 0x00, 0x00, 0x00, 0x00, 0x00, 0x00, 0x00, 0x00, 0x00, 0x00, 0x00, 0x00, 0x00, 0x00, 0x00,
    0x00, 0x00, 0x00, 0x00, 0x00, 0x00, 0x00, 0x00, 0x00, 0x00, 0x00, 0x00, 0x00, 0x00, 0x00, 0x00,
    0x00, 0x00, 0x00, 0x00, 0x00, 0x00, 0x00, 0x00, 0x00, 0x00, 0x00, 0x00, 0x00, 0x00, 0x00, 0x00,
    0x00, 0x00, 0x00, 0x00, 0x00, 0x00, 0x00, 0x00, 0x00, 0x00, 0x00, 0x00, 0x00, 0x00, 0x00, 0x00,
    0x00, 0x00, 0x00, 0x00, 0x00, 0x00, 0x00, 0xde, 0xff, 0x00, 0xff, 0xff, 0x00, 0xff, 0xff, 0x00,
    0xff, 0xff, 0x00, 0xff, 0xff, 0x00, 0xff, 0xff, 0x00, 0xff, 0xff, 0x00, 0xff, 0xff, 0x00, 0xff,
    0xf4, 0x00, 0x56, 0x13, 0x00, 0x00, 0x00, 0x00, 0x00, 0x00, 0x00, 0x26, 0x7a, 0x00, 0xfc, 0xff,
    0x00, 0xff, 0xff, 0x00, 0xff, 0xff, 0x00, 0xff, 0xff, 0x00, 0xff, 0xff, 0x00, 0xff, 0xff, 0x00,
    0xff, 0xff, 0x00, 0xff, 0xff, 0x00, 0xd7, 0x35, 0x00, 0x00, 0x00, 0x0b, 0x00, 0xf4, 0xff, 0x00,
    0xff, 0xff, 0x00, 0xff, 0xff, 0x00, 0xff, 0xff, 0x00, 0xff, 0xff, 0x00, 0xff, 0xff, 0x00, 0xff,
    0xff, 0x00, 0xff, 0xff, 0x00, 0xf3, 0xa4, 0x00, 0x06, 0x00, 0x00, 0x00, 0x00, 0x00, 0x00, 0x00,
    0x00, 0x00, 0x13, 0x00, 0xd4, 0xfd, 0x00, 0xff, 0xff, 0x00, 0xff, 0xff, 0x00, 0xff, 0xff, 0x00,
    0xff, 0xff, 0x00, 0xff, 0xff, 0x00, 0xff, 0xff, 0x00, 0xff, 0xff, 0x00, 0xf2, 0x63, 0x00, 0x00,
    0x00, 0x00, 0x00, 0x00, 0x00, 0x00, 0x00, 0x00, 0x00, 0x00, 0x00, 0x00, 0x00, 0x00, 0x00, 0x00,
    0x00, 0x00, 0x00, 0x00, 0x00, 0x00, 0x00, 0x00, 0x00, 0x00, 0x00, 0x00, 0x00, 0x00, 0x00, 0x00,
    0x00, 0x00, 0x00, 0x00, 0x00, 0x00, 0x00, 0x00, 0x00, 0x00, 0x00, 0x00, 0x00, 0x00, 0x00, 0x00,
    0x00, 0x00, 0x00, 0x00, 0x00, 0x00, 0x00, 0x00, 0x00, 0x00, 0x00, 0x00, 0x00, 0x00, 0x00, 0x00,
    0x00, 0x00, 0x00, 0x00, 0x00, 0x00, 0x00, 0x27, 0x00, 0xfd, 0xff, 0x00, 0xff, 0xff, 0x00, 0xff,
    0xff, 0x00, 0xff, 0xff, 0x00, 0xff, 0xff, 0x00, 0xff, 0xff, 0x00, 0xff, 0xff, 0x00, 0xff, 0xfe,
    0x00, 0x54, 0x05, 0x00, 0x00, 0x00, 0x00, 0x00, 0x00, 0x00, 0x00, 0x00, 0x00, 0x00, 0x00, 0x00,
    0x18, 0x9d, 0x00, 0xff, 0xff, 0x00, 0xff, 0xff, 0x00, 0xff, 0xff, 0x00, 0xff, 0xff, 0x00, 0xff,
    0xff, 0x00, 0xff, 0xff, 0x00, 0xff, 0xff, 0x00, 0xfd, 0xca, 0x00, 0x00, 0x00, 0x2e, 0x00, 0xfe,
    0xff, 0x00, 0xff, 0xff, 0x00, 0xff, 0xff, 0x00, 0xff, 0xff, 0x00, 0xff, 0xff, 0x00, 0xff, 0xff,
    0x00, 0xff, 0xff, 0x00, 0xff, 0xf0, 0x00, 0x0e, 0x00, 0x00, 0x00, 0x00, 0x00, 0x00, 0x00, 0x00,
    0x00, 0x00, 0x00, 0x00, 0x00, 0x00, 0x01, 0x4d, 0x00, 0xfe, 0xff, 0x00, 0xff, 0xff, 0x00, 0xff,
    0xff, 0x00, 0xff, 0xff, 0x00, 0xff, 0xff, 0x00, 0xff, 0xff, 0x00, 0xff, 0xff, 0x00, 0xfe, 0xe3,
    0x00, 0x01, 0x00, 0x00, 0x00, 0x00, 0x00, 0x00, 0x00, 0x00, 0x00, 0x00, 0x00, 0x00, 0x00, 0x00,
    0x00, 0x00, 0x00, 0x00, 0x00, 0x00, 0x00, 0x00, 0x00, 0x00, 0x00, 0x00, 0x00, 0x00, 0x00, 0x00,
    0x00, 0x00, 0x00, 0x00, 0x00, 0x00, 0x00, 0x00, 0x00, 0x00, 0x00, 0x00, 0x00, 0x00, 0x00, 0x00,
    0x00, 0x00, 0x00, 0x00, 0x00, 0x00, 0x00, 0x00, 0x00, 0x00, 0x00, 0x00, 0x00, 0x00, 0x00, 0x00,
    0x00, 0x00, 0x00, 0x00, 0x00, 0x00, 0x00, 0x00, 0x11, 0x81, 0x00, 0xff, 0xff, 0x00, 0xff, 0xff,
    0x00, 0xff, 0xff, 0x00, 0xff, 0xff, 0x00, 0xff, 0xff, 0x00, 0xff, 0xff, 0x00, 0xff, 0xff, 0x00,
    0xf1, 0x8d, 0x00, 0x00, 0x00, 0x00, 0x00, 0x00, 0x00, 0x00, 0x00, 0x00, 0x00, 0x00, 0x00, 0x00,
    0x00, 0x00, 0x00, 0x03, 0x00, 0xdf, 0xff, 0x00, 0xff, 0xff, 0x00, 0xff, 0xff, 0x00, 0xff, 0xff,
    0x00, 0xff, 0xff, 0x00, 0xff, 0xff, 0x00, 0xff, 0xff, 0x00, 0xff, 0xf9, 0x00, 0x16, 0x19, 0xa6,
    0x00, 0xff, 0xff, 0x00, 0xff, 0xff, 0x00, 0xff, 0xff, 0x00, 0xff, 0xff, 0x00, 0xff, 0xff, 0x00,
    0xff, 0xff, 0x00, 0xff, 0xff, 0x00, 0xdc, 0x4b, 0x00, 0x00, 0x00, 0x00, 0x00, 0x00, 0x00, 0x00,
    0x00, 0x00, 0x00, 0x00, 0x00, 0x00, 0x00, 0x00, 0x00, 0x00, 0x00, 0xbb, 0xfb, 0x00, 0xff, 0xff,
    0x00, 0xff, 0xff, 0x00, 0xff, 0xff, 0x00, 0xff, 0xff, 0x00, 0xff, 0xff, 0x00, 0xff, 0xff, 0x00,
    0xff, 0xfb, 0x00, 0x1c, 0x00, 0x00, 0x00, 0x00, 0x00, 0x00, 0x00, 0x00, 0x00, 0x00, 0x00, 0x00,
    0x00, 0x00, 0x00, 0x00, 0x00, 0x00, 0x00, 0x00, 0x00, 0x00, 0x00, 0x00, 0x00, 0x00, 0x00, 0x00,
    0x00, 0x00, 0x00, 0x00, 0x00, 0x00, 0x00, 0x00, 0x00, 0x00, 0x00, 0x00, 0x00, 0x00, 0x00, 0x00,
    0x00, 0x00, 0x00, 0x00, 0x00, 0x00, 0x00, 0x00, 0x00, 0x00, 0x00, 0x00, 0x00, 0x00, 0x00, 0x00,
    0x00, 0x00, 0x00, 0x00, 0x00, 0x00, 0x00, 0x00, 0x00, 0x00, 0x20, 0xc7, 0x00, 0xff, 0xff, 0x00,
    0xff, 0xff, 0x00, 0xff, 0xff, 0x00, 0xff, 0xff, 0x00, 0xff, 0xff, 0x00, 0xff, 0xff, 0x00, 0xff,
    0xff, 0x00, 0x91, 0x09, 0x00, 0x00, 0x00, 0x00, 0x00, 0x00, 0x00, 0x00, 0x00, 0x00, 0x00, 0x00,
    0x00, 0x00, 0x00, 0x00, 0x00, 0x00, 0x00, 0x64, 0xea, 0x00, 0xff, 0xff, 0x00, 0xff, 0xff, 0x00,
    0xff, 0xff, 0x00, 0xff, 0xff, 0x00, 0xff, 0xff, 0x00, 0xff, 0xff, 0x00, 0xff, 0xfe, 0x00, 0x24,
    0x23, 0xd3, 0x00, 0xff, 0xff, 0x00, 0xff, 0xff, 0x00, 0xff, 0xff, 0x00, 0xff, 0xff, 0x00, 0xff,
    0xff, 0x00, 0xff, 0xff, 0x00, 0xff, 0xff, 0x00, 0x6b, 0x06, 0x00, 0x00, 0x00, 0x00, 0x00, 0x00,
    0x00, 0x00, 0x00, 0x00, 0x00, 0x00, 0x00, 0x00, 0x00, 0x00, 0x00, 0x00, 0x00, 0x30, 0xdc, 0x00,
    0xff, 0xff, 0x00, 0xff, 0xff, 0x00, 0xff, 0xff, 0x00, 0xff, 0xff, 0x00, 0xff, 0xff, 0x00, 0xff,
    0xff, 0x00, 0xff, 0xfe, 0x00, 0x26, 0x00, 0x00, 0x00, 0x00, 0x00, 0x00, 0x00, 0x00, 0x00, 0x00,
    0x00, 0x00, 0x00, 0x00, 0x00, 0x00, 0x00, 0x00, 0x00, 0x00, 0x00, 0x00, 0x00, 0x00, 0x00, 0x00,
    0x00, 0x00, 0x00, 0x00, 0x00, 0x00, 0x00, 0x00, 0x00, 0x00, 0x00, 0x00, 0x00, 0x00, 0x00, 0x00,
    0x00, 0x00, 0x00, 0x00, 0x00, 0x00, 0x00, 0x00, 0x00, 0x00, 0x00, 0x00, 0x00, 0x00, 0x00, 0x00,
    0x00, 0x00, 0x00, 0x00, 0x00, 0x00, 0x00, 0x00, 0x00, 0x00, 0x00, 0x00, 0x26, 0xe4, 0x00, 0xff,
    0xff, 0x00, 0xff, 0xff, 0x00, 0xff, 0xff, 0x00, 0xff, 0xff, 0x00, 0xff, 0xff, 0x00, 0xff, 0xff,
    0x00, 0xff, 0xfd, 0x00, 0x14, 0x00, 0x00, 0x00, 0x00, 0x00, 0x00, 0x00, 0x00, 0x00, 0x00, 0x00,
    0x00, 0x00, 0x00, 0x00, 0x00, 0x00, 0x00, 0x00, 0x00, 0x12, 0xbb, 0x00, 0xff, 0xff, 0x00, 0xff,
    0xff, 0x00, 0xff, 0xff, 0x00, 0xff, 0xff, 0x00, 0xff, 0xff, 0x00, 0xff, 0xff, 0x00, 0xff, 0xff,
    0x00, 0x56, 0x27, 0xe8, 0x00, 0xff, 0xff, 0x00, 0xff, 0xff, 0x00, 0xff, 0xff, 0x00, 0xff, 0xff,
    0x00, 0xff, 0xff, 0x00, 0xff, 0xff, 0x00, 0xff, 0xfc, 0x00, 0x13, 0x00, 0x00, 0x00, 0x00, 0x00,
    0x00, 0x00, 0x00, 0x00, 0x00, 0x00, 0x00, 0x00, 0x00, 0x00, 0x00, 0x00, 0x00, 0x00, 0x00, 0x11,
    0xb3, 0x00, 0xff, 0xff, 0x00, 0xff, 0xff, 0x00, 0xff, 0xff, 0x00, 0xff, 0xff, 0x00, 0xff, 0xff,
    0x00, 0xff, 0xff, 0x00, 0xff, 0xff, 0x00, 0x6c, 0x00, 0x00, 0x00, 0x00, 0x00, 0x00, 0x00, 0x00,
    0x00, 0x00, 0x00, 0x00, 0x00, 0x00, 0x00, 0x00, 0x00, 0x00, 0x00, 0x00, 0x00, 0x00, 0x00, 0x00,
    0x00, 0x00, 0x00, 0x00, 0x00, 0x00, 0x00, 0x00, 0x00, 0x00, 0x00, 0x00, 0x00, 0x00, 0x00, 0x00,
    0x00, 0x00, 0x00, 0x00, 0x00, 0x00, 0x00, 0x00, 0x00, 0x00, 0x00, 0x00, 0x00, 0x00, 0x00, 0x00,
    0x00, 0x00, 0x00, 0x00, 0x00, 0x00, 0x00, 0x00, 0x00, 0x00, 0x00, 0x00, 0x00, 0x00, 0x38, 0xee,
    0x00, 0xff, 0xff, 0x00, 0xff, 0xff, 0x00, 0xff, 0xff, 0x00, 0xff, 0xff, 0x00, 0xff, 0xff, 0x00,
    0xff, 0xff, 0x00, 0xff, 0xfa, 0x00, 0x12, 0x00, 0x00, 0x00, 0x00, 0x00, 0x00, 0x00, 0x00, 0x00,
    0x00, 0x00, 0x00, 0x00, 0x00, 0x00, 0x00, 0x00, 0x00, 0x00, 0x00, 0x10, 0xa6, 0x00, 0xff, 0xff,
    0x00, 0xff, 0xff, 0x00, 0xff, 0xff, 0x00, 0xff, 0xff, 0x00, 0xff, 0xff, 0x00, 0xff, 0xff, 0x00,
    0xff, 0xff, 0x00, 0x7d, 0x4b, 0xf0, 0x00, 0xff, 0xff, 0x00, 0xff, 0xff, 0x00, 0xff, 0xff, 0x00,
    0xff, 0xff, 0x00, 0xff, 0xff, 0x00, 0xff, 0xff, 0x00, 0xff, 0xfa, 0x00, 0x12, 0x00, 0x00, 0x00,
    0x00, 0x00, 0x00, 0x00, 0x00, 0x00, 0x00, 0x00, 0x00, 0x00, 0x00, 0x00, 0x00, 0x00, 0x00, 0x00,
    0x00, 0x10, 0xa7, 0x00, 0xff, 0xff, 0x00, 0xff, 0xff, 0x00, 0xff, 0xff, 0x00, 0xff, 0xff, 0x00,
    0xff, 0xff, 0x00, 0xff, 0xff, 0x00, 0xff, 0xff, 0x00, 0x7e, 0x00, 0x00, 0x00, 0x00, 0x00, 0x00,
    0x00, 0x00, 0x00, 0x00, 0x00, 0x00, 0x00, 0x00, 0x00, 0x00, 0x00, 0x00, 0x00, 0x00, 0x00, 0x00,
    0x00, 0x00, 0x00, 0x00, 0x00, 0x00, 0x00, 0x00, 0x00, 0x00, 0x00, 0x00, 0x00, 0x00, 0x00, 0x00,
    0x00, 0x00, 0x00, 0x00, 0x00, 0x00, 0x00, 0x00, 0x00, 0x00, 0x00, 0x00, 0x00, 0x00, 0x00, 0x00,
    0x00, 0x00, 0x00, 0x00, 0x00, 0x00, 0x00, 0x00, 0x00, 0x00, 0x00, 0x00, 0x00, 0x00, 0x00, 0x00,
    0x2a, 0xeb, 0x00, 0xff, 0xff, 0x00, 0xff, 0xff, 0x00, 0xff, 0xff, 0x00, 0xff, 0xff, 0x00, 0xff,
    0xff, 0x00, 0xff, 0xff, 0x00, 0xff, 0xfc, 0x00, 0x13, 0x00, 0x00, 0x00, 0x00, 0x00, 0x00, 0x00,
    0x00, 0x00, 0x00, 0x00, 0x00, 0x00, 0x00, 0x00, 0x00, 0x00, 0x00, 0x00, 0x00, 0x11, 0xb4, 0x00,
    0xff, 0xff, 0x00, 0xff, 0xff, 0x00, 0xff, 0xff, 0x00, 0xff, 0xff, 0x00, 0xff, 0xff, 0x00, 0xff,
    0xff, 0x00, 0xff, 0xff, 0x00, 0x6d, 0x27, 0xe8, 0x00, 0xff, 0xff, 0x00, 0xff, 0xff, 0x00, 0xff,
    0xff, 0x00, 0xff, 0xff, 0x00, 0xff, 0xff, 0x00, 0xff, 0xff, 0x00, 0xff, 0xfd, 0x00, 0x17, 0x00,
    0x00, 0x00, 0x00, 0x00, 0x00, 0x00, 0x00, 0x00, 0x00, 0x00, 0x00, 0x00, 0x00, 0x00, 0x00, 0x00,
    0x00, 0x00, 0x00, 0x12, 0xbd, 0x00, 0xff, 0xff, 0x00, 0xff, 0xff, 0x00, 0xff, 0xff, 0x00, 0xff,
    0xff, 0x00, 0xff, 0xff, 0x00, 0xff, 0xff, 0x00, 0xff, 0xff, 0x00, 0x5f, 0x00, 0x00, 0x00, 0x00,
    0x00, 0x00, 0x00, 0x00, 0x00, 0x00, 0x00, 0x00, 0x00, 0x00, 0x00, 0x00, 0x00, 0x00, 0x00, 0x00,
    0x00, 0x00, 0x00, 0x00, 0x00, 0x00, 0x00, 0x00, 0x00, 0x00, 0x00, 0x00, 0x00, 0x00, 0x00, 0x00,
    0x00, 0x00, 0x00, 0x00, 0x00, 0x00, 0x00, 0x00, 0x00, 0x00, 0x00, 0x00, 0x00, 0x00, 0x00, 0x00,
    0x00, 0x00, 0x00, 0x00, 0x00, 0x00, 0x00, 0x00, 0x00, 0x00, 0x00, 0x00, 0x00, 0x00, 0x00, 0x00,
    0x00, 0x00, 0x25, 0xdc, 0x00, 0xff, 0xff, 0x00, 0xff, 0xff, 0x00, 0xff, 0xff, 0x00, 0xff, 0xff,
    0x00, 0xff, 0xff, 0x00, 0xff, 0xff, 0x00, 0xff, 0xff, 0x00, 0x6e, 0x07, 0x00, 0x00, 0x00, 0x00,
    0x00, 0x00, 0x00, 0x00, 0x00, 0x00, 0x00, 0x00, 0x00, 0x00, 0x00, 0x00, 0x00, 0x00, 0x00, 0x3d,
    0xe0, 0x00, 0xff, 0xff, 0x00, 0xff, 0xff, 0x00, 0xff, 0xff, 0x00, 0xff, 0xff, 0x00, 0xff, 0xff,
    0x00, 0xff, 0xff, 0x00, 0xff, 0xff, 0x00, 0x28, 0x22, 0xd0, 0x00, 0xff, 0xff, 0x00, 0xff, 0xff,
    0x00, 0xff, 0xff, 0x00, 0xff, 0xff, 0x00, 0xff, 0xff, 0x00, 0xff, 0xff, 0x00, 0xff, 0xff, 0x00,
    0x94, 0x0a, 0x00, 0x00, 0x00, 0x00, 0x00, 0x00, 0x00, 0x00, 0x00, 0x00, 0x00, 0x00, 0x00, 0x00,
    0x00, 0x00, 0x00, 0x00, 0x00, 0x77, 0xee, 0x00, 0xff, 0xff, 0x00, 0xff, 0xff, 0x00, 0xff, 0xff,
    0x00, 0xff, 0xff, 0x00, 0xff, 0xff, 0x00, 0xff, 0xff, 0x00, 0xff, 0xfe, 0x00, 0x24, 0x00, 0x00,
    0x00, 0x00, 0x00, 0x00, 0x00, 0x00, 0x00, 0x00, 0x00, 0x00, 0x00, 0x00, 0x00, 0x00, 0x00, 0x00,
    0x00, 0x00, 0x00, 0x00, 0x00, 0x00, 0x00, 0x00, 0x00, 0x00, 0x00, 0x00, 0x00, 0x00, 0x00, 0x00,
    0x00, 0x00, 0x00, 0x00, 0x00, 0x00, 0x00, 0x00, 0x00, 0x00, 0x00, 0x00, 0x00, 0x00, 0x00, 0x00,
    0x00, 0x00, 0x00, 0x00, 0x00, 0x00, 0x00, 0x00, 0x00, 0x00, 0x00, 0x00, 0x00, 0x00, 0x00, 0x00,
    0x00, 0x00, 0x00, 0x00, 0x1b, 0xb1, 0x00, 0xff, 0xff, 0x00, 0xff, 0xff, 0x00, 0xff, 0xff, 0x00,
    0xff, 0xff, 0x00, 0xff, 0xff, 0x00, 0xff, 0xff, 0x00, 0xff, 0xff, 0x00, 0xdb, 0x49, 0x00, 0x00,
    0x00, 0x00, 0x00, 0x00, 0x00, 0x00, 0x00, 0x00, 0x00, 0x00, 0x00, 0x00, 0x00, 0x00, 0x00, 0x01,
    0x00, 0xcc, 0xfd, 0x00, 0xff, 0xff, 0x00, 0xff, 0xff, 0x00, 0xff, 0xff, 0x00, 0xff, 0xff, 0x00,
    0xff, 0xff, 0x00, 0xff, 0xff, 0x00, 0xff, 0xfc, 0x00, 0x1f, 0x15, 0x95, 0x00, 0xff, 0xff, 0x00,
    0xff, 0xff, 0x00, 0xff, 0xff, 0x00, 0xff, 0xff, 0x00, 0xff, 0xff, 0x00, 0xff, 0xff, 0x00, 0xff,
    0xff, 0x00, 0xf1, 0x8e, 0x00, 0x00, 0x00, 0x00, 0x00, 0x00, 0x00, 0x00, 0x00, 0x00, 0x00, 0x00,
    0x00, 0x00, 0x00, 0x00, 0x00, 0x05, 0x00, 0xe9, 0xff, 0x00, 0xff, 0xff, 0x00, 0xff, 0xff, 0x00,
    0xff, 0xff, 0x00, 0xff, 0xff, 0x00, 0xff, 0xff, 0x00, 0xff, 0xff, 0x00, 0xff, 0xfb, 0x00, 0x19,
    0x00, 0x00, 0x00, 0x00, 0x00, 0x00, 0x00, 0x00, 0x00, 0x00, 0x00, 0x00, 0x00, 0x00, 0x00, 0x00,
    0x00, 0x00, 0x00, 0x00, 0x00, 0x00, 0x00, 0x00, 0x00, 0x00, 0x00, 0x00, 0x00, 0x00, 0x00, 0x00,
    0x00, 0x00, 0x00, 0x00, 0x00, 0x00, 0x00, 0x00, 0x00, 0x00, 0x00, 0x00, 0x00, 0x00, 0x00, 0x00,
    0x00, 0x00, 0x00, 0x00, 0x00, 0x00, 0x00, 0x00, 0x00, 0x00, 0x00, 0x00, 0x00, 0x00, 0x00, 0x00,
    0x00, 0x00, 0x00, 0x00, 0x00, 0x00, 0x01, 0x33, 0x00, 0xfe, 0xff, 0x00, 0xff, 0xff, 0x00, 0xff,
    0xff, 0x00, 0xff, 0xff, 0x00, 0xff, 0xff, 0x00, 0xff, 0xff, 0x00, 0xff, 0xff, 0x00, 0xff, 0xf0,
    0x00, 0x07, 0x00, 0x00, 0x00, 0x00, 0x00, 0x00, 0x00, 0x00, 0x00, 0x00, 0x00, 0x00, 0x00, 0x00,
    0x05, 0x70, 0x00, 0xff, 0xff, 0x00, 0xff, 0xff, 0x00, 0xff, 0xff, 0x00, 0xff, 0xff, 0x00, 0xff,
    0xff, 0x00, 0xff, 0xff, 0x00, 0xff, 0xff, 0x00, 0xff, 0xec, 0x00, 0x03, 0x00, 0x27, 0x00, 0xfd,
    0xff, 0x00, 0xff, 0xff, 0x00, 0xff, 0xff, 0x00, 0xff, 0xff, 0x00, 0xff, 0xff, 0x00, 0xff, 0xff,
    0x00, 0xff, 0xff, 0x00, 0xff, 0xfd, 0x00, 0x54, 0x04, 0x00, 0x00, 0x00, 0x00, 0x00, 0x00, 0x00,
    0x00, 0x00, 0x00, 0x00, 0x00, 0x00, 0x3a, 0xbf, 0x00, 0xff, 0xff, 0x00, 0xff, 0xff, 0x00, 0xff,
    0xff, 0x00, 0xff, 0xff, 0x00, 0xff, 0xff, 0x00, 0xff, 0xff, 0x00, 0xff, 0xff, 0x00, 0xfe, 0xd8,
    0x00, 0x00, 0x00, 0x00, 0x00, 0x00, 0x00, 0x00, 0x00, 0x00, 0x00, 0x00, 0x00, 0x00, 0x00, 0x00,
    0x00, 0x00, 0x00, 0x00, 0x00, 0x00, 0x00, 0x00, 0x00, 0x00, 0x00, 0x00, 0x00, 0x00, 0x00, 0x00,
    0x00, 0x00, 0x00, 0x00, 0x00, 0x00, 0x00, 0x00, 0x00, 0x00, 0x00, 0x00, 0x00, 0x00, 0x00, 0x00,
    0x00, 0x00, 0x00, 0x00, 0x00, 0x00, 0x00, 0x00, 0x00, 0x00, 0x00, 0x00, 0x00, 0x00, 0x00, 0x00,
    0x00, 0x00, 0x00, 0x00, 0x00, 0x00, 0x00, 0x00, 0x00, 0x09, 0x00, 0xf1, 0xff, 0x00, 0xff, 0xff,
    0x00, 0xff, 0xff, 0x00, 0xff, 0xff, 0x00, 0xff, 0xff, 0x00, 0xff, 0xff, 0x00, 0xff, 0xff, 0x00,
    0xff, 0xff, 0x00, 0xf3, 0xab, 0x00, 0x08, 0x00, 0x00, 0x00, 0x00, 0x00, 0x00, 0x00, 0x00, 0x05,
    0x25, 0x00, 0xe9, 0xfe, 0x00, 0xff, 0xff, 0x00, 0xff, 0xff, 0x00, 0xff, 0xff, 0x00, 0xff, 0xff,
    0x00, 0xff, 0xff, 0x00, 0xff, 0xff, 0x00, 0xff, 0xff, 0x00, 0xf8, 0x7a, 0x00, 0x00, 0x00, 0x01,
    0x00, 0xd6, 0xff, 0x00, 0xff, 0xff, 0x00, 0xff, 0xff, 0x00, 0xff, 0xff, 0x00, 0xff, 0xff, 0x00,
    0xff, 0xff, 0x00, 0xff, 0xff, 0x00, 0xff, 0xff, 0x00, 0xff, 0xf5, 0x00, 0x51, 0x1a, 0x00, 0x00,
    0x00, 0x00, 0x00, 0x04, 0x00, 0x42, 0xa2, 0x00, 0xfe, 0xff, 0x00, 0xff, 0xff, 0x00, 0xff, 0xff,
    0x00, 0xff, 0xff, 0x00, 0xff, 0xff, 0x00, 0xff, 0xff, 0x00, 0xff, 0xff, 0x00, 0xff, 0xff, 0x00,
    0xe3, 0x3f, 0x00, 0x00, 0x00, 0x00, 0x00, 0x00, 0x00, 0x00, 0x00, 0x00, 0x00, 0x00, 0x00, 0x00,
    0x00, 0x00, 0x00, 0x00, 0x00, 0x00, 0x00, 0x00, 0x00, 0x00, 0x00, 0x00, 0x00, 0x00, 0x00, 0x00,
    0x00, 0x00, 0x00, 0x00, 0x00, 0x00, 0x00, 0x00, 0x00, 0x00, 0x00, 0x00, 0x00, 0x00, 0x00, 0x00,
    0x00, 0x00, 0x00, 0x00, 0x00, 0x00, 0x00, 0x00, 0x00, 0x00, 0x00, 0x00, 0x00, 0x00, 0x00, 0x00,
    0x00, 0x00, 0x00, 0x00, 0x00, 0x00, 0x00, 0x00, 0x00, 0x00, 0x00, 0x00, 0x00, 0x5d, 0xed, 0x00,
    0xff, 0xff, 0x00, 0xff, 0xff, 0x00, 0xff, 0xff, 0x00, 0xff, 0xff, 0x00, 0xff, 0xff, 0x00, 0xff,
    0xff, 0x00, 0xff, 0xff, 0x00, 0xff, 0xff, 0x00, 0xfe, 0xfb, 0x00, 0xd9, 0xce, 0x00, 0xd6, 0xe9,
    0x00, 0xfe, 0xff, 0x00, 0xff, 0xff, 0x00, 0xff, 0xff, 0x00, 0xff, 0xff, 0x00, 0xff, 0xff, 0x00,
    0xff, 0xff, 0x00, 0xff, 0xff, 0x00, 0xff, 0xff, 0x00, 0xff, 0xff, 0x00, 0x76, 0x10, 0x00, 0x00,
    0x00, 0x00, 0x00, 0x31, 0xbe, 0x00, 0xff, 0xff, 0x00, 0xff, 0xff, 0x00, 0xff, 0xff, 0x00, 0xff,
    0xff, 0x00, 0xff, 0xff, 0x00, 0xff, 0xff, 0x00, 0xff, 0xff, 0x00, 0xff, 0xff, 0x00, 0xff, 0xff,
    0x00, 0xff, 0xff, 0x00, 0xff, 0xff, 0x00, 0xff, 0xff, 0x00, 0xff, 0xff, 0x00, 0xff, 0xff, 0x00,
    0xff, 0xff, 0x00, 0xff, 0xff, 0x00, 0xff, 0xff, 0x00, 0xff, 0xff, 0x00, 0xff, 0xff, 0x00, 0xff,
    0xff, 0x00, 0x3d, 0x00, 0x00, 0x00, 0x00, 0x00, 0x00, 0x00, 0x00, 0x00, 0x00, 0x00, 0x00, 0x00,
    0x00, 0x00, 0x00, 0x00, 0x00, 0x00, 0x00, 0x00, 0x00, 0x00, 0x00, 0x00, 0x00, 0x00, 0x00, 0x00,
    0x00, 0x00, 0x00, 0x00, 0x00, 0x00, 0x00, 0x00, 0x00, 0x00, 0x00, 0x00, 0x00, 0x00, 0x00, 0x00,
    0x00, 0x00, 0x00, 0x00, 0x00, 0x00, 0x00, 0x00, 0x00, 0x00, 0x00, 0x00, 0x00, 0x00, 0x00, 0x00,
    0x00, 0x00, 0x00, 0x00, 0x00, 0x00, 0x00, 0x00, 0x00, 0x00, 0x00, 0x00, 0x00, 0x00, 0x00, 0x00,
    0x3a, 0x00, 0xfe, 0xff, 0x00, 0xff, 0xff, 0x00, 0xff, 0xff, 0x00, 0xff, 0xff, 0x00, 0xff, 0xff,
    0x00, 0xff, 0xff, 0x00, 0xff, 0xff, 0x00, 0xff, 0xff, 0x00, 0xff, 0xff, 0x00, 0xff, 0xff, 0x00,
    0xff, 0xff, 0x00, 0xff, 0xff, 0x00, 0xff, 0xff, 0x00, 0xff, 0xff, 0x00, 0xff, 0xff, 0x00, 0xff,
    0xff, 0x00, 0xff, 0xff, 0x00, 0xff, 0xff, 0x00, 0xff, 0xff, 0x00, 0xff, 0xd9, 0x00, 0x00, 0x00,
    0x00, 0x00, 0x00, 0x00, 0x00, 0x00, 0x0f, 0x00, 0xee, 0xff, 0x00, 0xff, 0xff, 0x00, 0xff, 0xff,
    0x00, 0xff, 0xff, 0x00, 0xff, 0xff, 0x00, 0xff, 0xff, 0x00, 0xff, 0xff, 0x00, 0xff, 0xff, 0x00,
    0xff, 0xff, 0x00, 0xff, 0xff, 0x00, 0xff, 0xff, 0x00, 0xff, 0xff, 0x00, 0xff, 0xff, 0x00, 0xff,
    0xff, 0x00, 0xff, 0xff, 0x00, 0xff, 0xff, 0x00, 0xff, 0xff, 0x00, 0xff, 0xff, 0x00, 0xff, 0xff,
    0x00, 0xf6, 0x8b, 0x00, 0x00, 0x00, 0x00, 0x00, 0x00, 0x00, 0x00, 0x00, 0x00, 0x00, 0x00, 0x00,
    0x00, 0x00, 0x00, 0x00, 0x00, 0x00, 0x00, 0x00, 0x00, 0x00, 0x00, 0x00, 0x00, 0x00, 0x00, 0x00,
    0x00, 0x00, 0x00, 0x00, 0x00, 0x00, 0x00, 0x00, 0x00, 0x00, 0x00, 0x00, 0x00, 0x00, 0x00, 0x00,
    0x00, 0x00, 0x00, 0x00, 0x00, 0x00, 0x00, 0x00, 0x00, 0x00, 0x00, 0x00, 0x00, 0x00, 0x00, 0x00,
    0x00, 0x00, 0x00, 0x00, 0x00, 0x00, 0x00, 0x00, 0x00, 0x00, 0x00, 0x00, 0x00, 0x00, 0x00, 0x00,
    0x00, 0x00, 0x00, 0x00, 0x69, 0xe0, 0x00, 0xff, 0xff, 0x00, 0xff, 0xff, 0x00, 0xff, 0xff, 0x00,
    0xff, 0xff, 0x00, 0xff, 0xff, 0x00, 0xff, 0xff, 0x00, 0xff, 0xff, 0x00, 0xff, 0xff, 0x00, 0xff,
    0xff, 0x00, 0xff, 0xff, 0x00, 0xff, 0xff, 0x00, 0xff, 0xff, 0x00, 0xff, 0xff, 0x00, 0xff, 0xff,
    0x00, 0xff, 0xff, 0x00, 0xff, 0xff, 0x00, 0xff, 0xff, 0x00, 0xff, 0xff, 0x00, 0x7f, 0x0f, 0x00,
    0x00, 0x00, 0x00, 0x00, 0x00, 0x00, 0x00, 0x00, 0x00, 0x00, 0x12, 0x92, 0x00, 0xff, 0xff, 0x00,
    0xff, 0xff, 0x00, 0xff, 0xff, 0x00, 0xff, 0xff, 0x00, 0xff, 0xff, 0x00, 0xff, 0xff, 0x00, 0xff,
    0xff, 0x00, 0xff, 0xff, 0x00, 0xff, 0xff, 0x00, 0xff, 0xff, 0x00, 0xff, 0xff, 0x00, 0xff, 0xff,
    0x00, 0xff, 0xff, 0x00, 0xff, 0xff, 0x00, 0xff, 0xff, 0x00, 0xff, 0xff, 0x00, 0xff, 0xff, 0x00,
    0xff, 0xf8, 0x00, 0x28, 0x00, 0x00, 0x00, 0x00, 0x00, 0x00, 0x00, 0x00, 0x00, 0x00, 0x00, 0x00,
    0x00, 0x00, 0x00, 0x00, 0x00, 0x00, 0x00, 0x00, 0x00, 0x00, 0x00, 0x00, 0x00, 0x00, 0x00, 0x00,
    0x00, 0x00, 0x00, 0x00, 0x00, 0x00, 0x00, 0x00, 0x00, 0x00, 0x00, 0x00, 0x00, 0x00, 0x00, 0x00,
    0x00, 0x00, 0x00, 0x00, 0x00, 0x00, 0x00, 0x00, 0x00, 0x00, 0x00, 0x00, 0x00, 0x00, 0x00, 0x00,
    0x00, 0x00, 0x00, 0x00, 0x00, 0x00, 0x00, 0x00, 0x00, 0x00, 0x00, 0x00, 0x00, 0x00, 0x00, 0x00,
    0x00, 0x00, 0x00, 0x00, 0x00, 0x00, 0x00, 0x07, 0x00, 0xd2, 0xfc, 0x00, 0xff, 0xff, 0x00, 0xff,
    0xff, 0x00, 0xff, 0xff, 0x00, 0xff, 0xff, 0x00, 0xff, 0xff, 0x00, 0xff, 0xff, 0x00, 0xff, 0xff,
    0x00, 0xff, 0xff, 0x00, 0xff, 0xff, 0x00, 0xff, 0xff, 0x00, 0xff, 0xff, 0x00, 0xff, 0xff, 0x00,
    0xff, 0xff, 0x00, 0xff, 0xff, 0x00, 0xff, 0xff, 0x00, 0xff, 0xff, 0x00, 0xdd, 0x6d, 0x00, 0x00,
    0x00, 0x00, 0x00, 0x00, 0x00, 0x00, 0x00, 0x00, 0x00, 0x00, 0x00, 0x00, 0x00, 0x00, 0x00, 0x6c,
    0xdd, 0x00, 0xff, 0xff, 0x00, 0xff, 0xff, 0x00, 0xff, 0xff, 0x00, 0xff, 0xff, 0x00, 0xff, 0xff,
    0x00, 0xff, 0xff, 0x00, 0xff, 0xff, 0x00, 0xff, 0xff, 0x00, 0xff, 0xff, 0x00, 0xff, 0xff, 0x00,
    0xff, 0xff, 0x00, 0xff, 0xff, 0x00, 0xff, 0xff, 0x00, 0xff, 0xff, 0x00, 0xff, 0xff, 0x00, 0xff,
    0xfe, 0x00, 0x7d, 0x0d, 0x00, 0x00, 0x00, 0x00, 0x00, 0x00, 0x00, 0x00, 0x00, 0x00, 0x00, 0x00,
    0x00, 0x00, 0x00, 0x00, 0x00, 0x00, 0x00, 0x00, 0x00, 0x00, 0x00, 0x00, 0x00, 0x00, 0x00, 0x00,
    0x00, 0x00, 0x00, 0x00, 0x00, 0x00, 0x00, 0x00, 0x00, 0x00, 0x00, 0x00, 0x00, 0x00, 0x00, 0x00,
    0x00, 0x00, 0x00, 0x00, 0x00, 0x00, 0x00, 0x00, 0x00, 0x00, 0x00, 0x00, 0x00, 0x00, 0x00, 0x00,
    0x00, 0x00, 0x00, 0x00, 0x00, 0x00, 0x00, 0x00, 0x00, 0x00, 0x00, 0x00, 0x00, 0x00, 0x00, 0x00,
    0x00, 0x00, 0x00, 0x00, 0x00, 0x00, 0x00, 0x00, 0x00, 0x00, 0x00, 0x00, 0x0e, 0x00, 0xdb, 0xfd,
    0x00, 0xff, 0xff, 0x00, 0xff, 0xff, 0x00, 0xff, 0xff, 0x00, 0xff, 0xff, 0x00, 0xff, 0xff, 0x00,
    0xff, 0xff, 0x00, 0xff, 0xff, 0x00, 0xff, 0xff, 0x00, 0xff, 0xff, 0x00, 0xff, 0xff, 0x00, 0xff,
    0xff, 0x00, 0xff, 0xff, 0x00, 0xff, 0xff, 0x00, 0xff, 0xff, 0x00, 0xe4, 0x82, 0x00, 0x00, 0x00,
    0x00, 0x00, 0x00, 0x00, 0x00, 0x00, 0x00, 0x00, 0x00, 0x00, 0x00, 0x00, 0x00, 0x00, 0x00, 0x00,
    0x00, 0x00, 0x00, 0x00, 0x6d, 0xd2, 0x00, 0xff, 0xff, 0x00, 0xff, 0xff, 0x00, 0xff, 0xff, 0x00,
    0xff, 0xff, 0x00, 0xff, 0xff, 0x00, 0xff, 0xff, 0x00, 0xff, 0xff, 0x00, 0xff, 0xff, 0x00, 0xff,
    0xff, 0x00, 0xff, 0xff, 0x00, 0xff, 0xff, 0x00, 0xff, 0xff, 0x00, 0xff, 0xff, 0x00, 0xff, 0xfc,
    0x00, 0x7b, 0x10, 0x00, 0x00, 0x00, 0x00, 0x00, 0x00, 0x00, 0x00, 0x00, 0x00, 0x00, 0x00, 0x00,
    0x00, 0x00, 0x00, 0x00, 0x00, 0x00, 0x00, 0x00, 0x00, 0x00, 0x00, 0x00, 0x00, 0x00, 0x00, 0x00,
    0x00, 0x00, 0x00, 0x00, 0x00, 0x00, 0x00, 0x00, 0x00, 0x00, 0x00, 0x00, 0x00, 0x00, 0x00, 0x00,
    0x00, 0x00, 0x00, 0x00, 0x00, 0x00, 0x00, 0x00, 0x00, 0x00, 0x00, 0x00, 0x00, 0x00, 0x00, 0x00,
    0x00, 0x00, 0x00, 0x00, 0x00, 0x00, 0x00, 0x00, 0x00, 0x00, 0x00, 0x00, 0x00, 0x00, 0x00, 0x00,
    0x00, 0x00, 0x00, 0x00, 0x00, 0x00, 0x00, 0x00, 0x00, 0x00, 0x00, 0x00, 0x00, 0x00, 0x00, 0x00,
    0x00, 0x08, 0x00, 0x8d, 0xe1, 0x00, 0xff, 0xff, 0x00, 0xff, 0xff, 0x00, 0xff, 0xff, 0x00, 0xff,
    0xff, 0x00, 0xff, 0xff, 0x00, 0xff, 0xff, 0x00, 0xff, 0xff, 0x00, 0xff, 0xff, 0x00, 0xff, 0xff,
    0x00, 0xff, 0xff, 0x00, 0xff, 0xff, 0x00, 0xff, 0xfe, 0x00, 0x9e, 0x46, 0x00, 0x00, 0x00, 0x00,
    0x00, 0x00, 0x00, 0x00, 0x00, 0x00, 0x00, 0x00, 0x00, 0x00, 0x00, 0x00, 0x00, 0x00, 0x00, 0x00,
    0x00, 0x00, 0x00, 0x00, 0x00, 0x00, 0x00, 0x00, 0x00, 0x19, 0x5d, 0x00, 0xee, 0xfe, 0x00, 0xff,
    0xff, 0x00, 0xff, 0xff, 0x00, 0xff, 0xff, 0x00, 0xff, 0xff, 0x00, 0xff, 0xff, 0x00, 0xff, 0xff,
    0x00, 0xff, 0xff, 0x00, 0xff, 0xff, 0x00, 0xff, 0xff, 0x00, 0xff, 0xff, 0x00, 0xf3, 0xbf, 0x00,
    0x23, 0x05, 0x00, 0x00, 0x00, 0x00, 0x00, 0x00, 0x00, 0x00, 0x00, 0x00, 0x00, 0x00, 0x00, 0x00,
    0x00, 0x00, 0x00, 0x00, 0x00, 0x00, 0x00, 0x00, 0x00, 0x00, 0x00, 0x00, 0x00, 0x00, 0x00, 0x00,
    0x00, 0x00, 0x00, 0x00, 0x00, 0x00, 0x00, 0x00, 0x00, 0x00, 0x00, 0x00, 0x00, 0x00, 0x00, 0x00,
    0x00, 0x00, 0x00, 0x00, 0x00, 0x00, 0x00, 0x00, 0x00, 0x00, 0x00, 0x00, 0x00, 0x00, 0x00, 0x00,
    0x00, 0x00, 0x00, 0x00, 0x00, 0x00, 0x00, 0x00, 0x00, 0x00, 0x00, 0x00, 0x00, 0x00, 0x00, 0x00,
    0x00, 0x00, 0x00, 0x00, 0x00, 0x00, 0x00, 0x00, 0x00, 0x00, 0x00, 0x00, 0x00, 0x00, 0x00, 0x00,
    0x00, 0x00, 0x00, 0x00, 0x00, 0x00, 0x00, 0x00, 0x0e, 0x2a, 0x00, 0xa8, 0xd8, 0x00, 0xfb, 0xfd,
    0x00, 0xff, 0xff, 0x00, 0xff, 0xff, 0x00, 0xff, 0xff, 0x00, 0xff, 0xff, 0x00, 0xff, 0xff, 0x00,
    0xff, 0xff, 0x00, 0xfc, 0xf6, 0x00, 0xb8, 0x71, 0x00, 0x11, 0x00, 0x00, 0x00, 0x00, 0x00, 0x00,
    0x00, 0x00, 0x00, 0x00, 0x00, 0x00, 0x00, 0x00, 0x00, 0x00, 0x00, 0x00, 0x00, 0x00, 0x00, 0x00,
    0x00, 0x00, 0x00, 0x00, 0x00, 0x00, 0x00, 0x00, 0x00, 0x00, 0x00, 0x00, 0x00, 0x00, 0x00, 0x00,
    0x00, 0x1d, 0x31, 0x00, 0xad, 0xd0, 0x00, 0xf5, 0xf9, 0x00, 0xfc, 0xfd, 0x00, 0xfe, 0xff, 0x00,
    0xff, 0xfe, 0x00, 0xfd, 0xfb, 0x00, 0xf7, 0xef, 0x00, 0xbd, 0x86, 0x00, 0x22, 0x0f, 0x00, 0x00,
    0x00, 0x00, 0x00, 0x00, 0x00, 0x00, 0x00, 0x00, 0x00, 0x00, 0x00, 0x00, 0x00, 0x00, 0x00, 0x00,
    0x00, 0x00, 0x00, 0x00, 0x00, 0x00, 0x00, 0x00, 0x00, 0x00, 0x00, 0x00, 0x00, 0x00, 0x00, 0x00,
    0x00, 0x00, 0x00, 0x00, 0x00, 0x00, 0x00, 0x00, 0x00, 0x00, 0x00, 0x00, 0x00, 0x00, 0x00, 0x00,
    0x00, 0x00, 0x00, 0x00, 0x00, 0x00, 0x00, 0x00, 0x00, 0x00, 0x00, 0x00, 0x00, 0x00, 0x00, 0x00,
    0x00, 0x00, 0x00, 0x00, 0x00, 0x00, 0x00, 0x00, 0x00, 0x00, 0x00, 0x00, 0x00, 0x00, 0x00, 0x00,
    0x00, 0x00, 0x00, 0x00, 0x00, 0x00, 0x00, 0x00,
};
static const lv_image_dsc_t melt_img_45 = {
    .header.magic = LV_IMAGE_HEADER_MAGIC,
    .header.cf = LV_COLOR_FORMAT_A8,
    .header.flags = 0,
    .header.w = 70,
    .header.h = 108,
    .header.stride = 70,
    .data_size = sizeof melt_img_45_px,
    .data = melt_img_45_px,
};

static const uint8_t melt_img_46_px[] __attribute__((aligned(4))) = {
    0x81, 0xba, 0x00, 0xbe, 0xbe, 0x00, 0xbe, 0xbe, 0x00, 0xbe, 0xbe, 0x00, 0xbe, 0xbe, 0x00, 0xbe,
    0xbe, 0x00, 0xbe, 0xbe, 0x00, 0xbe, 0xbe, 0x00, 0xbe, 0xbe, 0x00, 0xbe, 0xbe, 0x00, 0xbe, 0xbe,
    0x00, 0xbe, 0xbe, 0x00, 0xbe, 0xbe, 0x00, 0xbe, 0xbe, 0x00, 0xbe, 0xbe, 0x00, 0xbe, 0xbe, 0x00,
    0xbe, 0xbe, 0x00, 0xbe, 0xbe, 0x00, 0xbe, 0xbe, 0x00, 0xbe, 0xbe, 0x00, 0xbe, 0xbe, 0x00, 0x64,
    0xab, 0xf5, 0x00, 0xfb, 0xfb, 0x00, 0xfb, 0xfb, 0x00, 0xfb, 0xfb, 0x00, 0xfb, 0xfb, 0x00, 0xfb,
    0xfb, 0x00, 0xfb, 0xfb, 0x00, 0xfb, 0xfb, 0x00, 0xfb, 0xfb, 0x00, 0xfb, 0xfb, 0x00, 0xfb, 0xfb,
    0x00, 0xfb, 0xfb, 0x00, 0xfb, 0xfb, 0x00, 0xfb, 0xfb, 0x00, 0xfb, 0xfb, 0x00, 0xfb, 0xfb, 0x00,
    0xfb, 0xfb, 0x00, 0xfb, 0xfb, 0x00, 0xfb, 0xfb, 0x00, 0xfb, 0xfb, 0x00, 0xfb, 0xfb, 0x00, 0x85,
    0x00, 0x00, 0x00, 0x00, 0x00, 0x00, 0x00, 0x00, 0x00, 0x00, 0x00, 0x00, 0x00, 0x00, 0x00, 0x00,
    0x00, 0x00, 0x00, 0x00, 0x00, 0x00, 0x00, 0x00, 0x00, 0x00, 0x00, 0x00, 0x00, 0x00, 0x00, 0x00,
    0x00, 0x00, 0x00, 0x00, 0x00, 0x00, 0x00, 0x00, 0x00, 0x00, 0x00, 0x00, 0x00, 0x00, 0x00, 0x00,
    0x00, 0x00, 0x00, 0x00, 0x00, 0x00, 0x00, 0x00, 0x00, 0x00, 0x00, 0x00, 0x00, 0x00, 0x00, 0x00,
    0xae, 0xf9, 0x00, 0xff, 0xff, 0x00, 0xff, 0xff, 0x00, 0xff, 0xff, 0x00, 0xff, 0xff, 0x00, 0xff,
    0xff, 0x00, 0xff, 0xff, 0x00, 0xff, 0xff, 0x00, 0xff, 0xff, 0x00, 0xff, 0xff, 0x00, 0xff, 0xff,
    0x00, 0xff, 0xff, 0x00, 0xff, 0xff, 0x00, 0xff, 0xff, 0x00, 0xff, 0xff, 0x00, 0xff, 0xff, 0x00,
    0xff, 0xff, 0x00, 0xff, 0xff, 0x00, 0xff, 0xff, 0x00, 0xff, 0xff, 0x00, 0xff, 0xff, 0x00, 0x87,
    0xae, 0xf9, 0x00, 0xff, 0xff, 0x00, 0xff, 0xff, 0x00, 0xff, 0xff, 0x00, 0xff, 0xff, 0x00, 0xff,
    0xff, 0x00, 0xff, 0xff, 0x00, 0xff, 0xff, 0x00, 0xff, 0xff, 0x00, 0xff, 0xff, 0x00, 0xff, 0xff,
    0x00, 0xff, 0xff, 0x00, 0xff, 0xff, 0x00, 0xff, 0xff, 0x00, 0xff, 0xff, 0x00, 0xff, 0xff, 0x00,
    0xff, 0xff, 0x00, 0xff, 0xff, 0x00, 0xff, 0xff, 0x00, 0xff, 0xff, 0x00, 0xff, 0xff, 0x00, 0x87,
    0x00, 0x00, 0x00, 0x00, 0x00, 0x00, 0x00, 0x00, 0x00, 0x00, 0x00, 0x00, 0x00, 0x00, 0x00, 0x00,
    0x00, 0x00, 0x00, 0x00, 0x00, 0x00, 0x00, 0x00, 0x00, 0x00, 0x00, 0x00, 0x00, 0x00, 0x00, 0x00,
    0x00, 0x00, 0x00, 0x00, 0x00, 0x00, 0x00, 0x00, 0x00, 0x00, 0x00, 0x00, 0x00, 0x00, 0x00, 0x00,
    0x00, 0x00, 0x00, 0x00, 0x00, 0x00, 0x00, 0x00, 0x00, 0x00, 0x00, 0x00, 0x00, 0x00, 0x00, 0x00,
    0xae, 0xf9, 0x00, 0xff, 0xff, 0x00, 0xff, 0xff, 0x00, 0xff, 0xff, 0x00, 0xff, 0xff, 0x00, 0xff,
    0xff, 0x00, 0xff, 0xff, 0x00, 0xff, 0xff, 0x00, 0xff, 0xff, 0x00, 0xff, 0xff, 0x00, 0xff, 0xff,
    0x00, 0xff, 0xff, 0x00, 0xff, 0xff, 0x00, 0xff, 0xff, 0x00, 0xff, 0xff, 0x00, 0xff, 0xff, 0x00,
    0xff, 0xff, 0x00, 0xff, 0xff, 0x00, 0xff, 0xff, 0x00, 0xff, 0xff, 0x00, 0xff, 0xff, 0x00, 0x87,
    0xae, 0xf9, 0x00, 0xff, 0xff, 0x00, 0xff, 0xff, 0x00, 0xff, 0xff, 0x00, 0xff, 0xff, 0x00, 0xff,
    0xff, 0x00, 0xff, 0xff, 0x00, 0xff, 0xff, 0x00, 0xff, 0xff, 0x00, 0xff, 0xff, 0x00, 0xff, 0xff,
    0x00, 0xff, 0xff, 0x00, 0xff, 0xff, 0x00, 0xff, 0xff, 0x00, 0xff, 0xff, 0x00, 0xff, 0xff, 0x00,
    0xff, 0xff, 0x00, 0xff, 0xff, 0x00, 0xff, 0xff, 0x00, 0xff, 0xff, 0x00, 0xff, 0xff, 0x00, 0x87,
    0x00, 0x00, 0x00, 0x00, 0x00, 0x00, 0x00, 0x00, 0x00, 0x00, 0x00, 0x00, 0x00, 0x00, 0x00, 0x00,
    0x00, 0x00, 0x00, 0x00, 0x00, 0x00, 0x00, 0x00, 0x00, 0x00, 0x00, 0x00, 0x00, 0x00, 0x00, 0x00,
    0x00, 0x00, 0x00, 0x00, 0x00, 0x00, 0x00, 0x00, 0x00, 0x00, 0x00, 0x00, 0x00, 0x00, 0x00, 0x00,
    0x00, 0x00, 0x00, 0x00, 0x00, 0x00, 0x00, 0x00, 0x00, 0x00, 0x00, 0x00, 0x00, 0x00, 0x00, 0x00,
    0xae, 0xf9, 0x00, 0xff, 0xff, 0x00, 0xff, 0xff, 0x00, 0xff, 0xff, 0x00, 0xff, 0xff, 0x00, 0xff,
    0xff, 0x00, 0xff, 0xff, 0x00, 0xff, 0xff, 0x00, 0xff, 0xff, 0x00, 0xff, 0xff, 0x00, 0xff, 0xff,
    0x00, 0xff, 0xff, 0x00, 0xff, 0xff, 0x00, 0xff, 0xff, 0x00, 0xff, 0xff, 0x00, 0xff, 0xff, 0x00,
    0xff, 0xff, 0x00, 0xff, 0xff, 0x00, 0xff, 0xff, 0x00, 0xff, 0xff, 0x00, 0xff, 0xff, 0x00, 0x87,
    0xae, 0xf9, 0x00, 0xff, 0xff, 0x00, 0xff, 0xff, 0x00, 0xff, 0xff, 0x00, 0xff, 0xff, 0x00, 0xff,
    0xff, 0x00, 0xff, 0xff, 0x00, 0xff, 0xff, 0x00, 0xff, 0xff, 0x00, 0xff, 0xff, 0x00, 0xff, 0xff,
    0x00, 0xff, 0xff, 0x00, 0xff, 0xff, 0x00, 0xff, 0xff, 0x00, 0xff, 0xff, 0x00, 0xff, 0xff, 0x00,
    0xff, 0xff, 0x00, 0xff, 0xff, 0x00, 0xff, 0xff, 0x00, 0xff, 0xff, 0x00, 0xff, 0xff, 0x00, 0x87,
    0x00, 0x00, 0x00, 0x00, 0x00, 0x00, 0x00, 0x00, 0x00, 0x00, 0x00, 0x00, 0x00, 0x00, 0x00, 0x00,
    0x00, 0x00, 0x00, 0x00, 0x00, 0x00, 0x00, 0x00, 0x00, 0x00, 0x00, 0x00, 0x00, 0x00, 0x00, 0x00,
    0x00, 0x00, 0x00, 0x00, 0x00, 0x00, 0x00, 0x00, 0x00, 0x00, 0x00, 0x00, 0x00, 0x00, 0x00, 0x00,
    0x00, 0x00, 0x00, 0x00, 0x00, 0x00, 0x00, 0x00, 0x00, 0x00, 0x00, 0x00, 0x00, 0x00, 0x00, 0x00,
    0xae, 0xf9, 0x00, 0xff, 0xff, 0x00, 0xff, 0xff, 0x00, 0xff, 0xff, 0x00, 0xff, 0xff, 0x00, 0xff,
    0xff, 0x00, 0xff, 0xff, 0x00, 0xff, 0xff, 0x00, 0xff, 0xff, 0x00, 0xff, 0xff, 0x00, 0xff, 0xff,
    0x00, 0xff, 0xff, 0x00, 0xff, 0xff, 0x00, 0xff, 0xff, 0x00, 0xff, 0xff, 0x00, 0xff, 0xff, 0x00,
    0xff, 0xff, 0x00, 0xff, 0xff, 0x00, 0xff, 0xff, 0x00, 0xff, 0xff, 0x00, 0xff, 0xff, 0x00, 0x87,
    0xae, 0xf9, 0x00, 0xff, 0xff, 0x00, 0xff, 0xff, 0x00, 0xff, 0xff, 0x00, 0xff, 0xff, 0x00, 0xff,
    0xff, 0x00, 0xff, 0xff, 0x00, 0xff, 0xff, 0x00, 0xff, 0xff, 0x00, 0xff, 0xff, 0x00, 0xff, 0xff,
    0x00, 0xff, 0xff, 0x00, 0xff, 0xff, 0x00, 0xff, 0xff, 0x00, 0xff, 0xff, 0x00, 0xff, 0xff, 0x00,
    0xff, 0xff, 0x00, 0xff, 0xff, 0x00, 0xff, 0xff, 0x00, 0xff, 0xff, 0x00, 0xff, 0xff, 0x00, 0x87,
    0x00, 0x00, 0x00, 0x00, 0x00, 0x00, 0x00, 0x00, 0x00, 0x00, 0x00, 0x00, 0x00, 0x00, 0x00, 0x00,
    0x00, 0x00, 0x00, 0x00, 0x00, 0x00, 0x00, 0x00, 0x00, 0x00, 0x00, 0x00, 0x00, 0x00, 0x00, 0x00,
    0x00, 0x00, 0x00, 0x00, 0x00, 0x00, 0x00, 0x00, 0x00, 0x00, 0x00, 0x00, 0x00, 0x00, 0x00, 0x00,
    0x00, 0x00, 0x00, 0x00, 0x00, 0x00, 0x00, 0x00, 0x00, 0x00, 0x00, 0x00, 0x00, 0x00, 0x00, 0x00,
    0xae, 0xf9, 0x00, 0xff, 0xff, 0x00, 0xff, 0xff, 0x00, 0xff, 0xff, 0x00, 0xff, 0xff, 0x00, 0xff,
    0xff, 0x00, 0xff, 0xff, 0x00, 0xff, 0xff, 0x00, 0xff, 0xff, 0x00, 0xff, 0xff, 0x00, 0xff, 0xff,
    0x00, 0xff, 0xff, 0x00, 0xff, 0xff, 0x00, 0xff, 0xff, 0x00, 0xff, 0xff, 0x00, 0xff, 0xff, 0x00,
    0xff, 0xff, 0x00, 0xff, 0xff, 0x00, 0xff, 0xff, 0x00, 0xff, 0xff, 0x00, 0xff, 0xff, 0x00, 0x87,
    0xae, 0xf9, 0x00, 0xff, 0xff, 0x00, 0xff, 0xff, 0x00, 0xff, 0xff, 0x00, 0xff, 0xff, 0x00, 0xff,
    0xff, 0x00, 0xff, 0xff, 0x00, 0xff, 0xff, 0x00, 0xff, 0xff, 0x00, 0xff, 0xff, 0x00, 0xff, 0xff,
    0x00, 0xff, 0xff, 0x00, 0xff, 0xff, 0x00, 0xff, 0xff, 0x00, 0xff, 0xff, 0x00, 0xff, 0xff, 0x00,
    0xff, 0xff, 0x00, 0xff, 0xff, 0x00, 0xff, 0xff, 0x00, 0xff, 0xff, 0x00, 0xff, 0xff, 0x00, 0x87,
    0x00, 0x00, 0x00, 0x00, 0x00, 0x00, 0x00, 0x00, 0x00, 0x00, 0x00, 0x00, 0x00, 0x00, 0x00, 0x00,
    0x00, 0x00, 0x00, 0x00, 0x00, 0x00, 0x00, 0x00, 0x00, 0x00, 0x00, 0x00, 0x00, 0x00, 0x00, 0x00,
    0x00, 0x00, 0x00, 0x00, 0x00, 0x00, 0x00, 0x00, 0x00, 0x00, 0x00, 0x00, 0x00, 0x00, 0x00, 0x00,
    0x00, 0x00, 0x00, 0x00, 0x00, 0x00, 0x00, 0x00, 0x00, 0x00, 0x00, 0x00, 0x00, 0x00, 0x00, 0x00,
    0xae, 0xf9, 0x00, 0xff, 0xff, 0x00, 0xff, 0xff, 0x00, 0xff, 0xff, 0x00, 0xff, 0xff, 0x00, 0xff,
    0xff, 0x00, 0xff, 0xff, 0x00, 0xff, 0xff, 0x00, 0xff, 0xff, 0x00, 0xff, 0xff, 0x00, 0xff, 0xff,
    0x00, 0xff, 0xff, 0x00, 0xff, 0xff, 0x00, 0xff, 0xff, 0x00, 0xff, 0xff, 0x00, 0xff, 0xff, 0x00,
    0xff, 0xff, 0x00, 0xff, 0xff, 0x00, 0xff, 0xff, 0x00, 0xff, 0xff, 0x00, 0xff, 0xff, 0x00, 0x78,
    0xae, 0xf9, 0x00, 0xff, 0xff, 0x00, 0xff, 0xff, 0x00, 0xff, 0xff, 0x00, 0xff, 0xff, 0x00, 0xff,
    0xff, 0x00, 0xff, 0xff, 0x00, 0xff, 0xff, 0x00, 0xff, 0xff, 0x00, 0xff, 0xff, 0x00, 0xff, 0xff,
    0x00, 0xff, 0xff, 0x00, 0xff, 0xff, 0x00, 0xff, 0xff, 0x00, 0xff, 0xff, 0x00, 0xff, 0xff, 0x00,
    0xff, 0xff, 0x00, 0xff, 0xff, 0x00, 0xff, 0xff, 0x00, 0xff, 0xff, 0x00, 0xff, 0xfe, 0x00, 0x3b,
    0x00, 0x00, 0x00, 0x00, 0x00, 0x00, 0x00, 0x00, 0x00, 0x00, 0x00, 0x00, 0x00, 0x00, 0x00, 0x00,
    0x00, 0x00, 0x00, 0x00, 0x00, 0x00, 0x00, 0x00, 0x00, 0x00, 0x00, 0x00, 0x00, 0x00, 0x00, 0x00,
    0x00, 0x00, 0x00, 0x00, 0x00, 0x00, 0x00, 0x00, 0x00, 0x00, 0x00, 0x00, 0x00, 0x00, 0x00, 0x00,
    0x00, 0x00, 0x00, 0x00, 0x00, 0x00, 0x00, 0x00, 0x00, 0x00, 0x00, 0x00, 0x00, 0x00, 0x00, 0x00,
    0x83, 0xbc, 0x00, 0xc1, 0xc1, 0x00, 0xc1, 0xc1, 0x00, 0xc1, 0xc1, 0x00, 0xc1, 0xc1, 0x00, 0xc1,
    0xc1, 0x00, 0xc1, 0xc1, 0x00, 0xc1, 0xc1, 0x00, 0xc1, 0xc1, 0x00, 0xc1, 0xc1, 0x00, 0xc1, 0xc1,
    0x00, 0xc1, 0xc1, 0x00, 0xd2, 0xfa, 0x00, 0xff, 0xff, 0x00, 0xff, 0xff, 0x00, 0xff, 0xff, 0x00,
    0xff, 0xff, 0x00, 0xff, 0xff, 0x00, 0xff, 0xff, 0x00, 0xff, 0xff, 0x00, 0xff, 0xf3, 0x00, 0x0f,
    0x06, 0x09, 0x00, 0x09, 0x09, 0x00, 0x09, 0x09, 0x00, 0x09, 0x09, 0x00, 0x09, 0x09, 0x00, 0x09,
    0x09, 0x00, 0x09, 0x09, 0x00, 0x09, 0x09, 0x00, 0x09, 0x09, 0x00, 0x09, 0x09, 0x00, 0x09, 0x09,
    0x00, 0x09, 0x09, 0x00, 0x65, 0xf1, 0x00, 0xff, 0xff, 0x00, 0xff, 0xff, 0x00, 0xff, 0xff, 0x00,
    0xff, 0xff, 0x00, 0xff, 0xff, 0x00, 0xff, 0xff, 0x00, 0xff, 0xff, 0x00, 0xfe, 0xda, 0x00, 0x01,
    0x00, 0x00, 0x00, 0x00, 0x00, 0x00, 0x00, 0x00, 0x00, 0x00, 0x00, 0x00, 0x00, 0x00, 0x00, 0x00,
    0x00, 0x00, 0x00, 0x00, 0x00, 0x00, 0x00, 0x00, 0x00, 0x00, 0x00, 0x00, 0x00, 0x00, 0x00, 0x00,
    0x00, 0x00, 0x00, 0x00, 0x00, 0x00, 0x00, 0x00, 0x00, 0x00, 0x00, 0x00, 0x00, 0x00, 0x00, 0x00,
    0x00, 0x00, 0x00, 0x00, 0x00, 0x00, 0x00, 0x00, 0x00, 0x00, 0x00, 0x00, 0x00, 0x00, 0x00, 0x00,
    0x00, 0x00, 0x00, 0x00, 0x00, 0x00, 0x00, 0x00, 0x00, 0x00, 0x00, 0x00, 0x00, 0x00, 0x00, 0x00,
    0x00, 0x00, 0x00, 0x00, 0x00, 0x00, 0x00, 0x00, 0x00, 0x00, 0x00, 0x00, 0x00, 0x00, 0x00, 0x00,
    0x00, 0x00, 0x01, 0x00, 0xd9, 0xfe, 0x00, 0xff, 0xff, 0x00, 0xff, 0xff, 0x00, 0xff, 0xff, 0x00,
    0xff, 0xff, 0x00, 0xff, 0xff, 0x00, 0xff, 0xff, 0x00, 0xff, 0xff, 0x00, 0xf0, 0x68, 0x00, 0x00,
    0x00, 0x00, 0x00, 0x00, 0x00, 0x00, 0x00, 0x00, 0x00, 0x00, 0x00, 0x00, 0x00, 0x00, 0x00, 0x00,
    0x00, 0x00, 0x00, 0x00, 0x00, 0x00, 0x00, 0x00, 0x00, 0x00, 0x00, 0x00, 0x00, 0x00, 0x00, 0x00,
    0x00, 0x00, 0x0e, 0x00, 0xf4, 0xff, 0x00, 0xff, 0xff, 0x00, 0xff, 0xff, 0x00, 0xff, 0xff, 0x00,
    0xff, 0xff, 0x00, 0xff, 0xff, 0x00, 0xff, 0xff, 0x00, 0xff, 0xff, 0x00, 0xd4, 0x2d, 0x00, 0x00,
    0x00, 0x00, 0x00, 0x00, 0x00, 0x00, 0x00, 0x00, 0x00, 0x00, 0x00, 0x00, 0x00, 0x00, 0x00, 0x00,
    0x00, 0x00, 0x00, 0x00, 0x00, 0x00, 0x00, 0x00, 0x00, 0x00, 0x00, 0x00, 0x00, 0x00, 0x00, 0x00,
    0x00, 0x00, 0x00, 0x00, 0x00, 0x00, 0x00, 0x00, 0x00, 0x00, 0x00, 0x00, 0x00, 0x00, 0x00, 0x00,
    0x00, 0x00, 0x00, 0x00, 0x00, 0x00, 0x00, 0x00, 0x00, 0x00, 0x00, 0x00, 0x00, 0x00, 0x00, 0x00,
    0x00, 0x00, 0x00, 0x00, 0x00, 0x00, 0x00, 0x00, 0x00, 0x00, 0x00, 0x00, 0x00, 0x00, 0x00, 0x00,
    0x00, 0x00, 0x00, 0x00, 0x00, 0x00, 0x00, 0x00, 0x00, 0x00, 0x00, 0x00, 0x00, 0x00, 0x00, 0x00,
    0x00, 0x05, 0x46, 0x00, 0xfe, 0xff, 0x00, 0xff, 0xff, 0x00, 0xff, 0xff, 0x00, 0xff, 0xff, 0x00,
    0xff, 0xff, 0x00, 0xff, 0xff, 0x00, 0xff, 0xff, 0x00, 0xff, 0xff, 0x00, 0x5b, 0x09, 0x00, 0x00,
    0x00, 0x00, 0x00, 0x00, 0x00, 0x00, 0x00, 0x00, 0x00, 0x00, 0x00, 0x00, 0x00, 0x00, 0x00, 0x00,
    0x00, 0x00, 0x00, 0x00, 0x00, 0x00, 0x00, 0x00, 0x00, 0x00, 0x00, 0x00, 0x00, 0x00, 0x00, 0x00,
    0x00, 0x15, 0x8a, 0x00, 0xff, 0xff, 0x00, 0xff, 0xff, 0x00, 0xff, 0xff, 0x00, 0xff, 0xff, 0x00,
    0xff, 0xff, 0x00, 0xff, 0xff, 0x00, 0xff, 0xff, 0x00, 0xff, 0xfe, 0x00, 0x32, 0x00, 0x00, 0x00,
    0x00, 0x00, 0x00, 0x00, 0x00, 0x00, 0x00, 0x00, 0x00, 0x00, 0x00, 0x00, 0x00, 0x00, 0x00, 0x00,
    0x00, 0x00, 0x00, 0x00, 0x00, 0x00, 0x00, 0x00, 0x00, 0x00, 0x00, 0x00, 0x00, 0x00, 0x00, 0x00,
    0x00, 0x00, 0x00, 0x00, 0x00, 0x00, 0x00, 0x00, 0x00, 0x00, 0x00, 0x00, 0x00, 0x00, 0x00, 0x00,
    0x00, 0x00, 0x00, 0x00, 0x00, 0x00, 0x00, 0x00, 0x00, 0x00, 0x00, 0x00, 0x00, 0x00, 0x00, 0x00,
    0x00, 0x00, 0x00, 0x00, 0x00, 0x00, 0x00, 0x00, 0x00, 0x00, 0x00, 0x00, 0x00, 0x00, 0x00, 0x00,
    0x00, 0x00, 0x00, 0x00, 0x00, 0x00, 0x00, 0x00, 0x00, 0x00, 0x00, 0x00, 0x00, 0x00, 0x00, 0x00,
    0x00, 0x59, 0xeb, 0x00, 0xff, 0xff, 0x00, 0xff, 0xff, 0x00, 0xff, 0xff, 0x00, 0xff, 0xff, 0x00,
    0xff, 0xff, 0x00, 0xff, 0xff, 0x00, 0xff, 0xff, 0x00, 0xff, 0xe9, 0x00, 0x06, 0x00, 0x00, 0x00,
    0x00, 0x00, 0x00, 0x00, 0x00, 0x00, 0x00, 0x00, 0x00, 0x00, 0x00, 0x00, 0x00, 0x00, 0x00, 0x00,
    0x00, 0x00, 0x00, 0x00, 0x00, 0x00, 0x00, 0x00, 0x00, 0x00, 0x00, 0x00, 0x00, 0x00, 0x00, 0x00,
    0x00, 0xa0, 0xf9, 0x00, 0xff, 0xff, 0x00, 0xff, 0xff, 0x00, 0xff, 0xff, 0x00, 0xff, 0xff, 0x00,
    0xff, 0xff, 0x00, 0xff, 0xff, 0x00, 0xff, 0xff, 0x00, 0xff, 0xc4, 0x00, 0x00, 0x00, 0x00, 0x00,
    0x00, 0x00, 0x00, 0x00, 0x00, 0x00, 0x00, 0x00, 0x00, 0x00, 0x00, 0x00, 0x00, 0x00, 0x00, 0x00,
    0x00, 0x00, 0x00, 0x00, 0x00, 0x00, 0x00, 0x00, 0x00, 0x00, 0x00, 0x00, 0x00, 0x00, 0x00, 0x00,
    0x00, 0x00, 0x00, 0x00, 0x00, 0x00, 0x00, 0x00, 0x00, 0x00, 0x00, 0x00, 0x00, 0x00, 0x00, 0x00,
    0x00, 0x00, 0x00, 0x00, 0x00, 0x00, 0x00, 0x00, 0x00, 0x00, 0x00, 0x00, 0x00, 0x00, 0x00, 0x00,
    0x00, 0x00, 0x00, 0x00, 0x00, 0x00, 0x00, 0x00, 0x00, 0x00, 0x00, 0x00, 0x00, 0x00, 0x00, 0x00,
    0x00, 0x00, 0x00, 0x00, 0x00, 0x00, 0x00, 0x00, 0x00, 0x00, 0x00, 0x00, 0x00, 0x00, 0x00, 0x0c,
    0x00, 0xef, 0xff, 0x00, 0xff, 0xff, 0x00, 0xff, 0xff, 0x00, 0xff, 0xff, 0x00, 0xff, 0xff, 0x00,
    0xff, 0xff, 0x00, 0xff, 0xff, 0x00, 0xff, 0xff, 0x00, 0xe4, 0x51, 0x00, 0x00, 0x00, 0x00, 0x00,
    0x00, 0x00, 0x00, 0x00, 0x00, 0x00, 0x00, 0x00, 0x00, 0x00, 0x00, 0x00, 0x00, 0x00, 0x00, 0x00,
    0x00, 0x00, 0x00, 0x00, 0x00, 0x00, 0x00, 0x00, 0x00, 0x00, 0x00, 0x00, 0x00, 0x00, 0x00, 0x18,
    0x00, 0xf9, 0xff, 0x00, 0xff, 0xff, 0x00, 0xff, 0xff, 0x00, 0xff, 0xff, 0x00, 0xff, 0xff, 0x00,
    0xff, 0xff, 0x00, 0xff, 0xff, 0x00, 0xff, 0xff, 0x00, 0xba, 0x32, 0x00, 0x00, 0x00, 0x00, 0x00,
    0x00, 0x00, 0x00, 0x00, 0x00, 0x00, 0x00, 0x00, 0x00, 0x00, 0x00, 0x00, 0x00, 0x00, 0x00, 0x00,
    0x00, 0x00, 0x00, 0x00, 0x00, 0x00, 0x00, 0x00, 0x00, 0x00, 0x00, 0x00, 0x00, 0x00, 0x00, 0x00,
    0x00, 0x00, 0x00, 0x00, 0x00, 0x00, 0x00, 0x00, 0x00, 0x00, 0x00, 0x00, 0x00, 0x00, 0x00, 0x00,
    0x00, 0x00, 0x00, 0x00, 0x00, 0x00, 0x00, 0x00, 0x00, 0x00, 0x00, 0x00, 0x00, 0x00, 0x00, 0x00,
    0x00, 0x00, 0x00, 0x00, 0x00, 0x00, 0x00, 0x00, 0x00, 0x00, 0x00, 0x00, 0x00, 0x00, 0x00, 0x00,
    0x00, 0x00, 0x00, 0x00, 0x00, 0x00, 0x00, 0x00, 0x00, 0x00, 0x00, 0x00, 0x00, 0x00, 0x0c, 0x88,
    0x00, 0xff, 0xff, 0x00, 0xff, 0xff, 0x00, 0xff, 0xff, 0x00, 0xff, 0xff, 0x00, 0xff, 0xff, 0x00,
    0xff, 0xff, 0x00, 0xff, 0xff, 0x00, 0xff, 0xff, 0x00, 0x4f, 0x01, 0x00, 0x00, 0x00, 0x00, 0x00,
    0x00, 0x00, 0x00, 0x00, 0x00, 0x00, 0x00, 0x00, 0x00, 0x00, 0x00, 0x00, 0x00, 0x00, 0x00, 0x00,
    0x00, 0x00, 0x00, 0x00, 0x00, 0x00, 0x00, 0x00, 0x00, 0x00, 0x00, 0x00, 0x00, 0x00, 0x1b, 0xbd,
    0x00, 0xff, 0xff, 0x00, 0xff, 0xff, 0x00, 0xff, 0xff, 0x00, 0xff, 0xff, 0x00, 0xff, 0xff, 0x00,
    0xff, 0xff, 0x00, 0xff, 0xff, 0x00, 0xff, 0xfe, 0x00, 0x2b, 0x00, 0x00, 0x00, 0x00, 0x00, 0x00,
    0x00, 0x00, 0x00, 0x00, 0x00, 0x00, 0x00, 0x00, 0x00, 0x00, 0x00, 0x00, 0x00, 0x00, 0x00, 0x00,
    0x00, 0x00, 0x00, 0x00, 0x00, 0x00, 0x00, 0x00, 0x00, 0x00, 0x00, 0x00, 0x00, 0x00, 0x00, 0x00,
    0x00, 0x00, 0x00, 0x00, 0x00, 0x00, 0x00, 0x00, 0x00, 0x00, 0x00, 0x00, 0x00, 0x00, 0x00, 0x00,
    0x00, 0x00, 0x00, 0x00, 0x00, 0x00, 0x00, 0x00, 0x00, 0x00, 0x00, 0x00, 0x00, 0x00, 0x00, 0x00,
    0x00, 0x00, 0x00, 0x00, 0x00, 0x00, 0x00, 0x00, 0x00, 0x00, 0x00, 0x00, 0x00, 0x00, 0x00, 0x00,
    0x00, 0x00, 0x00, 0x00, 0x00, 0x00, 0x00, 0x00, 0x00, 0x00, 0x00, 0x00, 0x00, 0x00, 0x99, 0xf3,
    0x00, 0xff, 0xff, 0x00, 0xff, 0xff, 0x00, 0xff, 0xff, 0x00, 0xff, 0xff, 0x00, 0xff, 0xff, 0x00,
    0xff, 0xff, 0x00, 0xff, 0xff, 0x00, 0xff, 0xd6, 0x00, 0x00, 0x00, 0x00, 0x00, 0x00, 0x00, 0x00,
    0x00, 0x00, 0x00, 0x00, 0x00, 0x00, 0x00, 0x00, 0x00, 0x00, 0x00, 0x00, 0x00, 0x00, 0x00, 0x00,
    0x00, 0x00, 0x00, 0x00, 0x00, 0x00, 0x00, 0x00, 0x00, 0x00, 0x00, 0x00, 0x01, 0x00, 0xc6, 0xfc,
    0x00, 0xff, 0xff, 0x00, 0xff, 0xff, 0x00, 0xff, 0xff, 0x00, 0xff, 0xff, 0x00, 0xff, 0xff, 0x00,
    0xff, 0xff, 0x00, 0xff, 0xff, 0x00, 0xfc, 0xa7, 0x00, 0x00, 0x00, 0x00, 0x00, 0x00, 0x00, 0x00,
    0x00, 0x00, 0x00, 0x00, 0x00, 0x00, 0x00, 0x00, 0x00, 0x00, 0x00, 0x00, 0x00, 0x00, 0x00, 0x00,
    0x00, 0x00, 0x00, 0x00, 0x00, 0x00, 0x00, 0x00, 0x00, 0x00, 0x00, 0x00, 0x00, 0x00, 0x00, 0x00,
    0x00, 0x00, 0x00, 0x00, 0x00, 0x00, 0x00, 0x00, 0x00, 0x00, 0x00, 0x00, 0x00, 0x00, 0x00, 0x00,
    0x00, 0x00, 0x00, 0x00, 0x00, 0x00, 0x00, 0x00, 0x00, 0x00, 0x00, 0x00, 0x00, 0x00, 0x00, 0x00,
    0x00, 0x00, 0x00, 0x00, 0x00, 0x00, 0x00, 0x00, 0x00, 0x00, 0x00, 0x00, 0x00, 0x00, 0x00, 0x00,
    0x00, 0x00, 0x00, 0x00, 0x00, 0x00, 0x00, 0x00, 0x00, 0x00, 0x00, 0x00, 0x09, 0x00, 0xf6, 0xff,
    0x00, 0xff, 0xff, 0x00, 0xff, 0xff, 0x00, 0xff, 0xff, 0x00, 0xff, 0xff, 0x00, 0xff, 0xff, 0x00,
    0xff, 0xff, 0x00, 0xff, 0xff, 0x00, 0xd0, 0x4a, 0x00, 0x00, 0x00, 0x00, 0x00, 0x00, 0x00, 0x00,
    0x00, 0x00, 0x00, 0x00, 0x00, 0x00, 0x00, 0x00, 0x00, 0x00, 0x00, 0x00, 0x00, 0x00, 0x00, 0x00,
    0x00, 0x00, 0x00, 0x00, 0x00, 0x00, 0x00, 0x00, 0x00, 0x00, 0x00, 0x02, 0x31, 0x00, 0xfd, 0xff,
    0x00, 0xff, 0xff, 0x00, 0xff, 0xff, 0x00, 0xff, 0xff, 0x00, 0xff, 0xff, 0x00, 0xff, 0xff, 0x00,
    0xff, 0xff, 0x00, 0xff, 0xff, 0x00, 0xa1, 0x19, 0x00, 0x00, 0x00, 0x00, 0x00, 0x00, 0x00, 0x00,
    0x00, 0x00, 0x00, 0x00, 0x00, 0x00, 0x00, 0x00, 0x00, 0x00, 0x00, 0x00, 0x00, 0x00, 0x00, 0x00,
    0x00, 0x00, 0x00, 0x00, 0x00, 0x00, 0x00, 0x00, 0x00, 0x00, 0x00, 0x00, 0x00, 0x00, 0x00, 0x00,
    0x00, 0x00, 0x00, 0x00, 0x00, 0x00, 0x00, 0x00, 0x00, 0x00, 0x00, 0x00, 0x00, 0x00, 0x00, 0x00,
    0x00, 0x00, 0x00, 0x00, 0x00, 0x00, 0x00, 0x00, 0x00, 0x00, 0x00, 0x00, 0x00, 0x00, 0x00, 0x00,
    0x00, 0x00, 0x00, 0x00, 0x00, 0x00, 0x00, 0x00, 0x00, 0x00, 0x00, 0x00, 0x00, 0x00, 0x00, 0x00,
    0x00, 0x00, 0x00, 0x00, 0x00, 0x00, 0x00, 0x00, 0x00, 0x00, 0x00, 0x17, 0xaf, 0x00, 0xff, 0xff,
    0x00, 0xff, 0xff, 0x00, 0xff, 0xff, 0x00, 0xff, 0xff, 0x00, 0xff, 0xff, 0x00, 0xff, 0xff, 0x00,
    0xff, 0xff, 0x00, 0xff, 0xfe, 0x00, 0x40, 0x00, 0x00, 0x00, 0x00, 0x00, 0x00, 0x00, 0x00, 0x00,
    0x00, 0x00, 0x00, 0x00, 0x00, 0x00, 0x00, 0x00, 0x00, 0x00, 0x00, 0x00, 0x00, 0x00, 0x00, 0x00,
    0x00, 0x00, 0x00, 0x00, 0x00, 0x00, 0x00, 0x00, 0x00, 0x00, 0x00, 0x50, 0xd7, 0x00, 0xff, 0xff,
    0x00, 0xff, 0xff, 0x00, 0xff, 0xff, 0x00, 0xff, 0xff, 0x00, 0xff, 0xff, 0x00, 0xff, 0xff, 0x00,
    0xff, 0xff, 0x00, 0xff, 0xf6, 0x00, 0x0f, 0x00, 0x00, 0x00, 0x00, 0x00, 0x00, 0x00, 0x00, 0x00,
    0x00, 0x00, 0x00, 0x00, 0x00, 0x00, 0x00, 0x00, 0x00, 0x00, 0x00, 0x00, 0x00, 0x00, 0x00, 0x00,
    0x00, 0x00, 0x00, 0x00, 0x00, 0x00, 0x00, 0x00, 0x00, 0x00, 0x00, 0x00, 0x00, 0x00, 0x00, 0x00,
    0x00, 0x00, 0x00, 0x00, 0x00, 0x00, 0x00, 0x00, 0x00, 0x00, 0x00, 0x00, 0x00, 0x00, 0x00, 0x00,
    0x00, 0x00, 0x00, 0x00, 0x00, 0x00, 0x00, 0x00, 0x00, 0x00, 0x00, 0x00, 0x00, 0x00, 0x00, 0x00,
    0x00, 0x00, 0x00, 0x00, 0x00, 0x00, 0x00, 0x00, 0x00, 0x00, 0x00, 0x00, 0x00, 0x00, 0x00, 0x00,
    0x00, 0x00, 0x00, 0x00, 0x00, 0x00, 0x00, 0x00, 0x00, 0x00, 0x00, 0xb9, 0xfc, 0x00, 0xff, 0xff,
    0x00, 0xff, 0xff, 0x00, 0xff, 0xff, 0x00, 0xff, 0xff, 0x00, 0xff, 0xff, 0x00, 0xff, 0xff, 0x00,
    0xff, 0xff, 0x00, 0xfd, 0xc2, 0x00, 0x00, 0x00, 0x00, 0x00, 0x00, 0x00, 0x00, 0x00, 0x00, 0x00,
    0x00, 0x00, 0x00, 0x00, 0x00, 0x00, 0x00, 0x00, 0x00, 0x00, 0x00, 0x00, 0x00, 0x00, 0x00, 0x00,
    0x00, 0x00, 0x00, 0x00, 0x00, 0x00, 0x00, 0x00, 0x00, 0x00, 0x00, 0xdf, 0xff, 0x00, 0xff, 0xff,
    0x00, 0xff, 0xff, 0x00, 0xff, 0xff, 0x00, 0xff, 0xff, 0x00, 0xff, 0xff, 0x00, 0xff, 0xff, 0x00,
    0xff, 0xff, 0x00, 0xf3, 0x96, 0x00, 0x00, 0x00, 0x00, 0x00, 0x00, 0x00, 0x00, 0x00, 0x00, 0x00,
    0x00, 0x00, 0x00, 0x00, 0x00, 0x00, 0x00, 0x00, 0x00, 0x00, 0x00, 0x00, 0x00, 0x00, 0x00, 0x00,
    0x00, 0x00, 0x00, 0x00, 0x00, 0x00, 0x00, 0x00, 0x00, 0x00, 0x00, 0x00, 0x00, 0x00, 0x00, 0x00,
    0x00, 0x00, 0x00, 0x00, 0x00, 0x00, 0x00, 0x00, 0x00, 0x00, 0x00, 0x00, 0x00, 0x00, 0x00, 0x00,
    0x00, 0x00, 0x00, 0x00, 0x00, 0x00, 0x00, 0x00, 0x00, 0x00, 0x00, 0x00, 0x00, 0x00, 0x00, 0x00,
    0x00, 0x00, 0x00, 0x00, 0x00, 0x00, 0x00, 0x00, 0x00, 0x00, 0x00, 0x00, 0x00, 0x00, 0x00, 0x00,
    0x00, 0x00, 0x00, 0x00, 0x00, 0x00, 0x00, 0x00, 0x00, 0x39, 0x00, 0xfe, 0xff, 0x00, 0xff, 0xff,
    0x00, 0xff, 0xff, 0x00, 0xff, 0xff, 0x00, 0xff, 0xff, 0x00, 0xff, 0xff, 0x00, 0xff, 0xff, 0x00,
    0xff, 0xff, 0x00, 0xbb, 0x1f, 0x00, 0x00, 0x00, 0x00, 0x00, 0x00, 0x00, 0x00, 0x00, 0x00, 0x00,
    0x00, 0x00, 0x00, 0x00, 0x00, 0x00, 0x00, 0x00, 0x00, 0x00, 0x00, 0x00, 0x00, 0x00, 0x00, 0x00,
    0x00, 0x00, 0x00, 0x00, 0x00, 0x00, 0x00, 0x00, 0x01, 0x6f, 0x00, 0xff, 0xff, 0x00, 0xff, 0xff,
    0x00, 0xff, 0xff, 0x00, 0xff, 0xff, 0x00, 0xff, 0xff, 0x00, 0xff, 0xff, 0x00, 0xff, 0xff, 0x00,
    0xff, 0xff, 0x00, 0x91, 0x07, 0x00, 0x00, 0x00, 0x00, 0x00, 0x00, 0x00, 0x00, 0x00, 0x00, 0x00,
    0x00, 0x00, 0x00, 0x00, 0x00, 0x00, 0x00, 0x00, 0x00, 0x00, 0x00, 0x00, 0x00, 0x00, 0x00, 0x00,
    0x00, 0x00, 0x00, 0x00, 0x00, 0x00, 0x00, 0x00, 0x00, 0x00, 0x00, 0x00, 0x00, 0x00, 0x00, 0x00,
    0x00, 0x00, 0x00, 0x00, 0x00, 0x00, 0x00, 0x00, 0x00, 0x00, 0x00, 0x00, 0x00, 0x00, 0x00, 0x00,
    0x00, 0x00, 0x00, 0x00, 0x00, 0x00, 0x00, 0x00, 0x00, 0x00, 0x00, 0x00, 0x00, 0x00, 0x00, 0x00,
    0x00, 0x00, 0x00, 0x00, 0x00, 0x00, 0x00, 0x00, 0x00, 0x00, 0x00, 0x00, 0x00, 0x00, 0x00, 0x00,
    0x00, 0x00, 0x00, 0x00, 0x00, 0x00, 0x00, 0x00, 0x4b, 0xcf, 0x00, 0xff, 0xff, 0x00, 0xff, 0xff,
    0x00, 0xff, 0xff, 0x00, 0xff, 0xff, 0x00, 0xff, 0xff, 0x00, 0xff, 0xff, 0x00, 0xff, 0xff, 0x00,
    0xff, 0xfa, 0x00, 0x14, 0x00, 0x00, 0x00, 0x00, 0x00, 0x00, 0x00, 0x00, 0x00, 0x00, 0x00, 0x00,
    0x00, 0x00, 0x00, 0x00, 0x00, 0x00, 0x00, 0x00, 0x00, 0x00, 0x00, 0x00, 0x00, 0x00, 0x00, 0x00,
    0x00, 0x00, 0x00, 0x00, 0x00, 0x00, 0x00, 0x00, 0x75, 0xed, 0x00, 0xff, 0xff, 0x00, 0xff, 0xff,
    0x00, 0xff, 0xff, 0x00, 0xff, 0xff, 0x00, 0xff, 0xff, 0x00, 0xff, 0xff, 0x00, 0xff, 0xff, 0x00,
    0xff, 0xf0, 0x00, 0x08, 0x00, 0x00, 0x00, 0x00, 0x00, 0x00, 0x00, 0x00, 0x00, 0x00, 0x00, 0x00,
    0x00, 0x00, 0x00, 0x00, 0x00, 0x00, 0x00, 0x00, 0x00, 0x00, 0x00, 0x00, 0x00, 0x00, 0x00, 0x00,
    0x00, 0x00, 0x00, 0x00, 0x00, 0x00, 0x00, 0x00, 0x00, 0x00, 0x00, 0x00, 0x00, 0x00, 0x00, 0x00,
    0x00, 0x00, 0x00, 0x00, 0x00, 0x00, 0x00, 0x00, 0x00, 0x00, 0x00, 0x00, 0x00, 0x00, 0x00, 0x00,
    0x00, 0x00, 0x00, 0x00, 0x00, 0x00, 0x00, 0x00, 0x00, 0x00, 0x00, 0x00, 0x00, 0x00, 0x00, 0x00,
    0x00, 0x00, 0x00, 0x00, 0x00, 0x00, 0x00, 0x00, 0x00, 0x00, 0x00, 0x00, 0x00, 0x00, 0x00, 0x00,
    0x00, 0x00, 0x00, 0x00, 0x00, 0x00, 0x00, 0x00, 0xda, 0xff, 0x00, 0xff, 0xff, 0x00, 0xff, 0xff,
    0x00, 0xff, 0xff, 0x00, 0xff, 0xff, 0x00, 0xff, 0xff, 0x00, 0xff, 0xff, 0x00, 0xff, 0xff, 0x00,
    0xf9, 0xb3, 0x00, 0x00, 0x00, 0x00, 0x00, 0x00, 0x00, 0x00, 0x00, 0x00, 0x00, 0x00, 0x00, 0x00,
    0x00, 0x00, 0x00, 0x00, 0x00, 0x00, 0x00, 0x00, 0x00, 0x00, 0x00, 0x00, 0x00, 0x00, 0x00, 0x00,
    0x00, 0x00, 0x00, 0x00, 0x00, 0x00, 0x0b, 0x00, 0xf4, 0xff, 0x00, 0xff, 0xff, 0x00, 0xff, 0xff,
    0x00, 0xff, 0xff, 0x00, 0xff, 0xff, 0x00, 0xff, 0xff, 0x00, 0xff, 0xff, 0x00, 0xff, 0xff, 0x00,
    0xee, 0x7f, 0x00, 0x00, 0x00, 0x00, 0x00, 0x00, 0x00, 0x00, 0x00, 0x00, 0x00, 0x00, 0x00, 0x00,
    0x00, 0x00, 0x00, 0x00, 0x00, 0x00, 0x00, 0x00, 0x00, 0x00, 0x00, 0x00, 0x00, 0x00, 0x00, 0x00,
    0x00, 0x00, 0x00, 0x00, 0x00, 0x00, 0x00, 0x00, 0x00, 0x00, 0x00, 0x00, 0x00, 0x00, 0x00, 0x00,
    0x00, 0x00, 0x00, 0x00, 0x00, 0x00, 0x00, 0x00, 0x00, 0x00, 0x00, 0x00, 0x00, 0x00, 0x00, 0x00,
    0x00, 0x00, 0x00, 0x00, 0x00, 0x00, 0x00, 0x00, 0x00, 0x00, 0x00, 0x00, 0x00, 0x00, 0x00, 0x00,
    0x00, 0x00, 0x00, 0x00, 0x00, 0x00, 0x00, 0x00, 0x00, 0x00, 0x00, 0x00, 0x00, 0x00, 0x00, 0x00,
    0x00, 0x00, 0x00, 0x00, 0x00, 0x00, 0x53, 0x00, 0xff, 0xff, 0x00, 0xff, 0xff, 0x00, 0xff, 0xff,
    0x00, 0xff, 0xff, 0x00, 0xff, 0xff, 0x00, 0xff, 0xff, 0x00, 0xff, 0xff, 0x00, 0xff, 0xff, 0x00,
    0xad, 0x11, 0x00, 0x00, 0x00, 0x00, 0x00, 0x00, 0x00, 0x00, 0x00, 0x00, 0x00, 0x00, 0x00, 0x00,
    0x00, 0x00, 0x00, 0x00, 0x00, 0x00, 0x00, 0x00, 0x00, 0x00, 0x00, 0x00, 0x00, 0x00, 0x00, 0x00,
    0x00, 0x00, 0x00, 0x00, 0x00, 0x13, 0x84, 0x00, 0xff, 0xff, 0x00, 0xff, 0xff, 0x00, 0xff, 0xff,
    0x00, 0xff, 0xff, 0x00, 0xff, 0xff, 0x00, 0xff, 0xff, 0x00, 0xff, 0xff, 0x00, 0xff, 0xff, 0x00,
    0x70, 0x0a, 0x00, 0x00, 0x00, 0x00, 0x00, 0x00, 0x00, 0x00, 0x00, 0x00, 0x00, 0x00, 0x00, 0x00,
    0x00, 0x00, 0x00, 0x00, 0x00, 0x00, 0x00, 0x00, 0x00, 0x00, 0x00, 0x00, 0x00, 0x00, 0x00, 0x00,
    0x00, 0x00, 0x00, 0x00, 0x00, 0x00, 0x00, 0x00, 0x00, 0x00, 0x00, 0x00, 0x00, 0x00, 0x00, 0x00,
    0x00, 0x00, 0x00, 0x00, 0x00, 0x00, 0x00, 0x00, 0x00, 0x00, 0x00, 0x00, 0x00, 0x00, 0x00, 0x00,
    0x00, 0x00, 0x00, 0x00, 0x00, 0x00, 0x00, 0x00, 0x00, 0x00, 0x00, 0x00, 0x00, 0x00, 0x00, 0x00,
    0x00, 0x00, 0x00, 0x00, 0x00, 0x00, 0x00, 0x00, 0x00, 0x00, 0x00, 0x00, 0x00, 0x00, 0x00, 0x00,
    0x00, 0x00, 0x00, 0x00, 0x00, 0x5f, 0xee, 0x00, 0xff, 0xff, 0x00, 0xff, 0xff, 0x00, 0xff, 0xff,
    0x00, 0xff, 0xff, 0x00, 0xff, 0xff, 0x00, 0xff, 0xff, 0x00, 0xff, 0xff, 0x00, 0xff, 0xf8, 0x00,
    0x14, 0x00, 0x00, 0x00, 0x00, 0x00, 0x00, 0x00, 0x00, 0x00, 0x00, 0x00, 0x00, 0x00, 0x00, 0x00,
    0x00, 0x00, 0x00, 0x00, 0x00, 0x00, 0x00, 0x00, 0x00, 0x00, 0x00, 0x00, 0x00, 0x00, 0x00, 0x00,
    0x00, 0x00, 0x00, 0x00, 0x00, 0x9d, 0xfd, 0x00, 0xff, 0xff, 0x00, 0xff, 0xff, 0x00, 0xff, 0xff,
    0x00, 0xff, 0xff, 0x00, 0xff, 0xff, 0x00, 0xff, 0xff, 0x00, 0xff, 0xff, 0x00, 0xff, 0xeb, 0x00,
    0x09, 0x00, 0x00, 0x00, 0x00, 0x00, 0x00, 0x00, 0x00, 0x00, 0x00, 0x00, 0x00, 0x00, 0x00, 0x00,
    0x00, 0x00, 0x00, 0x00, 0x00, 0x00, 0x00, 0x00, 0x00, 0x00, 0x00, 0x00, 0x00, 0x00, 0x00, 0x00,
    0x00, 0x00, 0x00, 0x00, 0x00, 0x00, 0x00, 0x00, 0x00, 0x00, 0x00, 0x00, 0x00, 0x00, 0x00, 0x00,
    0x00, 0x00, 0x00, 0x00, 0x00, 0x00, 0x00, 0x00, 0x00, 0x00, 0x00, 0x00, 0x00, 0x00, 0x00, 0x00,
    0x00, 0x00, 0x00, 0x00, 0x00, 0x00, 0x00, 0x00, 0x00, 0x00, 0x00, 0x00, 0x00, 0x00, 0x00, 0x00,
    0x00, 0x00, 0x00, 0x00, 0x00, 0x00, 0x00, 0x00, 0x00, 0x00, 0x00, 0x00, 0x00, 0x00, 0x00, 0x00,
    0x00, 0x00, 0x00, 0x0f, 0x00, 0xf4, 0xff, 0x00, 0xff, 0xff, 0x00, 0xff, 0xff, 0x00, 0xff, 0xff,
    0x00, 0xff, 0xff, 0x00, 0xff, 0xff, 0x00, 0xff, 0xff, 0x00, 0xff, 0xff, 0x00, 0xf8, 0x99, 0x00,
    0x00, 0x00, 0x00, 0x00, 0x00, 0x00, 0x00, 0x00, 0x00, 0x00, 0x00, 0x00, 0x00, 0x00, 0x00, 0x00,
    0x00, 0x00, 0x00, 0x00, 0x00, 0x00, 0x00, 0x00, 0x00, 0x00, 0x00, 0x00, 0x00, 0x00, 0x00, 0x00,
    0x00, 0x00, 0x00, 0x28, 0x00, 0xfd, 0xff, 0x00, 0xff, 0xff, 0x00, 0xff, 0xff, 0x00, 0xff, 0xff,
    0x00, 0xff, 0xff, 0x00, 0xff, 0xff, 0x00, 0xff, 0xff, 0x00, 0xff, 0xff, 0x00, 0xe8, 0x46, 0x00,
    0x00, 0x00, 0x00, 0x00, 0x00, 0x00, 0x00, 0x00, 0x00, 0x00, 0x00, 0x00, 0x00, 0x00, 0x00, 0x00,
    0x00, 0x00, 0x00, 0x00, 0x00, 0x00, 0x00, 0x00, 0x00, 0x00, 0x00, 0x00, 0x00, 0x00, 0x00, 0x00,
    0x00, 0x00, 0x00, 0x00, 0x00, 0x00, 0x00, 0x00, 0x00, 0x00, 0x00, 0x00, 0x00, 0x00, 0x00, 0x00,
    0x00, 0x00, 0x00, 0x00, 0x00, 0x00, 0x00, 0x00, 0x00, 0x00, 0x00, 0x00, 0x00, 0x00, 0x00, 0x00,
    0x00, 0x00, 0x00, 0x00, 0x00, 0x00, 0x00, 0x00, 0x00, 0x00, 0x00, 0x00, 0x00, 0x00, 0x00, 0x00,
    0x00, 0x00, 0x00, 0x00, 0x00, 0x00, 0x00, 0x00, 0x00, 0x00, 0x00, 0x00, 0x00, 0x00, 0x00, 0x00,
    0x00, 0x00, 0x14, 0x82, 0x00, 0xff, 0xff, 0x00, 0xff, 0xff, 0x00, 0xff, 0xff, 0x00, 0xff, 0xff,
    0x00, 0xff, 0xff, 0x00, 0xff, 0xff, 0x00, 0xff, 0xff, 0x00, 0xff, 0xff, 0x00, 0x8b, 0x15, 0x00,
    0x00, 0x00, 0x00, 0x00, 0x00, 0x00, 0x00, 0x00, 0x00, 0x00, 0x00, 0x00, 0x00, 0x00, 0x00, 0x00,
    0x00, 0x00, 0x00, 0x00, 0x00, 0x00, 0x00, 0x00, 0x00, 0x00, 0x00, 0x00, 0x00, 0x00, 0x00, 0x00,
    0x00, 0x00, 0x29, 0xc2, 0x00, 0xff, 0xff, 0x00, 0xff, 0xff, 0x00, 0xff, 0xff, 0x00, 0xff, 0xff,
    0x00, 0xff, 0xff, 0x00, 0xff, 0xff, 0x00, 0xff, 0xff, 0x00, 0xff, 0xfe, 0x00, 0x3f, 0x03, 0x00,
    0x00, 0x00, 0x00, 0x00, 0x00, 0x00, 0x00, 0x00, 0x00, 0x00, 0x00, 0x00, 0x00, 0x00, 0x00, 0x00,
    0x00, 0x00, 0x00, 0x00, 0x00, 0x00, 0x00, 0x00, 0x00, 0x00, 0x00, 0x00, 0x00, 0x00, 0x00, 0x00,
    0x00, 0x00, 0x00, 0x00, 0x00, 0x00, 0x00, 0x00, 0x00, 0x00, 0x00, 0x00, 0x00, 0x00, 0x00, 0x00,
    0x00, 0x00, 0x00, 0x00, 0x00, 0x00, 0x00, 0x00, 0x00, 0x00, 0x00, 0x00, 0x00, 0x00, 0x00, 0x00,
    0x00, 0x00, 0x00, 0x00, 0x00, 0x00, 0x00, 0x00, 0x00, 0x00, 0x00, 0x00, 0x00, 0x00, 0x00, 0x00,
    0x00, 0x00, 0x00, 0x00, 0x00, 0x00, 0x00, 0x00, 0x00, 0x00, 0x00, 0x00, 0x00, 0x00, 0x00, 0x00,
    0x00, 0x00, 0x99, 0xf9, 0x00, 0xff, 0xff, 0x00, 0xff, 0xff, 0x00, 0xff, 0xff, 0x00, 0xff, 0xff,
    0x00, 0xff, 0xff, 0x00, 0xff, 0xff, 0x00, 0xff, 0xff, 0x00, 0xff, 0xf6, 0x00, 0x12, 0x00, 0x00,
    0x00, 0x00, 0x00, 0x00, 0x00, 0x00, 0x00, 0x00, 0x00, 0x00, 0x00, 0x00, 0x00, 0x00, 0x00, 0x00,
    0x00, 0x00, 0x00, 0x00, 0x00, 0x00, 0x00, 0x00, 0x00, 0x00, 0x00, 0x00, 0x00, 0x00, 0x00, 0x00,
    0x02, 0x00, 0xcf, 0xfd, 0x00, 0xff, 0xff, 0x00, 0xff, 0xff, 0x00, 0xff, 0xff, 0x00, 0xff, 0xff,
    0x00, 0xff, 0xff, 0x00, 0xff, 0xff, 0x00, 0xff, 0xff, 0x00, 0xff, 0xdd, 0x00, 0x02, 0x00, 0x00,
    0x00, 0x00, 0x00, 0x00, 0x00, 0x00, 0x00, 0x00, 0x00, 0x00, 0x00, 0x00, 0x00, 0x00, 0x00, 0x00,
    0x00, 0x00, 0x00, 0x00, 0x00, 0x00, 0x00, 0x00, 0x00, 0x00, 0x00, 0x00, 0x00, 0x00, 0x00, 0x00,
    0x00, 0x00, 0x00, 0x00, 0x00, 0x00, 0x00, 0x00, 0x00, 0x00, 0x00, 0x00, 0x00, 0x00, 0x00, 0x00,
    0x00, 0x00, 0x00, 0x00, 0x00, 0x00, 0x00, 0x00, 0x00, 0x00, 0x00, 0x00, 0x00, 0x00, 0x00, 0x00,
    0x00, 0x00, 0x00, 0x00, 0x00, 0x00, 0x00, 0x00, 0x00, 0x00, 0x00, 0x00, 0x00, 0x00, 0x00, 0x00,
    0x00, 0x00, 0x00, 0x00, 0x00, 0x00, 0x00, 0x00, 0x00, 0x00, 0x00, 0x00, 0x00, 0x00, 0x00, 0x00,
    0x1a, 0x00, 0xfa, 0xff, 0x00, 0xff, 0xff, 0x00, 0xff, 0xff, 0x00, 0xff, 0xff, 0x00, 0xff, 0xff,
    0x00, 0xff, 0xff, 0x00, 0xff, 0xff, 0x00, 0xff, 0xff, 0x00, 0xf4, 0x6e, 0x00, 0x00, 0x00, 0x00,
    0x00, 0x00, 0x00, 0x00, 0x00, 0x00, 0x00, 0x00, 0x00, 0x00, 0x00, 0x00, 0x00, 0x00, 0x00, 0x00,
    0x00, 0x00, 0x00, 0x00, 0x00, 0x00, 0x00, 0x00, 0x00, 0x00, 0x00, 0x00, 0x00, 0x00, 0x00, 0x03,
    0x36, 0x00, 0xfd, 0xff, 0x00, 0xff, 0xff, 0x00, 0xff, 0xff, 0x00, 0xff, 0xff, 0x00, 0xff, 0xff,
    0x00, 0xff, 0xff, 0x00, 0xff, 0xff, 0x00, 0xff, 0xff, 0x00, 0xd7, 0x3f, 0x00, 0x00, 0x00, 0x00,
    0x00, 0x00, 0x00, 0x00, 0x00, 0x00, 0x00, 0x00, 0x00, 0x00, 0x00, 0x00, 0x00, 0x00, 0x00, 0x00,
    0x00, 0x00, 0x00, 0x00, 0x00, 0x00, 0x00, 0x00, 0x00, 0x00, 0x00, 0x00, 0x00, 0x00, 0x00, 0x00,
    0x00, 0x00, 0x00, 0x00, 0x00, 0x00, 0x00, 0x00, 0x00, 0x00, 0x00, 0x00, 0x00, 0x00, 0x00, 0x00,
    0x00, 0x00, 0x00, 0x00, 0x00, 0x00, 0x00, 0x00, 0x00, 0x00, 0x00, 0x00, 0x00, 0x00, 0x00, 0x00,
    0x00, 0x00, 0x00, 0x00, 0x00, 0x00, 0x00, 0x00, 0x00, 0x00, 0x00, 0x00, 0x00, 0x00, 0x00, 0x00,
    0x00, 0x00, 0x00, 0x00, 0x00, 0x00, 0x00, 0x00, 0x00, 0x00, 0x00, 0x00, 0x00, 0x00, 0x00, 0x18,
    0xba, 0x00, 0xff, 0xff, 0x00, 0xff, 0xff, 0x00, 0xff, 0xff, 0x00, 0xff, 0xff, 0x00, 0xff, 0xff,
    0x00, 0xff, 0xff, 0x00, 0xff, 0xff, 0x00, 0xff, 0xff, 0x00, 0x64, 0x09, 0x00, 0x00, 0x00, 0x00,
    0x00, 0x00, 0x00, 0x00, 0x00, 0x00, 0x00, 0x00, 0x00, 0x00, 0x00, 0x00, 0x00, 0x00, 0x00, 0x00,
    0x00, 0x00, 0x00, 0x00, 0x00, 0x00, 0x00, 0x00, 0x00, 0x00, 0x00, 0x00, 0x00, 0x00, 0x00, 0x43,
    0xdf, 0x00, 0xff, 0xff, 0x00, 0xff, 0xff, 0x00, 0xff, 0xff, 0x00, 0xff, 0xff, 0x00, 0xff, 0xff,
    0x00, 0xff, 0xff, 0x00, 0xff, 0xff, 0x00, 0xff, 0xff, 0x00, 0x3f, 0x00, 0x00, 0x00, 0x00, 0x00,
    0x00, 0x00, 0x00, 0x00, 0x00, 0x00, 0x00, 0x00, 0x00, 0x00, 0x00, 0x00, 0x00, 0x00, 0x00, 0x00,
    0x00, 0x00, 0x00, 0x00, 0x00, 0x00, 0x00, 0x00, 0x00, 0x00, 0x00, 0x00, 0x00, 0x00, 0x00, 0x00,
    0x00, 0x00, 0x00, 0x00, 0x00, 0x00, 0x00, 0x00, 0x00, 0x00, 0x00, 0x00, 0x00, 0x00, 0x00, 0x00,
    0x00, 0x00, 0x00, 0x00, 0x00, 0x00, 0x00, 0x00, 0x00, 0x00, 0x00, 0x00, 0x00, 0x00, 0x00, 0x00,
    0x00, 0x00, 0x00, 0x00, 0x00, 0x00, 0x00, 0x00, 0x00, 0x00, 0x00, 0x00, 0x00, 0x00, 0x00, 0x00,
    0x00, 0x00, 0x00, 0x00, 0x00, 0x00, 0x00, 0x00, 0x00, 0x00, 0x00, 0x00, 0x00, 0x01, 0x00, 0xc5,
    0xfb, 0x00, 0xff, 0xff, 0x00, 0xff, 0xff, 0x00, 0xff, 0xff, 0x00, 0xff, 0xff, 0x00, 0xff, 0xff,
    0x00, 0xff, 0xff, 0x00, 0xff, 0xff, 0x00, 0xff, 0xeb, 0x00, 0x02, 0x00, 0x00, 0x00, 0x00, 0x00,
    0x00, 0x00, 0x00, 0x00, 0x00, 0x00, 0x00, 0x00, 0x00, 0x00, 0x00, 0x00, 0x00, 0x00, 0x00, 0x00,
    0x00, 0x00, 0x00, 0x00, 0x00, 0x00, 0x00, 0x00, 0x00, 0x00, 0x00, 0x00, 0x00, 0x06, 0x00, 0xe6,
    0xff, 0x00, 0xff, 0xff, 0x00, 0xff, 0xff, 0x00, 0xff, 0xff, 0x00, 0xff, 0xff, 0x00, 0xff, 0xff,
    0x00, 0xff, 0xff, 0x00, 0xff, 0xff, 0x00, 0xff, 0xc7, 0x00, 0x00, 0x00, 0x00, 0x00, 0x00, 0x00,
    0x00, 0x00, 0x00, 0x00, 0x00, 0x00, 0x00, 0x00, 0x00, 0x00, 0x00, 0x00, 0x00, 0x00, 0x00, 0x00,
    0x00, 0x00, 0x00, 0x00, 0x00, 0x00, 0x00, 0x00, 0x00, 0x00, 0x00, 0x00, 0x00, 0x00, 0x00, 0x00,
    0x00, 0x00, 0x00, 0x00, 0x00, 0x00, 0x00, 0x00, 0x00, 0x00, 0x00, 0x00, 0x00, 0x00, 0x00, 0x00,
    0x00, 0x00, 0x00, 0x00, 0x00, 0x00, 0x00, 0x00, 0x00, 0x00, 0x00, 0x00, 0x00, 0x00, 0x00, 0x00,
    0x00, 0x00, 0x00, 0x00, 0x00, 0x00, 0x00, 0x00, 0x00, 0x00, 0x00, 0x00, 0x00, 0x00, 0x00, 0x00,
    0x00, 0x00, 0x00, 0x00, 0x00, 0x00, 0x00, 0x00, 0x00, 0x00, 0x00, 0x00, 0x02, 0x33, 0x00, 0xfd,
    0xff, 0x00, 0xff, 0xff, 0x00, 0xff, 0xff, 0x00, 0xff, 0xff, 0x00, 0xff, 0xff, 0x00, 0xff, 0xff,
    0x00, 0xff, 0xff, 0x00, 0xff, 0xff, 0x00, 0xe4, 0x5d, 0x00, 0x00, 0x00, 0x00, 0x00, 0x00, 0x00,
    0x00, 0x00, 0x00, 0x00, 0x00, 0x00, 0x00, 0x00, 0x00, 0x00, 0x00, 0x00, 0x00, 0x00, 0x00, 0x00,
    0x00, 0x00, 0x00, 0x00, 0x00, 0x00, 0x00, 0x00, 0x00, 0x00, 0x00, 0x00, 0x07, 0x79, 0x00, 0xff,
    0xff, 0x00, 0xff, 0xff, 0x00, 0xff, 0xff, 0x00, 0xff, 0xff, 0x00, 0xff, 0xff, 0x00, 0xff, 0xff,
    0x00, 0xff, 0xff, 0x00, 0xff, 0xff, 0x00, 0xbf, 0x38, 0x00, 0x00, 0x00, 0x00, 0x00, 0x00, 0x00,
    0x00, 0x00, 0x00, 0x00, 0x00, 0x00, 0x00, 0x00, 0x00, 0x00, 0x00, 0x00, 0x00, 0x00, 0x00, 0x00,
    0x00, 0x00, 0x00, 0x00, 0x00, 0x00, 0x00, 0x00, 0x00, 0x00, 0x00, 0x00, 0x00, 0x00, 0x00, 0x00,
    0x00, 0x00, 0x00, 0x00, 0x00, 0x00, 0x00, 0x00, 0x00, 0x00, 0x00, 0x00, 0x00, 0x00, 0x00, 0x00,
    0x00, 0x00, 0x00, 0x00, 0x00, 0x00, 0x00, 0x00, 0x00, 0x00, 0x00, 0x00, 0x00, 0x00, 0x00, 0x00,
    0x00, 0x00, 0x00, 0x00, 0x00, 0x00, 0x00, 0x00, 0x00, 0x00, 0x00, 0x00, 0x00, 0x00, 0x00, 0x00,
    0x00, 0x00, 0x00, 0x00, 0x00, 0x00, 0x00, 0x00, 0x00, 0x00, 0x00, 0x00, 0x49, 0xd7, 0x00, 0xff,
    0xff, 0x00, 0xff, 0xff, 0x00, 0xff, 0xff, 0x00, 0xff, 0xff, 0x00, 0xff, 0xff, 0x00, 0xff, 0xff,
    0x00, 0xff, 0xff, 0x00, 0xff, 0xff, 0x00, 0x5e, 0x00, 0x00, 0x00, 0x00, 0x00, 0x00, 0x00, 0x00,
    0x00, 0x00, 0x00, 0x00, 0x00, 0x00, 0x00, 0x00, 0x00, 0x00, 0x00, 0x00, 0x00, 0x00, 0x00, 0x00,
    0x00, 0x00, 0x00, 0x00, 0x00, 0x00, 0x00, 0x00, 0x00, 0x00, 0x00, 0x00, 0x88, 0xef, 0x00, 0xff,
    0xff, 0x00, 0xff, 0xff, 0x00, 0xff, 0xff, 0x00, 0xff, 0xff, 0x00, 0xff, 0xff, 0x00, 0xff, 0xff,
    0x00, 0xff, 0xff, 0x00, 0xff, 0xfd, 0x00, 0x2f, 0x00, 0x00, 0x00, 0x00, 0x00, 0x00, 0x00, 0x00,
    0x00, 0x00, 0x00, 0x00, 0x00, 0x00, 0x00, 0x00, 0x00, 0x00, 0x00, 0x00, 0x00, 0x00, 0x00, 0x00,
    0x00, 0x00, 0x00, 0x00, 0x00, 0x00, 0x00, 0x00, 0x00, 0x00, 0x00, 0x00, 0x00, 0x00, 0x00, 0x00,
    0x00, 0x00, 0x00, 0x00, 0x00, 0x00, 0x00, 0x00, 0x00, 0x00, 0x00, 0x00, 0x00, 0x00, 0x00, 0x00,
    0x00, 0x00, 0x00, 0x00, 0x00, 0x00, 0x00, 0x00, 0x00, 0x00, 0x00, 0x00, 0x00, 0x00, 0x00, 0x00,
    0x00, 0x00, 0x00, 0x00, 0x00, 0x00, 0x00, 0x00, 0x00, 0x00, 0x00, 0x00, 0x00, 0x00, 0x00, 0x00,
    0x00, 0x00, 0x00, 0x00, 0x00, 0x00, 0x00, 0x00, 0x00, 0x00, 0x02, 0x00, 0xdd, 0xff, 0x00, 0xff,
    0xff, 0x00, 0xff, 0xff, 0x00, 0xff, 0xff, 0x00, 0xff, 0xff, 0x00, 0xff, 0xff, 0x00, 0xff, 0xff,
    0x00, 0xff, 0xff, 0x00, 0xff, 0xd9, 0x00, 0x00, 0x00, 0x00, 0x00, 0x00, 0x00, 0x00, 0x00, 0x00,
    0x00, 0x00, 0x00, 0x00, 0x00, 0x00, 0x00, 0x00, 0x00, 0x00, 0x00, 0x00, 0x00, 0x00, 0x00, 0x00,
    0x00, 0x00, 0x00, 0x00, 0x00, 0x00, 0x00, 0x00, 0x00, 0x00, 0x09, 0x00, 0xf2, 0xff, 0x00, 0xff,
    0xff, 0x00, 0xff, 0xff, 0x00, 0xff, 0xff, 0x00, 0xff, 0xff, 0x00, 0xff, 0xff, 0x00, 0xff, 0xff,
    0x00, 0xff, 0xff, 0x00, 0xfb, 0xb1, 0x00, 0x00, 0x00, 0x00, 0x00, 0x00, 0x00, 0x00, 0x00, 0x00,
    0x00, 0x00, 0x00, 0x00, 0x00, 0x00, 0x00, 0x00, 0x00, 0x00, 0x00, 0x00, 0x00, 0x00, 0x00, 0x00,
    0x00, 0x00, 0x00, 0x00, 0x00, 0x00, 0x00, 0x00, 0x00, 0x00, 0x00, 0x00, 0x00, 0x00, 0x00, 0x00,
    0x00, 0x00, 0x00, 0x00, 0x00, 0x00, 0x00, 0x00, 0x00, 0x00, 0x00, 0x00, 0x00, 0x00, 0x00, 0x00,
    0x00, 0x00, 0x00, 0x00, 0x00, 0x00, 0x00, 0x00, 0x00, 0x00, 0x00, 0x00, 0x00, 0x00, 0x00, 0x00,
    0x00, 0x00, 0x00, 0x00, 0x00, 0x00, 0x00, 0x00, 0x00, 0x00, 0x00, 0x00, 0x00, 0x00, 0x00, 0x00,
    0x00, 0x00, 0x00, 0x00, 0x00, 0x00, 0x00, 0x00, 0x00, 0x00, 0x6e, 0x00, 0xff, 0xff, 0x00, 0xff,
    0xff, 0x00, 0xff, 0xff, 0x00, 0xff, 0xff, 0x00, 0xff, 0xff, 0x00, 0xff, 0xff, 0x00, 0xff, 0xff,
    0x00, 0xff, 0xff, 0x00, 0xd4, 0x50, 0x00, 0x00, 0x00, 0x00, 0x00, 0x00, 0x00, 0x00, 0x00, 0x00,
    0x00, 0x00, 0x00, 0x00, 0x00, 0x00, 0x00, 0x00, 0x00, 0x00, 0x00, 0x00, 0x00, 0x00, 0x00, 0x00,
    0x00, 0x00, 0x00, 0x00, 0x00, 0x00, 0x00, 0x00, 0x00, 0x0f, 0x9c, 0x00, 0xff, 0xff, 0x00, 0xff,
    0xff, 0x00, 0xff, 0xff, 0x00, 0xff, 0xff, 0x00, 0xff, 0xff, 0x00, 0xff, 0xff, 0x00, 0xff, 0xff,
    0x00, 0xff, 0xff, 0x00, 0xaa, 0x15, 0x00, 0x00, 0x00, 0x00, 0x00, 0x00, 0x00, 0x00, 0x00, 0x00,
    0x00, 0x00, 0x00, 0x00, 0x00, 0x00, 0x00, 0x00, 0x00, 0x00, 0x00, 0x00, 0x00, 0x00, 0x00, 0x00,
    0x00, 0x00, 0x00, 0x00, 0x00, 0x00, 0x00, 0x00, 0x00, 0x00, 0x00, 0x00, 0x00, 0x00, 0x00, 0x00,
    0x00, 0x00, 0x00, 0x00, 0x00, 0x00, 0x00, 0x00, 0x00, 0x00, 0x00, 0x00, 0x00, 0x00, 0x00, 0x00,
    0x00, 0x00, 0x00, 0x00, 0x00, 0x00, 0x00, 0x00, 0x00, 0x00, 0x00, 0x00, 0x00, 0x00, 0x00, 0x00,
    0x00, 0x00, 0x00, 0x00, 0x00, 0x00, 0x00, 0x00, 0x00, 0x00, 0x00, 0x00, 0x00, 0x00, 0x00, 0x00,
    0x00, 0x00, 0x00, 0x00, 0x00, 0x00, 0x00, 0x00, 0x00, 0x76, 0xeb, 0x00, 0xff, 0xff, 0x00, 0xff,
    0xff, 0x00, 0xff, 0xff, 0x00, 0xff, 0xff, 0x00, 0xff, 0xff, 0x00, 0xff, 0xff, 0x00, 0xff, 0xff,
    0x00, 0xff, 0xfe, 0x00, 0x3e, 0x01, 0x00, 0x00, 0x00, 0x00, 0x00, 0x00, 0x00, 0x00, 0x00, 0x00,
    0x00, 0x00, 0x00, 0x00, 0x00, 0x00, 0x00, 0x00, 0x00, 0x00, 0x00, 0x00, 0x00, 0x00, 0x00, 0x00,
    0x00, 0x00, 0x00, 0x00, 0x00, 0x00, 0x00, 0x00, 0x00, 0xa4, 0xfb, 0x00, 0xff, 0xff, 0x00, 0xff,
    0xff, 0x00, 0xff, 0xff, 0x00, 0xff, 0xff, 0x00, 0xff, 0xff, 0x00, 0xff, 0xff, 0x00, 0xff, 0xff,
    0x00, 0xff, 0xf7, 0x00, 0x06, 0x00, 0x00, 0x00, 0x00, 0x00, 0x00, 0x00, 0x00, 0x00, 0x00, 0x00,
    0x00, 0x00, 0x00, 0x00, 0x00, 0x00, 0x00, 0x00, 0x00, 0x00, 0x00, 0x00, 0x00, 0x00, 0x00, 0x00,
    0x00, 0x00, 0x00, 0x00, 0x00, 0x00, 0x00, 0x00, 0x00, 0x00, 0x00, 0x00, 0x00, 0x00, 0x00, 0x00,
    0x00, 0x00, 0x00, 0x00, 0x00, 0x00, 0x00, 0x00, 0x00, 0x00, 0x00, 0x00, 0x00, 0x00, 0x00, 0x00,
    0x00, 0x00, 0x00, 0x00, 0x00, 0x00, 0x00, 0x00, 0x00, 0x00, 0x00, 0x00, 0x00, 0x00, 0x00, 0x00,
    0x00, 0x00, 0x00, 0x00, 0x00, 0x00, 0x00, 0x00, 0x00, 0x00, 0x00, 0x00, 0x00, 0x00, 0x00, 0x00,
    0x00, 0x00, 0x00, 0x00, 0x00, 0x00, 0x00, 0x07, 0x00, 0xf2, 0xff, 0x00, 0xff, 0xff, 0x00, 0xff,
    0xff, 0x00, 0xff, 0xff, 0x00, 0xff, 0xff, 0x00, 0xff, 0xff, 0x00, 0xff, 0xff, 0x00, 0xff, 0xff,
    0x00, 0xfd, 0xca, 0x00, 0x02, 0x00, 0x00, 0x00, 0x00, 0x00, 0x00, 0x00, 0x00, 0x00, 0x00, 0x00,
    0x00, 0x00, 0x00, 0x00, 0x00, 0x00, 0x00, 0x00, 0x00, 0x00, 0x00, 0x00, 0x00, 0x00, 0x00, 0x00,
    0x00, 0x00, 0x00, 0x00, 0x00, 0x00, 0x00, 0x2e, 0x00, 0xfd, 0xff, 0x00, 0xff, 0xff, 0x00, 0xff,
    0xff, 0x00, 0xff, 0xff, 0x00, 0xff, 0xff, 0x00, 0xff, 0xff, 0x00, 0xff, 0xff, 0x00, 0xff, 0xff,
    0x00, 0xf5, 0xa1, 0x00, 0x00, 0x00, 0x00, 0x00, 0x00, 0x00, 0x00, 0x00, 0x00, 0x00, 0x00, 0x00,
    0x00, 0x00, 0x00, 0x00, 0x00, 0x00, 0x00, 0x00, 0x00, 0x00, 0x00, 0x00, 0x00, 0x00, 0x00, 0x00,
    0x00, 0x00, 0x00, 0x00, 0x00, 0x00, 0x00, 0x00, 0x00, 0x00, 0x00, 0x00, 0x00, 0x00, 0x00, 0x00,
    0x00, 0x00, 0x00, 0x00, 0x00, 0x00, 0x00, 0x00, 0x00, 0x00, 0x00, 0x00, 0x00, 0x00, 0x00, 0x00,
    0x00, 0x00, 0x00, 0x00, 0x00, 0x00, 0x00, 0x00, 0x00, 0x00, 0x00, 0x00, 0x00, 0x00, 0x00, 0x00,
    0x00, 0x00, 0x00, 0x00, 0x00, 0x00, 0x00, 0x00, 0x00, 0x00, 0x00, 0x00, 0x00, 0x00, 0x00, 0x00,
    0x00, 0x00, 0x00, 0x00, 0x00, 0x00, 0x14, 0x8a, 0x00, 0xff, 0xff, 0x00, 0xff, 0xff, 0x00, 0xff,
    0xff, 0x00, 0xff, 0xff, 0x00, 0xff, 0xff, 0x00, 0xff, 0xff, 0x00, 0xff, 0xff, 0x00, 0xff, 0xff,
    0x00, 0xc6, 0x24, 0x00, 0x00, 0x00, 0x00, 0x00, 0x00, 0x00, 0x00, 0x00, 0x00, 0x00, 0x00, 0x00,
    0x00, 0x00, 0x00, 0x00, 0x00, 0x00, 0x00, 0x00, 0x00, 0x00, 0x00, 0x00, 0x00, 0x00, 0x00, 0x00,
    0x00, 0x00, 0x00, 0x00, 0x00, 0x00, 0x3a, 0xc3, 0x00, 0xff, 0xff, 0x00, 0xff, 0xff, 0x00, 0xff,
    0xff, 0x00, 0xff, 0xff, 0x00, 0xff, 0xff, 0x00, 0xff, 0xff, 0x00, 0xff, 0xff, 0x00, 0xff, 0xff,
    0x00, 0x9a, 0x0b, 0x00, 0x00, 0x00, 0x00, 0x00, 0x00, 0x00, 0x00, 0x00, 0x00, 0x00, 0x00, 0x00,
    0x00, 0x00, 0x00, 0x00, 0x00, 0x00, 0x00, 0x00, 0x00, 0x00, 0x00, 0x00, 0x00, 0x00, 0x00, 0x00,
    0x00, 0x00, 0x00, 0x00, 0x00, 0x00, 0x00, 0x00, 0x00, 0x00, 0x00, 0x00, 0x00, 0x00, 0x00, 0x00,
    0x00, 0x00, 0x00, 0x00, 0x00, 0x00, 0x00, 0x00, 0x00, 0x00, 0x00, 0x00, 0x00, 0x00, 0x00, 0x00,
    0x00, 0x00, 0x00, 0x00, 0x00, 0x00, 0x00, 0x00, 0x00, 0x00, 0x00, 0x00, 0x00, 0x00, 0x00, 0x00,
    0x00, 0x00, 0x00, 0x00, 0x00, 0x00, 0x00, 0x00, 0x00, 0x00, 0x00, 0x00, 0x00, 0x00, 0x00, 0x00,
    0x00, 0x00, 0x00, 0x00, 0x00, 0x00, 0x98, 0xfc, 0x00, 0xff, 0xff, 0x00, 0xff, 0xff, 0x00, 0xff,
    0xff, 0x00, 0xff, 0xff, 0x00, 0xff, 0xff, 0x00, 0xff, 0xff, 0x00, 0xff, 0xff, 0x00, 0xff, 0xfb,
    0x00, 0x1d, 0x01, 0x00, 0x00, 0x00, 0x00, 0x00, 0x00, 0x00, 0x00, 0x00, 0x00, 0x00, 0x00, 0x00,
    0x00, 0x00, 0x00, 0x00, 0x00, 0x00, 0x00, 0x00, 0x00, 0x00, 0x00, 0x00, 0x00, 0x00, 0x00, 0x00,
    0x00, 0x00, 0x00, 0x00, 0x00, 0x00, 0xd1, 0xff, 0x00, 0xff, 0xff, 0x00, 0xff, 0xff, 0x00, 0xff,
    0xff, 0x00, 0xff, 0xff, 0x00, 0xff, 0xff, 0x00, 0xff, 0xff, 0x00, 0xff, 0xff, 0x00, 0xff, 0xf3,
    0x00, 0x0d, 0x00, 0x00, 0x00, 0x00, 0x00, 0x00, 0x00, 0x00, 0x00, 0x00, 0x00, 0x00, 0x00, 0x00,
    0x00, 0x00, 0x00, 0x00, 0x00, 0x00, 0x00, 0x00, 0x00, 0x00, 0x00, 0x00, 0x00, 0x00, 0x00, 0x00,
    0x00, 0x00, 0x00, 0x00, 0x00, 0x00, 0x00, 0x00, 0x00, 0x00, 0x00, 0x00, 0x00, 0x00, 0x00, 0x00,
    0x00, 0x00, 0x00, 0x00, 0x00, 0x00, 0x00, 0x00, 0x00, 0x00, 0x00, 0x00, 0x00, 0x00, 0x00, 0x00,
    0x00, 0x00, 0x00, 0x00, 0x00, 0x00, 0x00, 0x00, 0x00, 0x00, 0x00, 0x00, 0x00, 0x00, 0x00, 0x00,
    0x00, 0x00, 0x00, 0x00, 0x00, 0x00, 0x00, 0x00, 0x00, 0x00, 0x00, 0x00, 0x00, 0x00, 0x00, 0x00,
};
static const lv_image_dsc_t melt_img_46 = {
    .header.magic = LV_IMAGE_HEADER_MAGIC,
    .header.cf = LV_COLOR_FORMAT_A8,
    .header.flags = 0,
    .header.w = 64,
    .header.h = 108,
    .header.stride = 64,
    .data_size = sizeof melt_img_46_px,
    .data = melt_img_46_px,
};

static const uint8_t melt_img_47_px[] __attribute__((aligned(4))) = {
    0x00, 0x00, 0x00, 0x00, 0x00, 0x00, 0x00, 0x00, 0x00, 0x00, 0x00, 0x00, 0x00, 0x00, 0x00, 0x00,
    0x00, 0x00, 0x00, 0x00, 0x00, 0x00, 0x03, 0x00, 0x1a, 0x21, 0x00, 0x3c, 0x6b, 0x00, 0x9a, 0xa1,
    0x00, 0xab, 0xa9, 0x00, 0x9b, 0x90, 0x00, 0x47, 0x29, 0x00, 0x1c, 0x12, 0x00, 0x00, 0x00, 0x00,
    0x00, 0x00, 0x00, 0x00, 0x00, 0x00, 0x00, 0x00, 0x00, 0x00, 0x00, 0x00, 0x00, 0x00, 0x00, 0x00,
    0x00, 0x00, 0x00, 0x00, 0x00, 0x00, 0x00, 0x00, 0x00, 0x00, 0x00, 0x00, 0x00, 0x00, 0x00, 0x00,
    0x00, 0x00, 0x00, 0x00, 0x00, 0x00, 0x00, 0x02, 0x00, 0x25, 0x3e, 0x00, 0xaa, 0xca, 0x00, 0xed,
    0xf4, 0x00, 0xf9, 0xf9, 0x00, 0xfa, 0xfa, 0x00, 0xf9, 0xf8, 0x00, 0xef, 0xe3, 0x00, 0xb3, 0x86,
    0x00, 0x29, 0x16, 0x00, 0x00, 0x00, 0x00, 0x00, 0x00, 0x00, 0x00, 0x00, 0x00, 0x00, 0x00, 0x00,
    0x00, 0x00, 0x00, 0x00, 0x00, 0x00, 0x00, 0x00, 0x00, 0x00, 0x00, 0x00, 0x00, 0x00, 0x00, 0x00,
    0x00, 0x00, 0x00, 0x00, 0x00, 0x00, 0x00, 0x00, 0x00, 0x00, 0x00, 0x00, 0x00, 0x00, 0x00, 0x00,
    0x00, 0x00, 0x00, 0x00, 0x00, 0x00, 0x00, 0x00, 0x00, 0x00, 0x00, 0x00, 0x00, 0x00, 0x00, 0x00,
    0x00, 0x00, 0x00, 0x00, 0x00, 0x00, 0x00, 0x00, 0x00, 0x00, 0x00, 0x00, 0x00, 0x00, 0x00, 0x00,
    0x00, 0x00, 0x00, 0x00, 0x00, 0x00, 0x00, 0x00, 0x00, 0x00, 0x00, 0x00, 0x00, 0x00, 0x00, 0x00,
    0x00, 0x00, 0x00, 0x00, 0x00, 0x00, 0x00, 0x00, 0x00, 0x00, 0x00, 0x00, 0x1e, 0x00, 0x96, 0xd8,
    0x00, 0xfe, 0xff, 0x00, 0xff, 0xff, 0x00, 0xff, 0xff, 0x00, 0xff, 0xff, 0x00, 0xff, 0xff, 0x00,
    0xff, 0xff, 0x00, 0xff, 0xff, 0x00, 0xff, 0xff, 0x00, 0xfe, 0xfb, 0x00, 0xad, 0x59, 0x00, 0x02,
    0x00, 0x00, 0x00, 0x00, 0x00, 0x00, 0x00, 0x00, 0x00, 0x00, 0x00, 0x00, 0x00, 0x00, 0x00, 0x00,
    0x00, 0x00, 0x00, 0x00, 0x00, 0x00, 0x00, 0x00, 0x00, 0x00, 0x00, 0x00, 0x00, 0x00, 0x00, 0x45,
    0x99, 0x00, 0xfb, 0xff, 0x00, 0xff, 0xff, 0x00, 0xff, 0xff, 0x00, 0xff, 0xff, 0x00, 0xff, 0xff,
    0x00, 0xff, 0xff, 0x00, 0xff, 0xff, 0x00, 0xff, 0xff, 0x00, 0xff, 0xff, 0x00, 0xff, 0xff, 0x00,
    0xfd, 0xeb, 0x00, 0x5b, 0x21, 0x00, 0x00, 0x00, 0x00, 0x00, 0x00, 0x00, 0x00, 0x00, 0x00, 0x00,
    0x00, 0x00, 0x00, 0x00, 0x00, 0x00, 0x00, 0x00, 0x00, 0x00, 0x00, 0x00, 0x00, 0x00, 0x00, 0x00,
    0x00, 0x00, 0x00, 0x00, 0x00, 0x00, 0x00, 0x00, 0x00, 0x00, 0x00, 0x00, 0x00, 0x00, 0x00, 0x00,
    0x00, 0x00, 0x00, 0x00, 0x00, 0x00, 0x00, 0x00, 0x00, 0x00, 0x00, 0x00, 0x00, 0x00, 0x00, 0x00,
    0x00, 0x00, 0x00, 0x00, 0x00, 0x00, 0x00, 0x00, 0x00, 0x00, 0x00, 0x00, 0x00, 0x00, 0x00, 0x00,
    0x00, 0x00, 0x00, 0x00, 0x00, 0x00, 0x00, 0x00, 0x00, 0x00, 0x00, 0x00, 0x00, 0x00, 0x00, 0x00,
    0x00, 0x00, 0x00, 0x00, 0x43, 0xa6, 0x00, 0xfe, 0xff, 0x00, 0xff, 0xff, 0x00, 0xff, 0xff, 0x00,
    0xff, 0xff, 0x00, 0xff, 0xff, 0x00, 0xff, 0xff, 0x00, 0xff, 0xff, 0x00, 0xff, 0xff, 0x00, 0xff,
    0xff, 0x00, 0xff, 0xff, 0x00, 0xff, 0xff, 0x00, 0xff, 0xff, 0x00, 0xff, 0xf7, 0x00, 0x73, 0x1b,
    0x00, 0x00, 0x00, 0x00, 0x00, 0x00, 0x00, 0x00, 0x00, 0x00, 0x00, 0x00, 0x00, 0x00, 0x00, 0x00,
    0x00, 0x00, 0x00, 0x00, 0x00, 0x01, 0x10, 0x00, 0xc6, 0xf6, 0x00, 0xff, 0xff, 0x00, 0xff, 0xff,
    0x00, 0xff, 0xff, 0x00, 0xff, 0xff, 0x00, 0xff, 0xff, 0x00, 0xff, 0xff, 0x00, 0xff, 0xff, 0x00,
    0xff, 0xff, 0x00, 0xff, 0xff, 0x00, 0xff, 0xff, 0x00, 0xff, 0xff, 0x00, 0xff, 0xff, 0x00, 0xff,
    0xff, 0x00, 0xe4, 0x91, 0x00, 0x01, 0x00, 0x00, 0x00, 0x00, 0x00, 0x00, 0x00, 0x00, 0x00, 0x00,
    0x00, 0x00, 0x00, 0x00, 0x00, 0x00, 0x00, 0x00, 0x00, 0x00, 0x00, 0x00, 0x00, 0x00, 0x00, 0x00,
    0x00, 0x00, 0x00, 0x00, 0x00, 0x00, 0x00, 0x00, 0x00, 0x00, 0x00, 0x00, 0x00, 0x00, 0x00, 0x00,
    0x00, 0x00, 0x00, 0x00, 0x00, 0x00, 0x00, 0x00, 0x00, 0x00, 0x00, 0x00, 0x00, 0x00, 0x00, 0x00,
    0x00, 0x00, 0x00, 0x00, 0x00, 0x00, 0x00, 0x00, 0x00, 0x00, 0x00, 0x00, 0x00, 0x00, 0x00, 0x00,
    0x00, 0x00, 0x00, 0x00, 0x00, 0x00, 0x00, 0x00, 0x00, 0x00, 0x00, 0x00, 0x00, 0x66, 0xd9, 0x00,
    0xff, 0xff, 0x00, 0xff, 0xff, 0x00, 0xff, 0xff, 0x00, 0xff, 0xff, 0x00, 0xff, 0xff, 0x00, 0xff,
    0xff, 0x00, 0xff, 0xff, 0x00, 0xff, 0xff, 0x00, 0xff, 0xff, 0x00, 0xff, 0xff, 0x00, 0xff, 0xff,
    0x00, 0xff, 0xff, 0x00, 0xff, 0xff, 0x00, 0xff, 0xff, 0x00, 0xff, 0xff, 0x00, 0xa7, 0x25, 0x00,
    0x00, 0x00, 0x00, 0x00, 0x00, 0x00, 0x00, 0x00, 0x00, 0x00, 0x00, 0x00, 0x00, 0x00, 0x00, 0x08,
    0x00, 0xd1, 0xfb, 0x00, 0xff, 0xff, 0x00, 0xff, 0xff, 0x00, 0xff, 0xff, 0x00, 0xff, 0xff, 0x00,
    0xff, 0xff, 0x00, 0xff, 0xff, 0x00, 0xff, 0xff, 0x00, 0xff, 0xff, 0x00, 0xff, 0xff, 0x00, 0xff,
    0xff, 0x00, 0xff, 0xff, 0x00, 0xff, 0xff, 0x00, 0xff, 0xff, 0x00, 0xff, 0xff, 0x00, 0xff, 0xff,
    0x00, 0xf2, 0x9e, 0x00, 0x01, 0x00, 0x00, 0x00, 0x00, 0x00, 0x00, 0x00, 0x00, 0x00, 0x00, 0x00,
    0x00, 0x00, 0x00, 0x00, 0x00, 0x00, 0x00, 0x00, 0x00, 0x00, 0x00, 0x00, 0x00, 0x00, 0x00, 0x00,
    0x00, 0x00, 0x00, 0x00, 0x00, 0x00, 0x00, 0x00, 0x00, 0x00, 0x00, 0x00, 0x00, 0x00, 0x00, 0x00,
    0x00, 0x00, 0x00, 0x00, 0x00, 0x00, 0x00, 0x00, 0x00, 0x00, 0x00, 0x00, 0x00, 0x00, 0x00, 0x00,
    0x00, 0x00, 0x00, 0x00, 0x00, 0x00, 0x00, 0x00, 0x00, 0x00, 0x00, 0x00, 0x00, 0x00, 0x00, 0x00,
    0x00, 0x00, 0x00, 0x00, 0x00, 0x00, 0x1e, 0xa1, 0x00, 0xff, 0xff, 0x00, 0xff, 0xff, 0x00, 0xff,
    0xff, 0x00, 0xff, 0xff, 0x00, 0xff, 0xff, 0x00, 0xff, 0xff, 0x00, 0xff, 0xff, 0x00, 0xff, 0xff,
    0x00, 0xff, 0xff, 0x00, 0xff, 0xff, 0x00, 0xff, 0xff, 0x00, 0xff, 0xff, 0x00, 0xff, 0xff, 0x00,
    0xff, 0xff, 0x00, 0xff, 0xff, 0x00, 0xff, 0xff, 0x00, 0xff, 0xfe, 0x00, 0x6d, 0x0b, 0x00, 0x00,
    0x00, 0x00, 0x00, 0x00, 0x00, 0x00, 0x00, 0x00, 0x00, 0x00, 0x74, 0xe7, 0x00, 0xff, 0xff, 0x00,
    0xff, 0xff, 0x00, 0xff, 0xff, 0x00, 0xff, 0xff, 0x00, 0xff, 0xff, 0x00, 0xff, 0xff, 0x00, 0xff,
    0xff, 0x00, 0xff, 0xff, 0x00, 0xff, 0xff, 0x00, 0xff, 0xff, 0x00, 0xff, 0xff, 0x00, 0xff, 0xff,
    0x00, 0xff, 0xff, 0x00, 0xff, 0xff, 0x00, 0xff, 0xff, 0x00, 0xff, 0xff, 0x00, 0xff, 0xff, 0x00,
    0xc8, 0x41, 0x00, 0x00, 0x00, 0x00, 0x00, 0x00, 0x00, 0x00, 0x00, 0x00, 0x00, 0x00, 0x00, 0x00,
    0x00, 0x00, 0x00, 0x00, 0x00, 0x00, 0x00, 0x00, 0x00, 0x00, 0x00, 0x00, 0x00, 0x00, 0x00, 0x00,
    0x00, 0x00, 0x00, 0x00, 0x00, 0x00, 0x00, 0x00, 0x00, 0x00, 0x00, 0x00, 0x00, 0x00, 0x00, 0x00,
    0x00, 0x00, 0x00, 0x00, 0x00, 0x00, 0x00, 0x00, 0x00, 0x00, 0x00, 0x00, 0x00, 0x00, 0x00, 0x00,
    0x00, 0x00, 0x00, 0x00, 0x00, 0x00, 0x00, 0x00, 0x00, 0x00, 0x00, 0x00, 0x00, 0x00, 0x00, 0x00,
    0x0f, 0x00, 0xf1, 0xff, 0x00, 0xff, 0xff, 0x00, 0xff, 0xff, 0x00, 0xff, 0xff, 0x00, 0xff, 0xff,
    0x00, 0xff, 0xff, 0x00, 0xff, 0xff, 0x00, 0xff, 0xff, 0x00, 0xff, 0xff, 0x00, 0xff, 0xff, 0x00,
    0xff, 0xff, 0x00, 0xff, 0xff, 0x00, 0xff, 0xff, 0x00, 0xff, 0xff, 0x00, 0xff, 0xff, 0x00, 0xff,
    0xff, 0x00, 0xff, 0xff, 0x00, 0xff, 0xff, 0x00, 0xfe, 0xdc, 0x00, 0x00, 0x00, 0x00, 0x00, 0x00,
    0x00, 0x00, 0x00, 0x00, 0x3e, 0x00, 0xfe, 0xff, 0x00, 0xff, 0xff, 0x00, 0xff, 0xff, 0x00, 0xff,
    0xff, 0x00, 0xff, 0xff, 0x00, 0xff, 0xff, 0x00, 0xff, 0xff, 0x00, 0xff, 0xff, 0x00, 0xfe, 0xfc,
    0x00, 0xfa, 0xfb, 0x00, 0xfd, 0xff, 0x00, 0xff, 0xff, 0x00, 0xff, 0xff, 0x00, 0xff, 0xff, 0x00,
    0xff, 0xff, 0x00, 0xff, 0xff, 0x00, 0xff, 0xff, 0x00, 0xff, 0xff, 0x00, 0xff, 0xf9, 0x00, 0x1e,
    0x00, 0x00, 0x00, 0x00, 0x00, 0x00, 0x00, 0x00, 0x00, 0x00, 0x00, 0x00, 0x00, 0x00, 0x00, 0x00,
    0x00, 0x00, 0x00, 0x00, 0x00, 0x00, 0x00, 0x00, 0x00, 0x00, 0x00, 0x00, 0x00, 0x00, 0x00, 0x00,
    0x00, 0x00, 0x00, 0x00, 0x00, 0x00, 0x00, 0x00, 0x00, 0x00, 0x00, 0x00, 0x00, 0x00, 0x00, 0x00,
    0x00, 0x00, 0x00, 0x00, 0x00, 0x00, 0x00, 0x00, 0x00, 0x00, 0x00, 0x00, 0x00, 0x00, 0x00, 0x00,
    0x00, 0x00, 0x00, 0x00, 0x00, 0x00, 0x00, 0x00, 0x00, 0x00, 0x00, 0x2d, 0xb5, 0x00, 0xff, 0xff,
    0x00, 0xff, 0xff, 0x00, 0xff, 0xff, 0x00, 0xff, 0xff, 0x00, 0xff, 0xff, 0x00, 0xff, 0xff, 0x00,
    0xff, 0xff, 0x00, 0xfa, 0xd2, 0x00, 0x2c, 0x1b, 0x00, 0x09, 0x0d, 0x00, 0x26, 0x5e, 0x00, 0xf4,
    0xff, 0x00, 0xff, 0xff, 0x00, 0xff, 0xff, 0x00, 0xff, 0xff, 0x00, 0xff, 0xff, 0x00, 0xff, 0xff,
    0x00, 0xff, 0xff, 0x00, 0xff, 0xff, 0x00, 0x89, 0x12, 0x00, 0x00, 0x00, 0x00, 0x00, 0x00, 0x4d,
    0xe1, 0x00, 0xff, 0xff, 0x00, 0xff, 0xff, 0x00, 0xff, 0xff, 0x00, 0xff, 0xff, 0x00, 0xff, 0xff,
    0x00, 0xff, 0xff, 0x00, 0xff, 0xff, 0x00, 0xc4, 0x48, 0x00, 0x01, 0x00, 0x00, 0x00, 0x00, 0x00,
    0x00, 0x0a, 0x00, 0xa4, 0xf4, 0x00, 0xff, 0xff, 0x00, 0xff, 0xff, 0x00, 0xff, 0xff, 0x00, 0xff,
    0xff, 0x00, 0xff, 0xff, 0x00, 0xff, 0xff, 0x00, 0xff, 0xff, 0x00, 0xc5, 0x37, 0x00, 0x00, 0x00,
    0x00, 0x00, 0x00, 0x00, 0x00, 0x00, 0x00, 0x00, 0x00, 0x00, 0x00, 0x00, 0x00, 0x00, 0x00, 0x00,
    0x00, 0x00, 0x00, 0x00, 0x00, 0x00, 0x00, 0x00, 0x00, 0x00, 0x00, 0x00, 0x00, 0x00, 0x00, 0x00,
    0x00, 0x00, 0x00, 0x00, 0x00, 0x00, 0x00, 0x00, 0x00, 0x00, 0x00, 0x00, 0x00, 0x00, 0x00, 0x00,
    0x00, 0x00, 0x00, 0x00, 0x00, 0x00, 0x00, 0x00, 0x00, 0x00, 0x00, 0x00, 0x00, 0x00, 0x00, 0x00,
    0x00, 0x00, 0x00, 0x00, 0x00, 0x00, 0x00, 0xb1, 0xff, 0x00, 0xff, 0xff, 0x00, 0xff, 0xff, 0x00,
    0xff, 0xff, 0x00, 0xff, 0xff, 0x00, 0xff, 0xff, 0x00, 0xff, 0xff, 0x00, 0xff, 0xf5, 0x00, 0x15,
    0x00, 0x00, 0x00, 0x00, 0x00, 0x00, 0x00, 0x00, 0x00, 0x00, 0x00, 0x06, 0x4d, 0x00, 0xff, 0xff,
    0x00, 0xff, 0xff, 0x00, 0xff, 0xff, 0x00, 0xff, 0xff, 0x00, 0xff, 0xff, 0x00, 0xff, 0xff, 0x00,
    0xff, 0xff, 0x00, 0xfc, 0x7f, 0x00, 0x00, 0x00, 0x00, 0x00, 0x00, 0xd3, 0xff, 0x00, 0xff, 0xff,
    0x00, 0xff, 0xff, 0x00, 0xff, 0xff, 0x00, 0xff, 0xff, 0x00, 0xff, 0xff, 0x00, 0xff, 0xff, 0x00,
    0xff, 0xc9, 0x00, 0x01, 0x00, 0x00, 0x00, 0x00, 0x00, 0x00, 0x00, 0x00, 0x00, 0x00, 0x00, 0x00,
    0x1a, 0x00, 0xfa, 0xff, 0x00, 0xff, 0xff, 0x00, 0xff, 0xff, 0x00, 0xff, 0xff, 0x00, 0xff, 0xff,
    0x00, 0xff, 0xff, 0x00, 0xff, 0xff, 0x00, 0xff, 0xb7, 0x00, 0x00, 0x00, 0x00, 0x00, 0x00, 0x00,
    0x00, 0x00, 0x00, 0x00, 0x00, 0x00, 0x00, 0x00, 0x00, 0x00, 0x00, 0x00, 0x00, 0x00, 0x00, 0x00,
    0x00, 0x00, 0x00, 0x00, 0x00, 0x00, 0x00, 0x00, 0x00, 0x00, 0x00, 0x00, 0x00, 0x00, 0x00, 0x00,
    0x00, 0x00, 0x00, 0x00, 0x00, 0x00, 0x00, 0x00, 0x00, 0x00, 0x00, 0x00, 0x00, 0x00, 0x00, 0x00,
    0x00, 0x00, 0x00, 0x00, 0x00, 0x00, 0x00, 0x00, 0x00, 0x00, 0x00, 0x00, 0x00, 0x00, 0x00, 0x00,
    0x00, 0x04, 0x00, 0xf6, 0xff, 0x00, 0xff, 0xff, 0x00, 0xff, 0xff, 0x00, 0xff, 0xff, 0x00, 0xff,
    0xff, 0x00, 0xff, 0xff, 0x00, 0xff, 0xff, 0x00, 0xe4, 0x4e, 0x00, 0x00, 0x00, 0x00, 0x00, 0x00,
    0x00, 0x00, 0x00, 0x00, 0x00, 0x00, 0x00, 0x00, 0x00, 0x00, 0xba, 0xff, 0x00, 0xff, 0xff, 0x00,
    0xff, 0xff, 0x00, 0xff, 0xff, 0x00, 0xff, 0xff, 0x00, 0xff, 0xff, 0x00, 0xff, 0xff, 0x00, 0xff,
    0xe6, 0x00, 0x00, 0x00, 0x00, 0x10, 0x00, 0xfc, 0xff, 0x00, 0xff, 0xff, 0x00, 0xff, 0xff, 0x00,
    0xff, 0xff, 0x00, 0xff, 0xff, 0x00, 0xff, 0xff, 0x00, 0xff, 0xff, 0x00, 0xc7, 0x39, 0x00, 0x00,
    0x00, 0x00, 0x00, 0x00, 0x00, 0x00, 0x00, 0x00, 0x00, 0x00, 0x00, 0x00, 0x00, 0x00, 0x79, 0xfc,
    0x00, 0xff, 0xff, 0x00, 0xff, 0xff, 0x00, 0xff, 0xff, 0x00, 0xff, 0xff, 0x00, 0xff, 0xff, 0x00,
    0xff, 0xff, 0x00, 0xff, 0xf3, 0x00, 0x00, 0x00, 0x00, 0x00, 0x00, 0x00, 0x00, 0x00, 0x00, 0x00,
    0x00, 0x00, 0x00, 0x00, 0x00, 0x00, 0x00, 0x00, 0x00, 0x00, 0x00, 0x00, 0x00, 0x00, 0x00, 0x00,
    0x00, 0x00, 0x00, 0x00, 0x00, 0x00, 0x00, 0x00, 0x00, 0x00, 0x00, 0x00, 0x00, 0x00, 0x00, 0x00,
    0x00, 0x00, 0x00, 0x00, 0x00, 0x00, 0x00, 0x00, 0x00, 0x00, 0x00, 0x00, 0x00, 0x00, 0x00, 0x00,
    0x00, 0x00, 0x00, 0x00, 0x00, 0x00, 0x00, 0x00, 0x00, 0x00, 0x00, 0x00, 0x00, 0x1e, 0x00, 0xfd,
    0xff, 0x00, 0xff, 0xff, 0x00, 0xff, 0xff, 0x00, 0xff, 0xff, 0x00, 0xff, 0xff, 0x00, 0xff, 0xff,
    0x00, 0xff, 0xff, 0x00, 0x7c, 0x06, 0x00, 0x00, 0x00, 0x00, 0x00, 0x00, 0x00, 0x00, 0x00, 0x00,
    0x00, 0x00, 0x00, 0x00, 0x00, 0x00, 0x4e, 0xe3, 0x00, 0xff, 0xff, 0x00, 0xff, 0xff, 0x00, 0xff,
    0xff, 0x00, 0xff, 0xff, 0x00, 0xff, 0xff, 0x00, 0xff, 0xff, 0x00, 0xff, 0xfc, 0x00, 0x0e, 0x00,
    0x00, 0x20, 0x00, 0xfe, 0xff, 0x00, 0xff, 0xff, 0x00, 0xff, 0xff, 0x00, 0xff, 0xff, 0x00, 0xff,
    0xff, 0x00, 0xff, 0xff, 0x00, 0xff, 0xff, 0x00, 0x6f, 0x00, 0x00, 0x00, 0x00, 0x00, 0x00, 0x00,
    0x00, 0x00, 0x00, 0x00, 0x00, 0x00, 0x00, 0x00, 0x00, 0x00, 0x47, 0xdb, 0x00, 0xff, 0xff, 0x00,
    0xff, 0xff, 0x00, 0xff, 0xff, 0x00, 0xff, 0xff, 0x00, 0xff, 0xff, 0x00, 0xff, 0xff, 0x00, 0xff,
    0xfd, 0x00, 0x13, 0x00, 0x00, 0x00, 0x00, 0x00, 0x00, 0x00, 0x00, 0x00, 0x00, 0x00, 0x00, 0x00,
    0x00, 0x00, 0x00, 0x00, 0x00, 0x00, 0x00, 0x00, 0x00, 0x00, 0x00, 0x00, 0x00, 0x00, 0x00, 0x00,
    0x00, 0x00, 0x00, 0x00, 0x00, 0x00, 0x00, 0x00, 0x00, 0x00, 0x00, 0x00, 0x00, 0x00, 0x00, 0x00,
    0x00, 0x00, 0x00, 0x00, 0x00, 0x00, 0x00, 0x00, 0x00, 0x00, 0x00, 0x00, 0x00, 0x00, 0x00, 0x00,
    0x00, 0x00, 0x00, 0x00, 0x00, 0x00, 0x00, 0x00, 0x00, 0x1c, 0x00, 0xfd, 0xff, 0x00, 0xff, 0xff,
    0x00, 0xff, 0xff, 0x00, 0xff, 0xff, 0x00, 0xff, 0xff, 0x00, 0xff, 0xff, 0x00, 0xff, 0xff, 0x00,
    0x69, 0x00, 0x00, 0x00, 0x00, 0x00, 0x00, 0x00, 0x00, 0x00, 0x00, 0x00, 0x00, 0x00, 0x00, 0x00,
    0x00, 0x00, 0x40, 0xd1, 0x00, 0xff, 0xff, 0x00, 0xff, 0xff, 0x00, 0xff, 0xff, 0x00, 0xff, 0xff,
    0x00, 0xff, 0xff, 0x00, 0xff, 0xff, 0x00, 0xff, 0xfc, 0x00, 0x08, 0x00, 0x00, 0x18, 0x00, 0xfd,
    0xff, 0x00, 0xff, 0xff, 0x00, 0xff, 0xff, 0x00, 0xff, 0xff, 0x00, 0xff, 0xff, 0x00, 0xff, 0xff,
    0x00, 0xff, 0xff, 0x00, 0x6c, 0x00, 0x00, 0x00, 0x00, 0x00, 0x00, 0x00, 0x00, 0x00, 0x00, 0x00,
    0x00, 0x00, 0x00, 0x00, 0x00, 0x00, 0x44, 0xd6, 0x00, 0xff, 0xff, 0x00, 0xff, 0xff, 0x00, 0xff,
    0xff, 0x00, 0xff, 0xff, 0x00, 0xff, 0xff, 0x00, 0xff, 0xff, 0x00, 0xff, 0xf9, 0x00, 0x01, 0x00,
    0x00, 0x00, 0x00, 0x00, 0x00, 0x00, 0x00, 0x00, 0x00, 0x00, 0x00, 0x00, 0x00, 0x00, 0x00, 0x00,
    0x00, 0x00, 0x00, 0x00, 0x00, 0x00, 0x00, 0x00, 0x00, 0x00, 0x00, 0x00, 0x00, 0x00, 0x00, 0x00,
    0x00, 0x00, 0x00, 0x00, 0x00, 0x00, 0x00, 0x00, 0x00, 0x00, 0x00, 0x00, 0x00, 0x00, 0x00, 0x00,
    0x00, 0x00, 0x00, 0x00, 0x00, 0x00, 0x00, 0x00, 0x00, 0x00, 0x00, 0x00, 0x00, 0x00, 0x00, 0x00,
    0x00, 0x00, 0x00, 0x00, 0x00, 0x05, 0x00, 0xf6, 0xff, 0x00, 0xff, 0xff, 0x00, 0xff, 0xff, 0x00,
    0xff, 0xff, 0x00, 0xff, 0xff, 0x00, 0xff, 0xff, 0x00, 0xff, 0xff, 0x00, 0x88, 0x0d, 0x00, 0x00,
    0x00, 0x00, 0x00, 0x00, 0x00, 0x00, 0x00, 0x00, 0x00, 0x00, 0x00, 0x00, 0x00, 0x00, 0x51, 0xe8,
    0x00, 0xff, 0xff, 0x00, 0xff, 0xff, 0x00, 0xff, 0xff, 0x00, 0xff, 0xff, 0x00, 0xff, 0xff, 0x00,
    0xff, 0xff, 0x00, 0xff, 0xe8, 0x00, 0x00, 0x00, 0x00, 0x00, 0x00, 0xe7, 0xff, 0x00, 0xff, 0xff,
    0x00, 0xff, 0xff, 0x00, 0xff, 0xff, 0x00, 0xff, 0xff, 0x00, 0xff, 0xff, 0x00, 0xff, 0xff, 0x00,
    0xb5, 0x2c, 0x00, 0x00, 0x00, 0x00, 0x00, 0x00, 0x00, 0x00, 0x00, 0x00, 0x00, 0x00, 0x00, 0x00,
    0x00, 0x00, 0x63, 0xf6, 0x00, 0xff, 0xff, 0x00, 0xff, 0xff, 0x00, 0xff, 0xff, 0x00, 0xff, 0xff,
    0x00, 0xff, 0xff, 0x00, 0xff, 0xff, 0x00, 0xff, 0xd5, 0x00, 0x00, 0x00, 0x00, 0x00, 0x00, 0x00,
    0x00, 0x00, 0x00, 0x00, 0x00, 0x00, 0x00, 0x00, 0x00, 0x00, 0x00, 0x00, 0x00, 0x00, 0x00, 0x00,
    0x00, 0x00, 0x00, 0x00, 0x00, 0x00, 0x00, 0x00, 0x00, 0x00, 0x00, 0x00, 0x00, 0x00, 0x00, 0x00,
    0x00, 0x00, 0x00, 0x00, 0x00, 0x00, 0x00, 0x00, 0x00, 0x00, 0x00, 0x00, 0x00, 0x00, 0x00, 0x00,
    0x00, 0x00, 0x00, 0x00, 0x00, 0x00, 0x00, 0x00, 0x00, 0x00, 0x00, 0x00, 0x00, 0x00, 0x00, 0x00,
    0x00, 0x00, 0x00, 0xb5, 0xff, 0x00, 0xff, 0xff, 0x00, 0xff, 0xff, 0x00, 0xff, 0xff, 0x00, 0xff,
    0xff, 0x00, 0xff, 0xff, 0x00, 0xff, 0xff, 0x00, 0xf1, 0x60, 0x00, 0x00, 0x00, 0x00, 0x00, 0x00,
    0x00, 0x00, 0x00, 0x00, 0x00, 0x00, 0x00, 0x00, 0x00, 0x00, 0xcf, 0xff, 0x00, 0xff, 0xff, 0x00,
    0xff, 0xff, 0x00, 0xff, 0xff, 0x00, 0xff, 0xff, 0x00, 0xff, 0xff, 0x00, 0xff, 0xff, 0x00, 0xfd,
    0x95, 0x00, 0x00, 0x00, 0x00, 0x00, 0x00, 0x73, 0xf8, 0x00, 0xff, 0xff, 0x00, 0xff, 0xff, 0x00,
    0xff, 0xff, 0x00, 0xff, 0xff, 0x00, 0xff, 0xff, 0x00, 0xff, 0xff, 0x00, 0xfe, 0xa7, 0x00, 0x00,
    0x00, 0x00, 0x00, 0x00, 0x00, 0x00, 0x00, 0x00, 0x00, 0x00, 0x00, 0x00, 0x0a, 0x00, 0xf1, 0xff,
    0x00, 0xff, 0xff, 0x00, 0xff, 0xff, 0x00, 0xff, 0xff, 0x00, 0xff, 0xff, 0x00, 0xff, 0xff, 0x00,
    0xff, 0xff, 0x00, 0xee, 0x5e, 0x00, 0x00, 0x00, 0x00, 0x00, 0x00, 0x00, 0x00, 0x00, 0x00, 0x00,
    0x00, 0x00, 0x00, 0x00, 0x00, 0x00, 0x00, 0x00, 0x00, 0x00, 0x00, 0x00, 0x00, 0x00, 0x00, 0x00,
    0x00, 0x00, 0x00, 0x00, 0x00, 0x00, 0x00, 0x00, 0x00, 0x00, 0x00, 0x00, 0x00, 0x00, 0x00, 0x00,
    0x00, 0x00, 0x00, 0x00, 0x00, 0x00, 0x00, 0x00, 0x00, 0x00, 0x00, 0x00, 0x00, 0x00, 0x00, 0x00,
    0x00, 0x00, 0x00, 0x00, 0x00, 0x00, 0x00, 0x00, 0x00, 0x00, 0x00, 0x00, 0x00, 0x00, 0x00, 0x2c,
    0xb4, 0x00, 0xff, 0xff, 0x00, 0xff, 0xff, 0x00, 0xff, 0xff, 0x00, 0xff, 0xff, 0x00, 0xff, 0xff,
    0x00, 0xff, 0xff, 0x00, 0xff, 0xfc, 0x00, 0x27, 0x02, 0x00, 0x00, 0x00, 0x00, 0x00, 0x00, 0x00,
    0x00, 0x00, 0x00, 0x0d, 0x6c, 0x00, 0xff, 0xff, 0x00, 0xff, 0xff, 0x00, 0xff, 0xff, 0x00, 0xff,
    0xff, 0x00, 0xff, 0xff, 0x00, 0xff, 0xff, 0x00, 0xff, 0xff, 0x00, 0x96, 0x1a, 0x00, 0x00, 0x00,
    0x00, 0x00, 0x00, 0x04, 0x68, 0x00, 0xff, 0xff, 0x00, 0xff, 0xff, 0x00, 0xff, 0xff, 0x00, 0xff,
    0xff, 0x00, 0xff, 0xff, 0x00, 0xff, 0xff, 0x00, 0xff, 0xff, 0x00, 0x75, 0x13, 0x00, 0x00, 0x00,
    0x00, 0x00, 0x00, 0x00, 0x00, 0x00, 0x00, 0x3b, 0xcc, 0x00, 0xff, 0xff, 0x00, 0xff, 0xff, 0x00,
    0xff, 0xff, 0x00, 0xff, 0xff, 0x00, 0xff, 0xff, 0x00, 0xff, 0xff, 0x00, 0xff, 0xff, 0x00, 0x58,
    0x02, 0x00, 0x00, 0x00, 0x00, 0x00, 0x00, 0x00, 0x00, 0x00, 0x00, 0x00, 0x00, 0x00, 0x00, 0x00,
    0x00, 0x00, 0x00, 0x00, 0x00, 0x00, 0x00, 0x00, 0x00, 0x00, 0x00, 0x00, 0x00, 0x00, 0x00, 0x00,
    0x00, 0x00, 0x00, 0x00, 0x00, 0x00, 0x00, 0x00, 0x00, 0x00, 0x00, 0x00, 0x00, 0x00, 0x00, 0x00,
    0x00, 0x00, 0x00, 0x00, 0x00, 0x00, 0x00, 0x00, 0x00, 0x00, 0x00, 0x00, 0x00, 0x00, 0x00, 0x00,
    0x00, 0x00, 0x00, 0x00, 0x00, 0x00, 0x00, 0x00, 0x00, 0x00, 0x00, 0x00, 0x01, 0x00, 0xe7, 0xff,
    0x00, 0xff, 0xff, 0x00, 0xff, 0xff, 0x00, 0xff, 0xff, 0x00, 0xff, 0xff, 0x00, 0xff, 0xff, 0x00,
    0xff, 0xff, 0x00, 0xfd, 0xdc, 0x00, 0x36, 0x0f, 0x00, 0x00, 0x00, 0x00, 0x27, 0x57, 0x00, 0xf8,
    0xff, 0x00, 0xff, 0xff, 0x00, 0xff, 0xff, 0x00, 0xff, 0xff, 0x00, 0xff, 0xff, 0x00, 0xff, 0xff,
    0x00, 0xff, 0xff, 0x00, 0xfe, 0xda, 0x00, 0x01, 0x00, 0x00, 0x00, 0x00, 0x00, 0x00, 0x00, 0x00,
    0x00, 0x00, 0xa7, 0xf5, 0x00, 0xff, 0xff, 0x00, 0xff, 0xff, 0x00, 0xff, 0xff, 0x00, 0xff, 0xff,
    0x00, 0xff, 0xff, 0x00, 0xff, 0xff, 0x00, 0xff, 0xfe, 0x00, 0xc1, 0x81, 0x00, 0x5a, 0x5d, 0x00,
    0xab, 0xe5, 0x00, 0xff, 0xff, 0x00, 0xff, 0xff, 0x00, 0xff, 0xff, 0x00, 0xff, 0xff, 0x00, 0xff,
    0xff, 0x00, 0xff, 0xff, 0x00, 0xff, 0xff, 0x00, 0xef, 0x91, 0x00, 0x00, 0x00, 0x00, 0x00, 0x00,
    0x00, 0x00, 0x00, 0x00, 0x00, 0x00, 0x00, 0x00, 0x00, 0x00, 0x00, 0x00, 0x00, 0x00, 0x00, 0x00,
    0x00, 0x00, 0x00, 0x00, 0x00, 0x00, 0x00, 0x00, 0x00, 0x00, 0x00, 0x00, 0x00, 0x00, 0x00, 0x00,
    0x00, 0x00, 0x00, 0x00, 0x00, 0x00, 0x00, 0x00, 0x00, 0x00, 0x00, 0x00, 0x00, 0x00, 0x00, 0x00,
    0x00, 0x00, 0x00, 0x00, 0x00, 0x00, 0x00, 0x00, 0x00, 0x00, 0x00, 0x00, 0x00, 0x00, 0x00, 0x00,
    0x00, 0x00, 0x00, 0x00, 0x00, 0x00, 0x00, 0x00, 0x00, 0x00, 0x03, 0x60, 0x00, 0xfc, 0xff, 0x00,
    0xff, 0xff, 0x00, 0xff, 0xff, 0x00, 0xff, 0xff, 0x00, 0xff, 0xff, 0x00, 0xff, 0xff, 0x00, 0xff,
    0xff, 0x00, 0xff, 0xff, 0x00, 0xff, 0xff, 0x00, 0xff, 0xff, 0x00, 0xff, 0xff, 0x00, 0xff, 0xff,
    0x00, 0xff, 0xff, 0x00, 0xff, 0xff, 0x00, 0xff, 0xff, 0x00, 0xff, 0xff, 0x00, 0xff, 0xfb, 0x00,
    0x44, 0x02, 0x00, 0x00, 0x00, 0x00, 0x00, 0x00, 0x00, 0x00, 0x00, 0x00, 0x00, 0x00, 0x00, 0x14,
    0x00, 0xd8, 0xfc, 0x00, 0xff, 0xff, 0x00, 0xff, 0xff, 0x00, 0xff, 0xff, 0x00, 0xff, 0xff, 0x00,
    0xff, 0xff, 0x00, 0xff, 0xff, 0x00, 0xff, 0xff, 0x00, 0xff, 0xff, 0x00, 0xff, 0xff, 0x00, 0xff,
    0xff, 0x00, 0xff, 0xff, 0x00, 0xff, 0xff, 0x00, 0xff, 0xff, 0x00, 0xff, 0xff, 0x00, 0xff, 0xff,
    0x00, 0xfa, 0xca, 0x00, 0x09, 0x00, 0x00, 0x00, 0x00, 0x00, 0x00, 0x00, 0x00, 0x00, 0x00, 0x00,
    0x00, 0x00, 0x00, 0x00, 0x00, 0x00, 0x00, 0x00, 0x00, 0x00, 0x00, 0x00, 0x00, 0x00, 0x00, 0x00,
    0x00, 0x00, 0x00, 0x00, 0x00, 0x00, 0x00, 0x00, 0x00, 0x00, 0x00, 0x00, 0x00, 0x00, 0x00, 0x00,
    0x00, 0x00, 0x00, 0x00, 0x00, 0x00, 0x00, 0x00, 0x00, 0x00, 0x00, 0x00, 0x00, 0x00, 0x00, 0x00,
    0x00, 0x00, 0x00, 0x00, 0x00, 0x00, 0x00, 0x00, 0x00, 0x00, 0x00, 0x00, 0x00, 0x00, 0x00, 0x00,
    0x00, 0x00, 0x00, 0x00, 0x00, 0x00, 0x00, 0x00, 0x00, 0x0f, 0x4e, 0x00, 0xf2, 0xfe, 0x00, 0xff,
    0xff, 0x00, 0xff, 0xff, 0x00, 0xff, 0xff, 0x00, 0xff, 0xff, 0x00, 0xff, 0xff, 0x00, 0xff, 0xff,
    0x00, 0xff, 0xff, 0x00, 0xff, 0xff, 0x00, 0xff, 0xff, 0x00, 0xff, 0xff, 0x00, 0xff, 0xff, 0x00,
    0xff, 0xff, 0x00, 0xff, 0xff, 0x00, 0xfd, 0xef, 0x00, 0x37, 0x07, 0x00, 0x00, 0x00, 0x00, 0x00,
    0x00, 0x00, 0x00, 0x00, 0x00, 0x00, 0x00, 0x00, 0x00, 0x00, 0x00, 0x00, 0x00, 0x00, 0x07, 0x00,
    0x92, 0xdd, 0x00, 0xfe, 0xff, 0x00, 0xff, 0xff, 0x00, 0xff, 0xff, 0x00, 0xff, 0xff, 0x00, 0xff,
    0xff, 0x00, 0xff, 0xff, 0x00, 0xff, 0xff, 0x00, 0xff, 0xff, 0x00, 0xff, 0xff, 0x00, 0xff, 0xff,
    0x00, 0xff, 0xff, 0x00, 0xff, 0xff, 0x00, 0xff, 0xfe, 0x00, 0xd9, 0x87, 0x00, 0x04, 0x00, 0x00,
    0x00, 0x00, 0x00, 0x00, 0x00, 0x00, 0x00, 0x00, 0x00, 0x00, 0x00, 0x00, 0x00, 0x00, 0x00, 0x00,
    0x00, 0x00, 0x00, 0x00, 0x00, 0x00, 0x00, 0x00, 0x00, 0x00, 0x00, 0x00, 0x00, 0x00, 0x00, 0x00,
    0x00, 0x00, 0x00, 0x00, 0x00, 0x00, 0x00, 0x00, 0x00, 0x00, 0x00, 0x00, 0x00, 0x00, 0x00, 0x00,
    0x00, 0x00, 0x00, 0x00, 0x00, 0x00, 0x00, 0x00, 0x00, 0x00, 0x00, 0x00, 0x00, 0x00, 0x00, 0x00,
    0x00, 0x00, 0x00, 0x00, 0x00, 0x00, 0x00, 0x00, 0x00, 0x00, 0x00, 0x00, 0x00, 0x00, 0x00, 0x00,
    0x00, 0x00, 0x00, 0x00, 0x00, 0x00, 0x00, 0x00, 0x01, 0x04, 0x00, 0x89, 0xe4, 0x00, 0xff, 0xff,
    0x00, 0xff, 0xff, 0x00, 0xff, 0xff, 0x00, 0xff, 0xff, 0x00, 0xff, 0xff, 0x00, 0xff, 0xff, 0x00,
    0xff, 0xff, 0x00, 0xff, 0xff, 0x00, 0xff, 0xff, 0x00, 0xff, 0xff, 0x00, 0xff, 0xff, 0x00, 0xe2,
    0x85, 0x00, 0x03, 0x00, 0x00, 0x00, 0x00, 0x00, 0x00, 0x00, 0x00, 0x00, 0x00, 0x00, 0x00, 0x00,
    0x00, 0x00, 0x00, 0x00, 0x00, 0x00, 0x00, 0x00, 0x00, 0x00, 0x00, 0x00, 0x0e, 0x3a, 0x00, 0xc8,
    0xf4, 0x00, 0xff, 0xff, 0x00, 0xff, 0xff, 0x00, 0xff, 0xff, 0x00, 0xff, 0xff, 0x00, 0xff, 0xff,
    0x00, 0xff, 0xff, 0x00, 0xff, 0xff, 0x00, 0xff, 0xff, 0x00, 0xff, 0xff, 0x00, 0xff, 0xff, 0x00,
    0xff, 0xff, 0x00, 0xf4, 0xca, 0x00, 0x38, 0x0d, 0x00, 0x00, 0x00, 0x00, 0x00, 0x00, 0x00, 0x00,
    0x00, 0x00, 0x00, 0x00, 0x00, 0x00, 0x00, 0x00, 0x00, 0x00, 0x00, 0x00, 0x00, 0x00, 0x00, 0x00,
    0x00, 0x00, 0x00, 0x00, 0x00, 0x00, 0x00, 0x00, 0x00, 0x00, 0x00, 0x00, 0x00, 0x00, 0x00, 0x00,
    0x00, 0x00, 0x00, 0x00, 0x00, 0x00, 0x00, 0x00, 0x00, 0x00, 0x00, 0x00, 0x00, 0x00, 0x00, 0x00,
    0x00, 0x00, 0x00, 0x00, 0x00, 0x00, 0x00, 0x00, 0x00, 0x00, 0x00, 0x00, 0x00, 0x00, 0x00, 0x00,
    0x00, 0x00, 0x00, 0x00, 0x00, 0x00, 0x00, 0x00, 0x00, 0x00, 0x00, 0x00, 0x00, 0x00, 0x00, 0x00,
    0x00, 0x0a, 0x59, 0x00, 0xec, 0xff, 0x00, 0xff, 0xff, 0x00, 0xff, 0xff, 0x00, 0xff, 0xff, 0x00,
    0xff, 0xff, 0x00, 0xff, 0xff, 0x00, 0xff, 0xff, 0x00, 0xff, 0xff, 0x00, 0xff, 0xff, 0x00, 0xff,
    0xff, 0x00, 0xff, 0xff, 0x00, 0xff, 0xff, 0x00, 0xff, 0xff, 0x00, 0xff, 0xff, 0x00, 0xfe, 0xea,
    0x00, 0x4f, 0x09, 0x00, 0x00, 0x00, 0x00, 0x00, 0x00, 0x00, 0x00, 0x00, 0x00, 0x00, 0x00, 0x00,
    0x00, 0x00, 0x00, 0x01, 0x00, 0x78, 0xd6, 0x00, 0xff, 0xff, 0x00, 0xff, 0xff, 0x00, 0xff, 0xff,
    0x00, 0xff, 0xff, 0x00, 0xff, 0xff, 0x00, 0xff, 0xff, 0x00, 0xff, 0xff, 0x00, 0xff, 0xff, 0x00,
    0xff, 0xff, 0x00, 0xff, 0xff, 0x00, 0xff, 0xff, 0x00, 0xff, 0xff, 0x00, 0xff, 0xff, 0x00, 0xff,
    0xff, 0x00, 0xff, 0xff, 0x00, 0xcd, 0x6a, 0x00, 0x00, 0x00, 0x00, 0x00, 0x00, 0x00, 0x00, 0x00,
    0x00, 0x00, 0x00, 0x00, 0x00, 0x00, 0x00, 0x00, 0x00, 0x00, 0x00, 0x00, 0x00, 0x00, 0x00, 0x00,
    0x00, 0x00, 0x00, 0x00, 0x00, 0x00, 0x00, 0x00, 0x00, 0x00, 0x00, 0x00, 0x00, 0x00, 0x00, 0x00,
    0x00, 0x00, 0x00, 0x00, 0x00, 0x00, 0x00, 0x00, 0x00, 0x00, 0x00, 0x00, 0x00, 0x00, 0x00, 0x00,
    0x00, 0x00, 0x00, 0x00, 0x00, 0x00, 0x00, 0x00, 0x00, 0x00, 0x00, 0x00, 0x00, 0x00, 0x00, 0x00,
    0x00, 0x00, 0x00, 0x00, 0x00, 0x00, 0x00, 0x00, 0x00, 0x00, 0x19, 0x91, 0x00, 0xfe, 0xff, 0x00,
    0xff, 0xff, 0x00, 0xff, 0xff, 0x00, 0xff, 0xff, 0x00, 0xff, 0xff, 0x00, 0xff, 0xff, 0x00, 0xff,
    0xff, 0x00, 0xff, 0xff, 0x00, 0xff, 0xff, 0x00, 0xff, 0xff, 0x00, 0xff, 0xff, 0x00, 0xff, 0xff,
    0x00, 0xff, 0xff, 0x00, 0xff, 0xff, 0x00, 0xff, 0xff, 0x00, 0xff, 0xff, 0x00, 0xff, 0xfd, 0x00,
    0x7a, 0x0b, 0x00, 0x00, 0x00, 0x00, 0x00, 0x00, 0x00, 0x00, 0x00, 0x00, 0x00, 0x00, 0x7f, 0xe7,
    0x00, 0xff, 0xff, 0x00, 0xff, 0xff, 0x00, 0xff, 0xff, 0x00, 0xff, 0xff, 0x00, 0xff, 0xff, 0x00,
    0xff, 0xff, 0x00, 0xff, 0xff, 0x00, 0xff, 0xff, 0x00, 0xff, 0xff, 0x00, 0xff, 0xff, 0x00, 0xff,
    0xff, 0x00, 0xff, 0xff, 0x00, 0xff, 0xff, 0x00, 0xff, 0xff, 0x00, 0xff, 0xff, 0x00, 0xff, 0xff,
    0x00, 0xff, 0xff, 0x00, 0xdf, 0x70, 0x00, 0x00, 0x00, 0x00, 0x00, 0x00, 0x00, 0x00, 0x00, 0x00,
    0x00, 0x00, 0x00, 0x00, 0x00, 0x00, 0x00, 0x00, 0x00, 0x00, 0x00, 0x00, 0x00, 0x00, 0x00, 0x00,
    0x00, 0x00, 0x00, 0x00, 0x00, 0x00, 0x00, 0x00, 0x00, 0x00, 0x00, 0x00, 0x00, 0x00, 0x00, 0x00,
    0x00, 0x00, 0x00, 0x00, 0x00, 0x00, 0x00, 0x00, 0x00, 0x00, 0x00, 0x00, 0x00, 0x00, 0x00, 0x00,
    0x00, 0x00, 0x00, 0x00, 0x00, 0x00, 0x00, 0x00, 0x00, 0x00, 0x00, 0x00, 0x00, 0x00, 0x00, 0x00,
    0x00, 0x00, 0x00, 0x02, 0x40, 0x00, 0xfc, 0xff, 0x00, 0xff, 0xff, 0x00, 0xff, 0xff, 0x00, 0xff,
    0xff, 0x00, 0xff, 0xff, 0x00, 0xff, 0xff, 0x00, 0xff, 0xff, 0x00, 0xff, 0xff, 0x00, 0xf4, 0xe6,
    0x00, 0xd1, 0xd6, 0x00, 0xf1, 0xfc, 0x00, 0xff, 0xff, 0x00, 0xff, 0xff, 0x00, 0xff, 0xff, 0x00,
    0xff, 0xff, 0x00, 0xff, 0xff, 0x00, 0xff, 0xff, 0x00, 0xff, 0xff, 0x00, 0xff, 0xfb, 0x00, 0x36,
    0x00, 0x00, 0x00, 0x00, 0x00, 0x00, 0x00, 0x19, 0x8f, 0x00, 0xff, 0xff, 0x00, 0xff, 0xff, 0x00,
    0xff, 0xff, 0x00, 0xff, 0xff, 0x00, 0xff, 0xff, 0x00, 0xff, 0xff, 0x00, 0xff, 0xff, 0x00, 0xfe,
    0xf3, 0x00, 0x93, 0x69, 0x00, 0x2a, 0x39, 0x00, 0x89, 0xc0, 0x00, 0xfe, 0xff, 0x00, 0xff, 0xff,
    0x00, 0xff, 0xff, 0x00, 0xff, 0xff, 0x00, 0xff, 0xff, 0x00, 0xff, 0xff, 0x00, 0xff, 0xff, 0x00,
    0xff, 0xff, 0x00, 0x81, 0x11, 0x00, 0x00, 0x00, 0x00, 0x00, 0x00, 0x00, 0x00, 0x00, 0x00, 0x00,
    0x00, 0x00, 0x00, 0x00, 0x00, 0x00, 0x00, 0x00, 0x00, 0x00, 0x00, 0x00, 0x00, 0x00, 0x00, 0x00,
    0x00, 0x00, 0x00, 0x00, 0x00, 0x00, 0x00, 0x00, 0x00, 0x00, 0x00, 0x00, 0x00, 0x00, 0x00, 0x00,
    0x00, 0x00, 0x00, 0x00, 0x00, 0x00, 0x00, 0x00, 0x00, 0x00, 0x00, 0x00, 0x00, 0x00, 0x00, 0x00,
    0x00, 0x00, 0x00, 0x00, 0x00, 0x00, 0x00, 0x00, 0x00, 0x00, 0x00, 0x00, 0x00, 0x00, 0x00, 0xa4,
    0xfc, 0x00, 0xff, 0xff, 0x00, 0xff, 0xff, 0x00, 0xff, 0xff, 0x00, 0xff, 0xff, 0x00, 0xff, 0xff,
    0x00, 0xff, 0xff, 0x00, 0xff, 0xff, 0x00, 0x81, 0x1b, 0x00, 0x00, 0x00, 0x00, 0x00, 0x00, 0x00,
    0x00, 0x00, 0x00, 0x69, 0xdc, 0x00, 0xff, 0xff, 0x00, 0xff, 0xff, 0x00, 0xff, 0xff, 0x00, 0xff,
    0xff, 0x00, 0xff, 0xff, 0x00, 0xff, 0xff, 0x00, 0xff, 0xff, 0x00, 0xfa, 0x97, 0x00, 0x00, 0x00,
    0x00, 0x04, 0x00, 0xe3, 0xff, 0x00, 0xff, 0xff, 0x00, 0xff, 0xff, 0x00, 0xff, 0xff, 0x00, 0xff,
    0xff, 0x00, 0xff, 0xff, 0x00, 0xff, 0xff, 0x00, 0xff, 0xf5, 0x00, 0x19, 0x00, 0x00, 0x00, 0x00,
    0x00, 0x00, 0x00, 0x00, 0x00, 0x00, 0x00, 0x0d, 0x6c, 0x00, 0xff, 0xff, 0x00, 0xff, 0xff, 0x00,
    0xff, 0xff, 0x00, 0xff, 0xff, 0x00, 0xff, 0xff, 0x00, 0xff, 0xff, 0x00, 0xff, 0xff, 0x00, 0xff,
    0xdd, 0x00, 0x00, 0x00, 0x00, 0x00, 0x00, 0x00, 0x00, 0x00, 0x00, 0x00, 0x00, 0x00, 0x00, 0x00,
    0x00, 0x00, 0x00, 0x00, 0x00, 0x00, 0x00, 0x00, 0x00, 0x00, 0x00, 0x00, 0x00, 0x00, 0x00, 0x00,
    0x00, 0x00, 0x00, 0x00, 0x00, 0x00, 0x00, 0x00, 0x00, 0x00, 0x00, 0x00, 0x00, 0x00, 0x00, 0x00,
    0x00, 0x00, 0x00, 0x00, 0x00, 0x00, 0x00, 0x00, 0x00, 0x00, 0x00, 0x00, 0x00, 0x00, 0x00, 0x00,
    0x00, 0x00, 0x00, 0x00, 0x00, 0x00, 0x00, 0x00, 0x01, 0x2f, 0x00, 0xfe, 0xff, 0x00, 0xff, 0xff,
    0x00, 0xff, 0xff, 0x00, 0xff, 0xff, 0x00, 0xff, 0xff, 0x00, 0xff, 0xff, 0x00, 0xff, 0xff, 0x00,
    0xec, 0x69, 0x00, 0x00, 0x00, 0x00, 0x00, 0x00, 0x00, 0x00, 0x00, 0x00, 0x00, 0x00, 0x00, 0x00,
    0x06, 0x00, 0xdb, 0xff, 0x00, 0xff, 0xff, 0x00, 0xff, 0xff, 0x00, 0xff, 0xff, 0x00, 0xff, 0xff,
    0x00, 0xff, 0xff, 0x00, 0xff, 0xff, 0x00, 0xff, 0xfe, 0x00, 0x29, 0x00, 0x0b, 0x67, 0x00, 0xff,
    0xff, 0x00, 0xff, 0xff, 0x00, 0xff, 0xff, 0x00, 0xff, 0xff, 0x00, 0xff, 0xff, 0x00, 0xff, 0xff,
    0x00, 0xff, 0xff, 0x00, 0xbb, 0x30, 0x00, 0x00, 0x00, 0x00, 0x00, 0x00, 0x00, 0x00, 0x00, 0x00,
    0x00, 0x00, 0x00, 0x00, 0x00, 0x00, 0x96, 0xfc, 0x00, 0xff, 0xff, 0x00, 0xff, 0xff, 0x00, 0xff,
    0xff, 0x00, 0xff, 0xff, 0x00, 0xff, 0xff, 0x00, 0xff, 0xff, 0x00, 0xff, 0xff, 0x00, 0x46, 0x04,
    0x00, 0x00, 0x00, 0x00, 0x00, 0x00, 0x00, 0x00, 0x00, 0x00, 0x00, 0x00, 0x00, 0x00, 0x00, 0x00,
    0x00, 0x00, 0x00, 0x00, 0x00, 0x00, 0x00, 0x00, 0x00, 0x00, 0x00, 0x00, 0x00, 0x00, 0x00, 0x00,
    0x00, 0x00, 0x00, 0x00, 0x00, 0x00, 0x00, 0x00, 0x00, 0x00, 0x00, 0x00, 0x00, 0x00, 0x00, 0x00,
    0x00, 0x00, 0x00, 0x00, 0x00, 0x00, 0x00, 0x00, 0x00, 0x00, 0x00, 0x00, 0x00, 0x00, 0x00, 0x00,
    0x00, 0x00, 0x00, 0x00, 0x22, 0xcd, 0x00, 0xff, 0xff, 0x00, 0xff, 0xff, 0x00, 0xff, 0xff, 0x00,
    0xff, 0xff, 0x00, 0xff, 0xff, 0x00, 0xff, 0xff, 0x00, 0xff, 0xff, 0x00, 0x54, 0x00, 0x00, 0x00,
    0x00, 0x00, 0x00, 0x00, 0x00, 0x00, 0x00, 0x00, 0x00, 0x00, 0x00, 0x00, 0x00, 0x00, 0x37, 0xc5,
    0x00, 0xff, 0xff, 0x00, 0xff, 0xff, 0x00, 0xff, 0xff, 0x00, 0xff, 0xff, 0x00, 0xff, 0xff, 0x00,
    0xff, 0xff, 0x00, 0xff, 0xff, 0x00, 0xbb, 0x1e, 0x31, 0xe5, 0x00, 0xff, 0xff, 0x00, 0xff, 0xff,
    0x00, 0xff, 0xff, 0x00, 0xff, 0xff, 0x00, 0xff, 0xff, 0x00, 0xff, 0xff, 0x00, 0xff, 0xff, 0x00,
    0x36, 0x00, 0x00, 0x00, 0x00, 0x00, 0x00, 0x00, 0x00, 0x00, 0x00, 0x00, 0x00, 0x00, 0x00, 0x00,
    0x00, 0x00, 0x17, 0x98, 0x00, 0xff, 0xff, 0x00, 0xff, 0xff, 0x00, 0xff, 0xff, 0x00, 0xff, 0xff,
    0x00, 0xff, 0xff, 0x00, 0xff, 0xff, 0x00, 0xff, 0xff, 0x00, 0xd4, 0x24, 0x00, 0x00, 0x00, 0x00,
    0x00, 0x00, 0x00, 0x00, 0x00, 0x00, 0x00, 0x00, 0x00, 0x00, 0x00, 0x00, 0x00, 0x00, 0x00, 0x00,
    0x00, 0x00, 0x00, 0x00, 0x00, 0x00, 0x00, 0x00, 0x00, 0x00, 0x00, 0x00, 0x00, 0x00, 0x00, 0x00,
    0x00, 0x00, 0x00, 0x00, 0x00, 0x00, 0x00, 0x00, 0x00, 0x00, 0x00, 0x00, 0x00, 0x00, 0x00, 0x00,
    0x00, 0x00, 0x00, 0x00, 0x00, 0x00, 0x00, 0x00, 0x00, 0x00, 0x00, 0x00, 0x00, 0x00, 0x00, 0x00,
    0x8c, 0xf7, 0x00, 0xff, 0xff, 0x00, 0xff, 0xff, 0x00, 0xff, 0xff, 0x00, 0xff, 0xff, 0x00, 0xff,
    0xff, 0x00, 0xff, 0xff, 0x00, 0xff, 0xf6, 0x00, 0x00, 0x00, 0x00, 0x00, 0x00, 0x00, 0x00, 0x00,
    0x00, 0x00, 0x00, 0x00, 0x00, 0x00, 0x00, 0x00, 0x00, 0x00, 0x00, 0x64, 0x00, 0xff, 0xff, 0x00,
    0xff, 0xff, 0x00, 0xff, 0xff, 0x00, 0xff, 0xff, 0x00, 0xff, 0xff, 0x00, 0xff, 0xff, 0x00, 0xff,
    0xff, 0x00, 0xf2, 0x58, 0xa0, 0xf9, 0x00, 0xff, 0xff, 0x00, 0xff, 0xff, 0x00, 0xff, 0xff, 0x00,
    0xff, 0xff, 0x00, 0xff, 0xff, 0x00, 0xff, 0xff, 0x00, 0xff, 0xf2, 0x00, 0x00, 0x00, 0x00, 0x00,
    0x00, 0x00, 0x00, 0x00, 0x00, 0x00, 0x00, 0x00, 0x00, 0x00, 0x00, 0x00, 0x00, 0x00, 0x00, 0x5d,
    0x00, 0xff, 0xff, 0x00, 0xff, 0xff, 0x00, 0xff, 0xff, 0x00, 0xff, 0xff, 0x00, 0xff, 0xff, 0x00,
    0xff, 0xff, 0x00, 0xff, 0xff, 0x00, 0xf6, 0x7c, 0x00, 0x00, 0x00, 0x00, 0x00, 0x00, 0x00, 0x00,
    0x00, 0x00, 0x00, 0x00, 0x00, 0x00, 0x00, 0x00, 0x00, 0x00, 0x00, 0x00, 0x00, 0x00, 0x00, 0x00,
    0x00, 0x00, 0x00, 0x00, 0x00, 0x00, 0x00, 0x00, 0x00, 0x00, 0x00, 0x00, 0x00, 0x00, 0x00, 0x00,
    0x00, 0x00, 0x00, 0x00, 0x00, 0x00, 0x00, 0x00, 0x00, 0x00, 0x00, 0x00, 0x00, 0x00, 0x00, 0x00,
    0x00, 0x00, 0x00, 0x00, 0x00, 0x00, 0x00, 0x00, 0x00, 0x00, 0x00, 0x00, 0xb3, 0xfb, 0x00, 0xff,
    0xff, 0x00, 0xff, 0xff, 0x00, 0xff, 0xff, 0x00, 0xff, 0xff, 0x00, 0xff, 0xff, 0x00, 0xff, 0xff,
    0x00, 0xff, 0xed, 0x00, 0x00, 0x00, 0x00, 0x00, 0x00, 0x00, 0x00, 0x00, 0x00, 0x00, 0x00, 0x00,
    0x00, 0x00, 0x00, 0x00, 0x00, 0x00, 0x00, 0x54, 0x00, 0xff, 0xff, 0x00, 0xff, 0xff, 0x00, 0xff,
    0xff, 0x00, 0xff, 0xff, 0x00, 0xff, 0xff, 0x00, 0xff, 0xff, 0x00, 0xff, 0xff, 0x00, 0xf8, 0x97,
    0xb7, 0xfb, 0x00, 0xff, 0xff, 0x00, 0xff, 0xff, 0x00, 0xff, 0xff, 0x00, 0xff, 0xff, 0x00, 0xff,
    0xff, 0x00, 0xff, 0xff, 0x00, 0xff, 0xee, 0x00, 0x00, 0x00, 0x00, 0x00, 0x00, 0x00, 0x00, 0x00,
    0x00, 0x00, 0x00, 0x00, 0x00, 0x00, 0x00, 0x00, 0x00, 0x00, 0x00, 0x57, 0x00, 0xff, 0xff, 0x00,
    0xff, 0xff, 0x00, 0xff, 0xff, 0x00, 0xff, 0xff, 0x00, 0xff, 0xff, 0x00, 0xff, 0xff, 0x00, 0xff,
    0xff, 0x00, 0xf9, 0x9c, 0x00, 0x00, 0x00, 0x00, 0x00, 0x00, 0x00, 0x00, 0x00, 0x00, 0x00, 0x00,
    0x00, 0x00, 0x00, 0x00, 0x00, 0x00, 0x00, 0x00, 0x00, 0x00, 0x00, 0x00, 0x00, 0x00, 0x00, 0x00,
    0x00, 0x00, 0x00, 0x00, 0x00, 0x00, 0x00, 0x00, 0x00, 0x00, 0x00, 0x00, 0x00, 0x00, 0x00, 0x00,
    0x00, 0x00, 0x00, 0x00, 0x00, 0x00, 0x00, 0x00, 0x00, 0x00, 0x00, 0x00, 0x00, 0x00, 0x00, 0x00,
    0x00, 0x00, 0x00, 0x00, 0x00, 0x00, 0x00, 0x00, 0xb0, 0xfb, 0x00, 0xff, 0xff, 0x00, 0xff, 0xff,
    0x00, 0xff, 0xff, 0x00, 0xff, 0xff, 0x00, 0xff, 0xff, 0x00, 0xff, 0xff, 0x00, 0xff, 0xf5, 0x00,
    0x00, 0x00, 0x00, 0x00, 0x00, 0x00, 0x00, 0x00, 0x00, 0x00, 0x00, 0x00, 0x00, 0x00, 0x00, 0x00,
    0x00, 0x00, 0x00, 0x62, 0x00, 0xff, 0xff, 0x00, 0xff, 0xff, 0x00, 0xff, 0xff, 0x00, 0xff, 0xff,
    0x00, 0xff, 0xff, 0x00, 0xff, 0xff, 0x00, 0xff, 0xff, 0x00, 0xf8, 0x92, 0xa9, 0xfa, 0x00, 0xff,
    0xff, 0x00, 0xff, 0xff, 0x00, 0xff, 0xff, 0x00, 0xff, 0xff, 0x00, 0xff, 0xff, 0x00, 0xff, 0xff,
    0x00, 0xff, 0xfc, 0x00, 0x08, 0x00, 0x00, 0x00, 0x00, 0x00, 0x00, 0x00, 0x00, 0x00, 0x00, 0x00,
    0x00, 0x00, 0x00, 0x00, 0x00, 0x00, 0x00, 0x6c, 0x00, 0xff, 0xff, 0x00, 0xff, 0xff, 0x00, 0xff,
    0xff, 0x00, 0xff, 0xff, 0x00, 0xff, 0xff, 0x00, 0xff, 0xff, 0x00, 0xff, 0xff, 0x00, 0xf7, 0x88,
    0x00, 0x00, 0x00, 0x00, 0x00, 0x00, 0x00, 0x00, 0x00, 0x00, 0x00, 0x00, 0x00, 0x00, 0x00, 0x00,
    0x00, 0x00, 0x00, 0x00, 0x00, 0x00, 0x00, 0x00, 0x00, 0x00, 0x00, 0x00, 0x00, 0x00, 0x00, 0x00,
    0x00, 0x00, 0x00, 0x00, 0x00, 0x00, 0x00, 0x00, 0x00, 0x00, 0x00, 0x00, 0x00, 0x00, 0x00, 0x00,
    0x00, 0x00, 0x00, 0x00, 0x00, 0x00, 0x00, 0x00, 0x00, 0x00, 0x00, 0x00, 0x00, 0x00, 0x00, 0x00,
    0x00, 0x00, 0x00, 0x00, 0x82, 0xf6, 0x00, 0xff, 0xff, 0x00, 0xff, 0xff, 0x00, 0xff, 0xff, 0x00,
    0xff, 0xff, 0x00, 0xff, 0xff, 0x00, 0xff, 0xff, 0x00, 0xff, 0xff, 0x00, 0x4e, 0x00, 0x00, 0x00,
    0x00, 0x00, 0x00, 0x00, 0x00, 0x00, 0x00, 0x00, 0x00, 0x00, 0x00, 0x00, 0x00, 0x00, 0x2d, 0xb7,
    0x00, 0xff, 0xff, 0x00, 0xff, 0xff, 0x00, 0xff, 0xff, 0x00, 0xff, 0xff, 0x00, 0xff, 0xff, 0x00,
    0xff, 0xff, 0x00, 0xff, 0xff, 0x00, 0xee, 0x43, 0x55, 0xf1, 0x00, 0xff, 0xff, 0x00, 0xff, 0xff,
    0x00, 0xff, 0xff, 0x00, 0xff, 0xff, 0x00, 0xff, 0xff, 0x00, 0xff, 0xff, 0x00, 0xff, 0xff, 0x00,
    0x70, 0x05, 0x00, 0x00, 0x00, 0x00, 0x00, 0x00, 0x00, 0x00, 0x00, 0x00, 0x00, 0x00, 0x00, 0x00,
    0x00, 0x00, 0x4b, 0xdf, 0x00, 0xff, 0xff, 0x00, 0xff, 0xff, 0x00, 0xff, 0xff, 0x00, 0xff, 0xff,
    0x00, 0xff, 0xff, 0x00, 0xff, 0xff, 0x00, 0xff, 0xff, 0x00, 0xe0, 0x26, 0x00, 0x00, 0x00, 0x00,
    0x00, 0x00, 0x00, 0x00, 0x00, 0x00, 0x00, 0x00, 0x00, 0x00, 0x00, 0x00, 0x00, 0x00, 0x00, 0x00,
    0x00, 0x00, 0x00, 0x00, 0x00, 0x00, 0x00, 0x00, 0x00, 0x00, 0x00, 0x00, 0x00, 0x00, 0x00, 0x00,
    0x00, 0x00, 0x00, 0x00, 0x00, 0x00, 0x00, 0x00, 0x00, 0x00, 0x00, 0x00, 0x00, 0x00, 0x00, 0x00,
    0x00, 0x00, 0x00, 0x00, 0x00, 0x00, 0x00, 0x00, 0x00, 0x00, 0x00, 0x00, 0x00, 0x00, 0x00, 0x00,
    0x22, 0xcb, 0x00, 0xff, 0xff, 0x00, 0xff, 0xff, 0x00, 0xff, 0xff, 0x00, 0xff, 0xff, 0x00, 0xff,
    0xff, 0x00, 0xff, 0xff, 0x00, 0xff, 0xff, 0x00, 0xe4, 0x59, 0x00, 0x00, 0x00, 0x00, 0x00, 0x00,
    0x00, 0x00, 0x00, 0x00, 0x00, 0x00, 0x00, 0x00, 0x00, 0x00, 0xc7, 0xff, 0x00, 0xff, 0xff, 0x00,
    0xff, 0xff, 0x00, 0xff, 0xff, 0x00, 0xff, 0xff, 0x00, 0xff, 0xff, 0x00, 0xff, 0xff, 0x00, 0xff,
    0xff, 0x00, 0xad, 0x1b, 0x1a, 0xa9, 0x00, 0xff, 0xff, 0x00, 0xff, 0xff, 0x00, 0xff, 0xff, 0x00,
    0xff, 0xff, 0x00, 0xff, 0xff, 0x00, 0xff, 0xff, 0x00, 0xff, 0xff, 0x00, 0xfc, 0xab, 0x00, 0x01,
    0x00, 0x00, 0x00, 0x00, 0x00, 0x00, 0x00, 0x00, 0x00, 0x00, 0x00, 0x00, 0x14, 0x00, 0xf4, 0xff,
    0x00, 0xff, 0xff, 0x00, 0xff, 0xff, 0x00, 0xff, 0xff, 0x00, 0xff, 0xff, 0x00, 0xff, 0xff, 0x00,
    0xff, 0xff, 0x00, 0xff, 0xff, 0x00, 0x77, 0x0e, 0x00, 0x00, 0x00, 0x00, 0x00, 0x00, 0x00, 0x00,
    0x00, 0x00, 0x00, 0x00, 0x00, 0x00, 0x00, 0x00, 0x00, 0x00, 0x00, 0x00, 0x00, 0x00, 0x00, 0x00,
    0x00, 0x00, 0x00, 0x00, 0x00, 0x00, 0x00, 0x00, 0x00, 0x00, 0x00, 0x00, 0x00, 0x00, 0x00, 0x00,
    0x00, 0x00, 0x00, 0x00, 0x00, 0x00, 0x00, 0x00, 0x00, 0x00, 0x00, 0x00, 0x00, 0x00, 0x00, 0x00,
    0x00, 0x00, 0x00, 0x00, 0x00, 0x00, 0x00, 0x00, 0x00, 0x00, 0x00, 0x00, 0x02, 0x36, 0x00, 0xff,
    0xff, 0x00, 0xff, 0xff, 0x00, 0xff, 0xff, 0x00, 0xff, 0xff, 0x00, 0xff, 0xff, 0x00, 0xff, 0xff,
    0x00, 0xff, 0xff, 0x00, 0xff, 0xfe, 0x00, 0x6b, 0x16, 0x00, 0x00, 0x00, 0x00, 0x00, 0x00, 0x00,
    0x00, 0x01, 0x00, 0x3b, 0xbf, 0x00, 0xff, 0xff, 0x00, 0xff, 0xff, 0x00, 0xff, 0xff, 0x00, 0xff,
    0xff, 0x00, 0xff, 0xff, 0x00, 0xff, 0xff, 0x00, 0xff, 0xff, 0x00, 0xff, 0xfe, 0x00, 0x25, 0x00,
    0x00, 0x1f, 0x00, 0xfd, 0xff, 0x00, 0xff, 0xff, 0x00, 0xff, 0xff, 0x00, 0xff, 0xff, 0x00, 0xff,
    0xff, 0x00, 0xff, 0xff, 0x00, 0xff, 0xff, 0x00, 0xff, 0xff, 0x00, 0xde, 0x83, 0x00, 0x0e, 0x01,
    0x00, 0x00, 0x00, 0x00, 0x0a, 0x1c, 0x00, 0xc5, 0xf8, 0x00, 0xff, 0xff, 0x00, 0xff, 0xff, 0x00,
    0xff, 0xff, 0x00, 0xff, 0xff, 0x00, 0xff, 0xff, 0x00, 0xff, 0xff, 0x00, 0xff, 0xff, 0x00, 0xff,
    0xf7, 0x00, 0x10, 0x00, 0x00, 0x00, 0x00, 0x00, 0x00, 0x00, 0x00, 0x00, 0x00, 0x00, 0x00, 0x00,
    0x00, 0x00, 0x00, 0x00, 0x00, 0x00, 0x00, 0x00, 0x00, 0x00, 0x00, 0x00, 0x00, 0x00, 0x00, 0x00,
    0x00, 0x00, 0x00, 0x00, 0x00, 0x00, 0x00, 0x00, 0x00, 0x00, 0x00, 0x00, 0x00, 0x00, 0x00, 0x00,
    0x00, 0x00, 0x00, 0x00, 0x00, 0x00, 0x00, 0x00, 0x00, 0x00, 0x00, 0x00, 0x00, 0x00, 0x00, 0x00,
    0x00, 0x00, 0x00, 0x00, 0x00, 0x00, 0x00, 0x00, 0x00, 0x00, 0x00, 0xbd, 0xfe, 0x00, 0xff, 0xff,
    0x00, 0xff, 0xff, 0x00, 0xff, 0xff, 0x00, 0xff, 0xff, 0x00, 0xff, 0xff, 0x00, 0xff, 0xff, 0x00,
    0xff, 0xff, 0x00, 0xff, 0xff, 0x00, 0xf5, 0xe5, 0x00, 0xd0, 0xd3, 0x00, 0xf2, 0xfb, 0x00, 0xff,
    0xff, 0x00, 0xff, 0xff, 0x00, 0xff, 0xff, 0x00, 0xff, 0xff, 0x00, 0xff, 0xff, 0x00, 0xff, 0xff,
    0x00, 0xff, 0xff, 0x00, 0xff, 0xff, 0x00, 0xf9, 0x92, 0x00, 0x00, 0x00, 0x00, 0x00, 0x00, 0x71,
    0xf0, 0x00, 0xff, 0xff, 0x00, 0xff, 0xff, 0x00, 0xff, 0xff, 0x00, 0xff, 0xff, 0x00, 0xff, 0xff,
    0x00, 0xff, 0xff, 0x00, 0xff, 0xff, 0x00, 0xff, 0xff, 0x00, 0xff, 0xff, 0x00, 0xfe, 0xfe, 0x00,
    0xff, 0xff, 0x00, 0xff, 0xff, 0x00, 0xff, 0xff, 0x00, 0xff, 0xff, 0x00, 0xff, 0xff, 0x00, 0xff,
    0xff, 0x00, 0xff, 0xff, 0x00, 0xff, 0xff, 0x00, 0xff, 0xff, 0x00, 0xd9, 0x46, 0x00, 0x00, 0x00,
    0x00, 0x00, 0x00, 0x00, 0x00, 0x00, 0x00, 0x00, 0x00, 0x00, 0x00, 0x00, 0x00, 0x00, 0x00, 0x00,
    0x00, 0x00, 0x00, 0x00, 0x00, 0x00, 0x00, 0x00, 0x00, 0x00, 0x00, 0x00, 0x00, 0x00, 0x00, 0x00,
    0x00, 0x00, 0x00, 0x00, 0x00, 0x00, 0x00, 0x00, 0x00, 0x00, 0x00, 0x00, 0x00, 0x00, 0x00, 0x00,
    0x00, 0x00, 0x00, 0x00, 0x00, 0x00, 0x00, 0x00, 0x00, 0x00, 0x00, 0x00, 0x00, 0x00, 0x00, 0x00,
    0x00, 0x00, 0x00, 0x00, 0x00, 0x00, 0x00, 0x0a, 0x68, 0x00, 0xff, 0xff, 0x00, 0xff, 0xff, 0x00,
    0xff, 0xff, 0x00, 0xff, 0xff, 0x00, 0xff, 0xff, 0x00, 0xff, 0xff, 0x00, 0xff, 0xff, 0x00, 0xff,
    0xff, 0x00, 0xff, 0xff, 0x00, 0xff, 0xff, 0x00, 0xff, 0xff, 0x00, 0xff, 0xff, 0x00, 0xff, 0xff,
    0x00, 0xff, 0xff, 0x00, 0xff, 0xff, 0x00, 0xff, 0xff, 0x00, 0xff, 0xff, 0x00, 0xff, 0xff, 0x00,
    0xff, 0xfd, 0x00, 0x3c, 0x00, 0x00, 0x00, 0x00, 0x00, 0x00, 0x00, 0x00, 0x1b, 0x00, 0xf5, 0xff,
    0x00, 0xff, 0xff, 0x00, 0xff, 0xff, 0x00, 0xff, 0xff, 0x00, 0xff, 0xff, 0x00, 0xff, 0xff, 0x00,
    0xff, 0xff, 0x00, 0xff, 0xff, 0x00, 0xff, 0xff, 0x00, 0xff, 0xff, 0x00, 0xff, 0xff, 0x00, 0xff,
    0xff, 0x00, 0xff, 0xff, 0x00, 0xff, 0xff, 0x00, 0xff, 0xff, 0x00, 0xff, 0xff, 0x00, 0xff, 0xff,
    0x00, 0xff, 0xff, 0x00, 0xff, 0xe6, 0x00, 0x0c, 0x00, 0x00, 0x00, 0x00, 0x00, 0x00, 0x00, 0x00,
    0x00, 0x00, 0x00, 0x00, 0x00, 0x00, 0x00, 0x00, 0x00, 0x00, 0x00, 0x00, 0x00, 0x00, 0x00, 0x00,
    0x00, 0x00, 0x00, 0x00, 0x00, 0x00, 0x00, 0x00, 0x00, 0x00, 0x00, 0x00, 0x00, 0x00, 0x00, 0x00,
    0x00, 0x00, 0x00, 0x00, 0x00, 0x00, 0x00, 0x00, 0x00, 0x00, 0x00, 0x00, 0x00, 0x00, 0x00, 0x00,
    0x00, 0x00, 0x00, 0x00, 0x00, 0x00, 0x00, 0x00, 0x00, 0x00, 0x00, 0x00, 0x00, 0x00, 0x00, 0x00,
    0x00, 0x00, 0x00, 0x00, 0x00, 0x00, 0x63, 0xd9, 0x00, 0xff, 0xff, 0x00, 0xff, 0xff, 0x00, 0xff,
    0xff, 0x00, 0xff, 0xff, 0x00, 0xff, 0xff, 0x00, 0xff, 0xff, 0x00, 0xff, 0xff, 0x00, 0xff, 0xff,
    0x00, 0xff, 0xff, 0x00, 0xff, 0xff, 0x00, 0xff, 0xff, 0x00, 0xff, 0xff, 0x00, 0xff, 0xff, 0x00,
    0xff, 0xff, 0x00, 0xff, 0xff, 0x00, 0xff, 0xff, 0x00, 0xff, 0xff, 0x00, 0xb4, 0x2d, 0x00, 0x00,
    0x00, 0x00, 0x00, 0x00, 0x00, 0x00, 0x00, 0x00, 0x00, 0x00, 0x10, 0x77, 0x00, 0xfd, 0xff, 0x00,
    0xff, 0xff, 0x00, 0xff, 0xff, 0x00, 0xff, 0xff, 0x00, 0xff, 0xff, 0x00, 0xff, 0xff, 0x00, 0xff,
    0xff, 0x00, 0xff, 0xff, 0x00, 0xff, 0xff, 0x00, 0xff, 0xff, 0x00, 0xff, 0xff, 0x00, 0xff, 0xff,
    0x00, 0xff, 0xff, 0x00, 0xff, 0xff, 0x00, 0xff, 0xff, 0x00, 0xff, 0xff, 0x00, 0xff, 0xf8, 0x00,
    0x48, 0x05, 0x00, 0x00, 0x00, 0x00, 0x00, 0x00, 0x00, 0x00, 0x00, 0x00, 0x00, 0x00, 0x00, 0x00,
    0x00, 0x00, 0x00, 0x00, 0x00, 0x00, 0x00, 0x00, 0x00, 0x00, 0x00, 0x00, 0x00, 0x00, 0x00, 0x00,
    0x00, 0x00, 0x00, 0x00, 0x00, 0x00, 0x00, 0x00, 0x00, 0x00, 0x00, 0x00, 0x00, 0x00, 0x00, 0x00,
    0x00, 0x00, 0x00, 0x00, 0x00, 0x00, 0x00, 0x00, 0x00, 0x00, 0x00, 0x00, 0x00, 0x00, 0x00, 0x00,
    0x00, 0x00, 0x00, 0x00, 0x00, 0x00, 0x00, 0x00, 0x00, 0x00, 0x00, 0x00, 0x00, 0x00, 0x00, 0x00,
    0x00, 0x00, 0x00, 0x01, 0x00, 0x81, 0xe0, 0x00, 0xff, 0xff, 0x00, 0xff, 0xff, 0x00, 0xff, 0xff,
    0x00, 0xff, 0xff, 0x00, 0xff, 0xff, 0x00, 0xff, 0xff, 0x00, 0xff, 0xff, 0x00, 0xff, 0xff, 0x00,
    0xff, 0xff, 0x00, 0xff, 0xff, 0x00, 0xff, 0xff, 0x00, 0xff, 0xff, 0x00, 0xff, 0xff, 0x00, 0xff,
    0xff, 0x00, 0xff, 0xff, 0x00, 0xc2, 0x53, 0x00, 0x00, 0x00, 0x00, 0x00, 0x00, 0x00, 0x00, 0x00,
    0x00, 0x00, 0x00, 0x00, 0x00, 0x00, 0x00, 0x00, 0x00, 0x12, 0x72, 0x00, 0xfa, 0xff, 0x00, 0xff,
    0xff, 0x00, 0xff, 0xff, 0x00, 0xff, 0xff, 0x00, 0xff, 0xff, 0x00, 0xff, 0xff, 0x00, 0xff, 0xff,
    0x00, 0xff, 0xff, 0x00, 0xff, 0xff, 0x00, 0xff, 0xff, 0x00, 0xff, 0xff, 0x00, 0xff, 0xff, 0x00,
    0xff, 0xff, 0x00, 0xff, 0xff, 0x00, 0xff, 0xef, 0x00, 0x40, 0x09, 0x00, 0x00, 0x00, 0x00, 0x00,
    0x00, 0x00, 0x00, 0x00, 0x00, 0x00, 0x00, 0x00, 0x00, 0x00, 0x00, 0x00, 0x00, 0x00, 0x00, 0x00,
    0x00, 0x00, 0x00, 0x00, 0x00, 0x00, 0x00, 0x00, 0x00, 0x00, 0x00, 0x00, 0x00, 0x00, 0x00, 0x00,
    0x00, 0x00, 0x00, 0x00, 0x00, 0x00, 0x00, 0x00, 0x00, 0x00, 0x00, 0x00, 0x00, 0x00, 0x00, 0x00,
    0x00, 0x00, 0x00, 0x00, 0x00, 0x00, 0x00, 0x00, 0x00, 0x00, 0x00, 0x00, 0x00, 0x00, 0x00, 0x00,
    0x00, 0x00, 0x00, 0x00, 0x00, 0x00, 0x00, 0x00, 0x00, 0x00, 0x00, 0x00, 0x00, 0x00, 0x00, 0x00,
    0x00, 0x00, 0x00, 0x00, 0x32, 0x90, 0x00, 0xfb, 0xff, 0x00, 0xff, 0xff, 0x00, 0xff, 0xff, 0x00,
    0xff, 0xff, 0x00, 0xff, 0xff, 0x00, 0xff, 0xff, 0x00, 0xff, 0xff, 0x00, 0xff, 0xff, 0x00, 0xff,
    0xff, 0x00, 0xff, 0xff, 0x00, 0xff, 0xff, 0x00, 0xff, 0xff, 0x00, 0xfe, 0xf1, 0x00, 0x67, 0x16,
    0x00, 0x00, 0x00, 0x00, 0x00, 0x00, 0x00, 0x00, 0x00, 0x00, 0x00, 0x00, 0x00, 0x00, 0x00, 0x00,
    0x00, 0x00, 0x00, 0x00, 0x00, 0x00, 0x00, 0x00, 0x00, 0x18, 0x00, 0xa6, 0xe9, 0x00, 0xff, 0xff,
    0x00, 0xff, 0xff, 0x00, 0xff, 0xff, 0x00, 0xff, 0xff, 0x00, 0xff, 0xff, 0x00, 0xff, 0xff, 0x00,
    0xff, 0xff, 0x00, 0xff, 0xff, 0x00, 0xff, 0xff, 0x00, 0xff, 0xff, 0x00, 0xff, 0xff, 0x00, 0xce,
    0x83, 0x00, 0x09, 0x00, 0x00, 0x00, 0x00, 0x00, 0x00, 0x00, 0x00, 0x00, 0x00, 0x00, 0x00, 0x00,
    0x00, 0x00, 0x00, 0x00, 0x00, 0x00, 0x00, 0x00, 0x00, 0x00, 0x00, 0x00, 0x00, 0x00, 0x00, 0x00,
    0x00, 0x00, 0x00, 0x00, 0x00, 0x00, 0x00, 0x00, 0x00, 0x00, 0x00, 0x00, 0x00, 0x00, 0x00, 0x00,
    0x00, 0x00, 0x00, 0x00, 0x00, 0x00, 0x00, 0x00, 0x00, 0x00, 0x00, 0x00, 0x00, 0x00, 0x00, 0x00,
    0x00, 0x00, 0x00, 0x00, 0x00, 0x00, 0x00, 0x00, 0x00, 0x00, 0x00, 0x00, 0x00, 0x00, 0x00, 0x00,
    0x00, 0x00, 0x00, 0x00, 0x00, 0x00, 0x00, 0x00, 0x00, 0x00, 0x00, 0x00, 0x00, 0x00, 0x00, 0x00,
    0x00, 0x00, 0x00, 0x00, 0x08, 0x00, 0x49, 0x9c, 0x00, 0xf1, 0xfb, 0x00, 0xfe, 0xff, 0x00, 0xff,
    0xff, 0x00, 0xff, 0xff, 0x00, 0xff, 0xff, 0x00, 0xff, 0xff, 0x00, 0xff, 0xff, 0x00, 0xff, 0xfe,
    0x00, 0xf8, 0xe2, 0x00, 0x70, 0x38, 0x00, 0x01, 0x00, 0x00, 0x00, 0x00, 0x00, 0x00, 0x00, 0x00,
    0x00, 0x00, 0x00, 0x00, 0x00, 0x00, 0x00, 0x00, 0x00, 0x00, 0x00, 0x00, 0x00, 0x00, 0x00, 0x00,
    0x00, 0x00, 0x00, 0x00, 0x00, 0x00, 0x00, 0x00, 0x00, 0x00, 0x03, 0x1b, 0x00, 0x5d, 0xa7, 0x00,
    0xe6, 0xf4, 0x00, 0xfb, 0xfc, 0x00, 0xfe, 0xfe, 0x00, 0xff, 0xff, 0x00, 0xfe, 0xfe, 0x00, 0xfb,
    0xfa, 0x00, 0xed, 0xd8, 0x00, 0x7f, 0x3f, 0x00, 0x0d, 0x01, 0x00, 0x00, 0x00, 0x00, 0x00, 0x00,
    0x00, 0x00, 0x00, 0x00, 0x00, 0x00, 0x00, 0x00, 0x00, 0x00, 0x00, 0x00, 0x00, 0x00, 0x00, 0x00,
    0x00, 0x00, 0x00, 0x00, 0x00, 0x00, 0x00, 0x00, 0x00, 0x00, 0x00, 0x00, 0x00, 0x00, 0x00, 0x00,
    0x00, 0x00, 0x00, 0x00, 0x00, 0x00, 0x00, 0x00, 0x00, 0x00, 0x00, 0x00, 0x00, 0x00, 0x00, 0x00,
    0x00, 0x00, 0x00, 0x00, 0x00, 0x00, 0x00, 0x00, 0x00, 0x00, 0x00, 0x00, 0x00, 0x00, 0x00, 0x00,
    0x00, 0x00, 0x00, 0x00, 0x00, 0x00, 0x00, 0x00, 0x00, 0x00, 0x00, 0x00, 0x00, 0x00, 0x00, 0x00,
};
static const lv_image_dsc_t melt_img_47 = {
    .header.magic = LV_IMAGE_HEADER_MAGIC,
    .header.cf = LV_COLOR_FORMAT_A8,
    .header.flags = 0,
    .header.w = 68,
    .header.h = 108,
    .header.stride = 68,
    .data_size = sizeof melt_img_47_px,
    .data = melt_img_47_px,
};

static const uint8_t melt_img_48_px[] __attribute__((aligned(4))) = {
    0x00, 0x00, 0x00, 0x00, 0x00, 0x00, 0x00, 0x00, 0x00, 0x00, 0x00, 0x00, 0x00, 0x00, 0x00, 0x00,
    0x00, 0x00, 0x00, 0x00, 0x00, 0x00, 0x00, 0x00, 0x17, 0x1f, 0x00, 0x69, 0x98, 0x00, 0xbf, 0xcc,
    0x00, 0xd9, 0xdd, 0x00, 0xde, 0xda, 0x00, 0xce, 0xc0, 0x00, 0x99, 0x6a, 0x00, 0x1f, 0x17, 0x00,
    0x00, 0x00, 0x00, 0x00, 0x00, 0x00, 0x00, 0x00, 0x00, 0x00, 0x00, 0x00, 0x00, 0x00, 0x00, 0x00,
    0x00, 0x00, 0x00, 0x00, 0x00, 0x00, 0x00, 0x00, 0x00, 0x00, 0x00, 0x00, 0x00, 0x00, 0x00, 0x00,
    0x00, 0x00, 0x00, 0x00, 0x00, 0x00, 0x00, 0x00, 0x00, 0x00, 0x00, 0x00, 0x18, 0x27, 0x00, 0x9d,
    0xc7, 0x00, 0xf1, 0xf7, 0x00, 0xfb, 0xfd, 0x00, 0xfe, 0xff, 0x00, 0xff, 0xfe, 0x00, 0xfd, 0xfb,
    0x00, 0xf7, 0xf1, 0x00, 0xc7, 0x9c, 0x00, 0x27, 0x17, 0x00, 0x00, 0x00, 0x00, 0x00, 0x00, 0x00,
    0x00, 0x00, 0x00, 0x00, 0x00, 0x00, 0x00, 0x00, 0x00, 0x00, 0x00, 0x00, 0x00, 0x00, 0x00, 0x00,
    0x00, 0x00, 0x00, 0x00, 0x00, 0x00, 0x00, 0x00, 0x00, 0x00, 0x00, 0x00, 0x00, 0x00, 0x00, 0x00,
    0x00, 0x00, 0x00, 0x00, 0x00, 0x00, 0x00, 0x00, 0x00, 0x00, 0x00, 0x00, 0x00, 0x00, 0x00, 0x00,
    0x00, 0x00, 0x00, 0x00, 0x00, 0x00, 0x00, 0x00, 0x00, 0x00, 0x00, 0x00, 0x00, 0x00, 0x00, 0x00,
    0x00, 0x00, 0x00, 0x00, 0x00, 0x00, 0x00, 0x00, 0x00, 0x00, 0x00, 0x00, 0x00, 0x00, 0x00, 0x00,
    0x00, 0x00, 0x00, 0x00, 0x00, 0x00, 0x00, 0x00, 0x00, 0x00, 0x00, 0x00, 0x00, 0x00, 0x00, 0x00,
    0x00, 0x00, 0x00, 0x00, 0x00, 0x06, 0x00, 0x58, 0xa9, 0x00, 0xf9, 0xfd, 0x00, 0xff, 0xff, 0x00,
    0xff, 0xff, 0x00, 0xff, 0xff, 0x00, 0xff, 0xff, 0x00, 0xff, 0xff, 0x00, 0xff, 0xff, 0x00, 0xff,
    0xff, 0x00, 0xff, 0xff, 0x00, 0xfd, 0xf8, 0x00, 0xa2, 0x54, 0x00, 0x05, 0x00, 0x00, 0x00, 0x00,
    0x00, 0x00, 0x00, 0x00, 0x00, 0x00, 0x00, 0x00, 0x00, 0x00, 0x00, 0x00, 0x00, 0x00, 0x00, 0x00,
    0x00, 0x00, 0x00, 0x00, 0x00, 0x00, 0x00, 0x00, 0x00, 0x00, 0x00, 0x15, 0x4f, 0x00, 0xe4, 0xfd,
    0x00, 0xff, 0xff, 0x00, 0xff, 0xff, 0x00, 0xff, 0xff, 0x00, 0xff, 0xff, 0x00, 0xff, 0xff, 0x00,
    0xff, 0xff, 0x00, 0xff, 0xff, 0x00, 0xff, 0xff, 0x00, 0xff, 0xff, 0x00, 0xff, 0xff, 0x00, 0xfc,
    0xe1, 0x00, 0x4a, 0x12, 0x00, 0x00, 0x00, 0x00, 0x00, 0x00, 0x00, 0x00, 0x00, 0x00, 0x00, 0x00,
    0x00, 0x00, 0x00, 0x00, 0x00, 0x00, 0x00, 0x00, 0x00, 0x00, 0x00, 0x00, 0x00, 0x00, 0x00, 0x00,
    0x00, 0x00, 0x00, 0x00, 0x00, 0x00, 0x00, 0x00, 0x00, 0x00, 0x00, 0x00, 0x00, 0x00, 0x00, 0x00,
    0x00, 0x00, 0x00, 0x00, 0x00, 0x00, 0x00, 0x00, 0x00, 0x00, 0x00, 0x00, 0x00, 0x00, 0x00, 0x00,
    0x00, 0x00, 0x00, 0x00, 0x00, 0x00, 0x00, 0x00, 0x00, 0x00, 0x00, 0x00, 0x00, 0x00, 0x00, 0x00,
    0x00, 0x00, 0x00, 0x00, 0x00, 0x00, 0x00, 0x00, 0x00, 0x00, 0x00, 0x00, 0x00, 0x00, 0x00, 0x00,
    0x00, 0x00, 0x00, 0x00, 0x00, 0x00, 0x06, 0x4d, 0x00, 0xef, 0xfe, 0x00, 0xff, 0xff, 0x00, 0xff,
    0xff, 0x00, 0xff, 0xff, 0x00, 0xff, 0xff, 0x00, 0xff, 0xff, 0x00, 0xff, 0xff, 0x00, 0xff, 0xff,
    0x00, 0xff, 0xff, 0x00, 0xff, 0xff, 0x00, 0xff, 0xff, 0x00, 0xff, 0xff, 0x00, 0xff, 0xff, 0x00,
    0xfe, 0xec, 0x00, 0x46, 0x05, 0x00, 0x00, 0x00, 0x00, 0x00, 0x00, 0x00, 0x00, 0x00, 0x00, 0x00,
    0x00, 0x00, 0x00, 0x00, 0x00, 0x00, 0x00, 0x00, 0x00, 0x00, 0x00, 0x00, 0x00, 0x5e, 0xca, 0x00,
    0xff, 0xff, 0x00, 0xff, 0xff, 0x00, 0xff, 0xff, 0x00, 0xff, 0xff, 0x00, 0xff, 0xff, 0x00, 0xff,
    0xff, 0x00, 0xff, 0xff, 0x00, 0xff, 0xff, 0x00, 0xff, 0xff, 0x00, 0xff, 0xff, 0x00, 0xff, 0xff,
    0x00, 0xff, 0xff, 0x00, 0xff, 0xff, 0x00, 0xff, 0xff, 0x00, 0xc3, 0x58, 0x00, 0x00, 0x00, 0x00,
    0x00, 0x00, 0x00, 0x00, 0x00, 0x00, 0x00, 0x00, 0x00, 0x00, 0x00, 0x00, 0x00, 0x00, 0x00, 0x00,
    0x00, 0x00, 0x00, 0x00, 0x00, 0x00, 0x00, 0x00, 0x00, 0x00, 0x00, 0x00, 0x00, 0x00, 0x00, 0x00,
    0x00, 0x00, 0x00, 0x00, 0x00, 0x00, 0x00, 0x00, 0x00, 0x00, 0x00, 0x00, 0x00, 0x00, 0x00, 0x00,
    0x00, 0x00, 0x00, 0x00, 0x00, 0x00, 0x00, 0x00, 0x00, 0x00, 0x00, 0x00, 0x00, 0x00, 0x00, 0x00,
    0x00, 0x00, 0x00, 0x00, 0x00, 0x00, 0x00, 0x00, 0x00, 0x00, 0x00, 0x00, 0x00, 0x00, 0x00, 0x00,
    0x00, 0x00, 0x00, 0x00, 0x00, 0x00, 0x00, 0x00, 0x0f, 0x77, 0x00, 0xfc, 0xff, 0x00, 0xff, 0xff,
    0x00, 0xff, 0xff, 0x00, 0xff, 0xff, 0x00, 0xff, 0xff, 0x00, 0xff, 0xff, 0x00, 0xff, 0xff, 0x00,
    0xff, 0xff, 0x00, 0xff, 0xff, 0x00, 0xff, 0xff, 0x00, 0xff, 0xff, 0x00, 0xff, 0xff, 0x00, 0xff,
    0xff, 0x00, 0xff, 0xff, 0x00, 0xff, 0xff, 0x00, 0xff, 0xfb, 0x00, 0x65, 0x06, 0x00, 0x00, 0x00,
    0x00, 0x00, 0x00, 0x00, 0x00, 0x00, 0x00, 0x00, 0x00, 0x00, 0x00, 0x00, 0x00, 0x00, 0x00, 0x69,
    0xda, 0x00, 0xff, 0xff, 0x00, 0xff, 0xff, 0x00, 0xff, 0xff, 0x00, 0xff, 0xff, 0x00, 0xff, 0xff,
    0x00, 0xff, 0xff, 0x00, 0xff, 0xff, 0x00, 0xff, 0xff, 0x00, 0xff, 0xff, 0x00, 0xff, 0xff, 0x00,
    0xff, 0xff, 0x00, 0xff, 0xff, 0x00, 0xff, 0xff, 0x00, 0xff, 0xff, 0x00, 0xff, 0xff, 0x00, 0xff,
    0xff, 0x00, 0xd2, 0x5d, 0x00, 0x00, 0x00, 0x00, 0x00, 0x00, 0x00, 0x00, 0x00, 0x00, 0x00, 0x00,
    0x00, 0x00, 0x00, 0x00, 0x00, 0x00, 0x00, 0x00, 0x00, 0x00, 0x00, 0x00, 0x00, 0x00, 0x00, 0x00,
    0x00, 0x00, 0x00, 0x00, 0x00, 0x00, 0x00, 0x00, 0x00, 0x00, 0x00, 0x00, 0x00, 0x00, 0x00, 0x00,
    0x00, 0x00, 0x00, 0x00, 0x00, 0x00, 0x00, 0x00, 0x00, 0x00, 0x00, 0x00, 0x00, 0x00, 0x00, 0x00,
    0x00, 0x00, 0x00, 0x00, 0x00, 0x00, 0x00, 0x00, 0x00, 0x00, 0x00, 0x00, 0x00, 0x00, 0x00, 0x00,
    0x00, 0x00, 0x00, 0x00, 0x00, 0x00, 0x00, 0x00, 0x00, 0x00, 0x03, 0x44, 0x00, 0xfb, 0xff, 0x00,
    0xff, 0xff, 0x00, 0xff, 0xff, 0x00, 0xff, 0xff, 0x00, 0xff, 0xff, 0x00, 0xff, 0xff, 0x00, 0xff,
    0xff, 0x00, 0xff, 0xff, 0x00, 0xff, 0xff, 0x00, 0xff, 0xff, 0x00, 0xff, 0xff, 0x00, 0xff, 0xff,
    0x00, 0xff, 0xff, 0x00, 0xff, 0xff, 0x00, 0xff, 0xff, 0x00, 0xff, 0xff, 0x00, 0xff, 0xff, 0x00,
    0xff, 0xf8, 0x00, 0x3a, 0x02, 0x00, 0x00, 0x00, 0x00, 0x00, 0x00, 0x00, 0x00, 0x00, 0x00, 0x00,
    0x00, 0x25, 0x9f, 0x00, 0xff, 0xff, 0x00, 0xff, 0xff, 0x00, 0xff, 0xff, 0x00, 0xff, 0xff, 0x00,
    0xff, 0xff, 0x00, 0xff, 0xff, 0x00, 0xff, 0xff, 0x00, 0xff, 0xff, 0x00, 0xff, 0xff, 0x00, 0xff,
    0xff, 0x00, 0xff, 0xff, 0x00, 0xff, 0xff, 0x00, 0xff, 0xff, 0x00, 0xff, 0xff, 0x00, 0xff, 0xff,
    0x00, 0xff, 0xff, 0x00, 0xff, 0xff, 0x00, 0xff, 0xff, 0x00, 0x8f, 0x1a, 0x00, 0x00, 0x00, 0x00,
    0x00, 0x00, 0x00, 0x00, 0x00, 0x00, 0x00, 0x00, 0x00, 0x00, 0x00, 0x00, 0x00, 0x00, 0x00, 0x00,
    0x00, 0x00, 0x00, 0x00, 0x00, 0x00, 0x00, 0x00, 0x00, 0x00, 0x00, 0x00, 0x00, 0x00, 0x00, 0x00,
    0x00, 0x00, 0x00, 0x00, 0x00, 0x00, 0x00, 0x00, 0x00, 0x00, 0x00, 0x00, 0x00, 0x00, 0x00, 0x00,
    0x00, 0x00, 0x00, 0x00, 0x00, 0x00, 0x00, 0x00, 0x00, 0x00, 0x00, 0x00, 0x00, 0x00, 0x00, 0x00,
    0x00, 0x00, 0x00, 0x00, 0x00, 0x00, 0x00, 0x00, 0x00, 0x00, 0x00, 0x00, 0x00, 0x02, 0x00, 0xc7,
    0xfe, 0x00, 0xff, 0xff, 0x00, 0xff, 0xff, 0x00, 0xff, 0xff, 0x00, 0xff, 0xff, 0x00, 0xff, 0xff,
    0x00, 0xff, 0xff, 0x00, 0xff, 0xff, 0x00, 0xff, 0xff, 0x00, 0xff, 0xff, 0x00, 0xff, 0xff, 0x00,
    0xff, 0xff, 0x00, 0xff, 0xff, 0x00, 0xff, 0xff, 0x00, 0xff, 0xff, 0x00, 0xff, 0xff, 0x00, 0xff,
    0xff, 0x00, 0xff, 0xff, 0x00, 0xff, 0xff, 0x00, 0xfd, 0xb9, 0x00, 0x00, 0x00, 0x00, 0x00, 0x00,
    0x00, 0x00, 0x00, 0x00, 0x16, 0x00, 0xf5, 0xff, 0x00, 0xff, 0xff, 0x00, 0xff, 0xff, 0x00, 0xff,
    0xff, 0x00, 0xff, 0xff, 0x00, 0xff, 0xff, 0x00, 0xff, 0xff, 0x00, 0xff, 0xff, 0x00, 0xff, 0xff,
    0x00, 0xff, 0xff, 0x00, 0xff, 0xff, 0x00, 0xff, 0xff, 0x00, 0xff, 0xff, 0x00, 0xff, 0xff, 0x00,
    0xff, 0xff, 0x00, 0xff, 0xff, 0x00, 0xff, 0xff, 0x00, 0xff, 0xff, 0x00, 0xff, 0xff, 0x00, 0xff,
    0xef, 0x00, 0x0d, 0x00, 0x00, 0x00, 0x00, 0x00, 0x00, 0x00, 0x00, 0x00, 0x00, 0x00, 0x00, 0x00,
    0x00, 0x00, 0x00, 0x00, 0x00, 0x00, 0x00, 0x00, 0x00, 0x00, 0x00, 0x00, 0x00, 0x00, 0x00, 0x00,
    0x00, 0x00, 0x00, 0x00, 0x00, 0x00, 0x00, 0x00, 0x00, 0x00, 0x00, 0x00, 0x00, 0x00, 0x00, 0x00,
    0x00, 0x00, 0x00, 0x00, 0x00, 0x00, 0x00, 0x00, 0x00, 0x00, 0x00, 0x00, 0x00, 0x00, 0x00, 0x00,
    0x00, 0x00, 0x00, 0x00, 0x00, 0x00, 0x00, 0x00, 0x00, 0x00, 0x00, 0x00, 0x00, 0x00, 0x00, 0x00,
    0x00, 0x18, 0x8a, 0x00, 0xff, 0xff, 0x00, 0xff, 0xff, 0x00, 0xff, 0xff, 0x00, 0xff, 0xff, 0x00,
    0xff, 0xff, 0x00, 0xff, 0xff, 0x00, 0xff, 0xff, 0x00, 0xff, 0xff, 0x00, 0xff, 0xff, 0x00, 0xff,
    0xff, 0x00, 0xff, 0xff, 0x00, 0xff, 0xff, 0x00, 0xff, 0xff, 0x00, 0xff, 0xff, 0x00, 0xff, 0xff,
    0x00, 0xff, 0xff, 0x00, 0xff, 0xff, 0x00, 0xff, 0xff, 0x00, 0xff, 0xff, 0x00, 0xff, 0xff, 0x00,
    0x70, 0x0e, 0x00, 0x00, 0x00, 0x00, 0x00, 0x00, 0x37, 0xd2, 0x00, 0xff, 0xff, 0x00, 0xff, 0xff,
    0x00, 0xff, 0xff, 0x00, 0xff, 0xff, 0x00, 0xff, 0xff, 0x00, 0xff, 0xff, 0x00, 0xff, 0xff, 0x00,
    0xff, 0xff, 0x00, 0xff, 0xff, 0x00, 0xff, 0xff, 0x00, 0xff, 0xff, 0x00, 0xff, 0xff, 0x00, 0xff,
    0xff, 0x00, 0xff, 0xff, 0x00, 0xff, 0xff, 0x00, 0xff, 0xff, 0x00, 0xff, 0xff, 0x00, 0xff, 0xff,
    0x00, 0xff, 0xff, 0x00, 0xff, 0xff, 0x00, 0xc0, 0x2f, 0x00, 0x00, 0x00, 0x00, 0x00, 0x00, 0x00,
    0x00, 0x00, 0x00, 0x00, 0x00, 0x00, 0x00, 0x00, 0x00, 0x00, 0x00, 0x00, 0x00, 0x00, 0x00, 0x00,
    0x00, 0x00, 0x00, 0x00, 0x00, 0x00, 0x00, 0x00, 0x00, 0x00, 0x00, 0x00, 0x00, 0x00, 0x00, 0x00,
    0x00, 0x00, 0x00, 0x00, 0x00, 0x00, 0x00, 0x00, 0x00, 0x00, 0x00, 0x00, 0x00, 0x00, 0x00, 0x00,
    0x00, 0x00, 0x00, 0x00, 0x00, 0x00, 0x00, 0x00, 0x00, 0x00, 0x00, 0x00, 0x00, 0x00, 0x00, 0x00,
    0x00, 0x00, 0x00, 0x00, 0x00, 0x00, 0xbe, 0xfd, 0x00, 0xff, 0xff, 0x00, 0xff, 0xff, 0x00, 0xff,
    0xff, 0x00, 0xff, 0xff, 0x00, 0xff, 0xff, 0x00, 0xff, 0xff, 0x00, 0xff, 0xff, 0x00, 0xff, 0xff,
    0x00, 0xc8, 0x7b, 0x00, 0x33, 0x1c, 0x00, 0x22, 0x37, 0x00, 0x8e, 0xd9, 0x00, 0xff, 0xff, 0x00,
    0xff, 0xff, 0x00, 0xff, 0xff, 0x00, 0xff, 0xff, 0x00, 0xff, 0xff, 0x00, 0xff, 0xff, 0x00, 0xff,
    0xff, 0x00, 0xff, 0xff, 0x00, 0xfc, 0xa6, 0x00, 0x00, 0x00, 0x00, 0x03, 0x00, 0xe4, 0xfe, 0x00,
    0xff, 0xff, 0x00, 0xff, 0xff, 0x00, 0xff, 0xff, 0x00, 0xff, 0xff, 0x00, 0xff, 0xff, 0x00, 0xff,
    0xff, 0x00, 0xff, 0xff, 0x00, 0xfe, 0xed, 0x00, 0x3f, 0x11, 0x00, 0x00, 0x00, 0x00, 0x00, 0x00,
    0x00, 0x1a, 0x4a, 0x00, 0xf6, 0xff, 0x00, 0xff, 0xff, 0x00, 0xff, 0xff, 0x00, 0xff, 0xff, 0x00,
    0xff, 0xff, 0x00, 0xff, 0xff, 0x00, 0xff, 0xff, 0x00, 0xff, 0xff, 0x00, 0xfe, 0xd5, 0x00, 0x00,
    0x00, 0x00, 0x00, 0x00, 0x00, 0x00, 0x00, 0x00, 0x00, 0x00, 0x00, 0x00, 0x00, 0x00, 0x00, 0x00,
    0x00, 0x00, 0x00, 0x00, 0x00, 0x00, 0x00, 0x00, 0x00, 0x00, 0x00, 0x00, 0x00, 0x00, 0x00, 0x00,
    0x00, 0x00, 0x00, 0x00, 0x00, 0x00, 0x00, 0x00, 0x00, 0x00, 0x00, 0x00, 0x00, 0x00, 0x00, 0x00,
    0x00, 0x00, 0x00, 0x00, 0x00, 0x00, 0x00, 0x00, 0x00, 0x00, 0x00, 0x00, 0x00, 0x00, 0x00, 0x00,
    0x00, 0x00, 0x00, 0x00, 0x00, 0x00, 0x00, 0x00, 0x00, 0x22, 0x00, 0xfc, 0xff, 0x00, 0xff, 0xff,
    0x00, 0xff, 0xff, 0x00, 0xff, 0xff, 0x00, 0xff, 0xff, 0x00, 0xff, 0xff, 0x00, 0xff, 0xff, 0x00,
    0xff, 0xff, 0x00, 0xa5, 0x2a, 0x00, 0x00, 0x00, 0x00, 0x00, 0x00, 0x00, 0x00, 0x00, 0x00, 0x00,
    0x00, 0x00, 0x38, 0xc2, 0x00, 0xff, 0xff, 0x00, 0xff, 0xff, 0x00, 0xff, 0xff, 0x00, 0xff, 0xff,
    0x00, 0xff, 0xff, 0x00, 0xff, 0xff, 0x00, 0xff, 0xff, 0x00, 0xff, 0xfb, 0x00, 0x1c, 0x00, 0x01,
    0x2d, 0x00, 0xfe, 0xff, 0x00, 0xff, 0xff, 0x00, 0xff, 0xff, 0x00, 0xff, 0xff, 0x00, 0xff, 0xff,
    0x00, 0xff, 0xff, 0x00, 0xff, 0xff, 0x00, 0xff, 0xfc, 0x00, 0x37, 0x04, 0x00, 0x00, 0x00, 0x00,
    0x00, 0x00, 0x00, 0x00, 0x00, 0x00, 0x00, 0x00, 0x00, 0x09, 0x56, 0x00, 0xfe, 0xff, 0x00, 0xff,
    0xff, 0x00, 0xff, 0xff, 0x00, 0xff, 0xff, 0x00, 0xff, 0xff, 0x00, 0xff, 0xff, 0x00, 0xff, 0xff,
    0x00, 0xff, 0xfd, 0x00, 0x26, 0x00, 0x00, 0x00, 0x00, 0x00, 0x00, 0x00, 0x00, 0x00, 0x00, 0x00,
    0x00, 0x00, 0x00, 0x00, 0x00, 0x00, 0x00, 0x00, 0x00, 0x00, 0x00, 0x00, 0x00, 0x00, 0x00, 0x00,
    0x00, 0x00, 0x00, 0x00, 0x00, 0x00, 0x00, 0x00, 0x00, 0x00, 0x00, 0x00, 0x00, 0x00, 0x00, 0x00,
    0x00, 0x00, 0x00, 0x00, 0x00, 0x00, 0x00, 0x00, 0x00, 0x00, 0x00, 0x00, 0x00, 0x00, 0x00, 0x00,
    0x00, 0x00, 0x00, 0x00, 0x00, 0x00, 0x00, 0x00, 0x00, 0x00, 0x00, 0x00, 0x00, 0x13, 0x8c, 0x00,
    0xff, 0xff, 0x00, 0xff, 0xff, 0x00, 0xff, 0xff, 0x00, 0xff, 0xff, 0x00, 0xff, 0xff, 0x00, 0xff,
    0xff, 0x00, 0xff, 0xff, 0x00, 0xfd, 0xc1, 0x00, 0x02, 0x00, 0x00, 0x00, 0x00, 0x00, 0x00, 0x00,
    0x00, 0x00, 0x00, 0x00, 0x00, 0x00, 0x00, 0x00, 0x03, 0x00, 0xd8, 0xfe, 0x00, 0xff, 0xff, 0x00,
    0xff, 0xff, 0x00, 0xff, 0xff, 0x00, 0xff, 0xff, 0x00, 0xff, 0xff, 0x00, 0xff, 0xff, 0x00, 0xff,
    0xff, 0x00, 0x62, 0x0b, 0x1b, 0xb1, 0x00, 0xff, 0xff, 0x00, 0xff, 0xff, 0x00, 0xff, 0xff, 0x00,
    0xff, 0xff, 0x00, 0xff, 0xff, 0x00, 0xff, 0xff, 0x00, 0xff, 0xff, 0x00, 0xf6, 0x7c, 0x00, 0x00,
    0x00, 0x00, 0x00, 0x00, 0x00, 0x00, 0x00, 0x00, 0x00, 0x00, 0x00, 0x00, 0x00, 0x00, 0x00, 0x00,
    0x00, 0xa1, 0xfa, 0x00, 0xff, 0xff, 0x00, 0xff, 0xff, 0x00, 0xff, 0xff, 0x00, 0xff, 0xff, 0x00,
    0xff, 0xff, 0x00, 0xff, 0xff, 0x00, 0xff, 0xff, 0x00, 0x96, 0x15, 0x00, 0x00, 0x00, 0x00, 0x00,
    0x00, 0x00, 0x00, 0x00, 0x00, 0x00, 0x00, 0x00, 0x00, 0x00, 0x00, 0x00, 0x00, 0x00, 0x00, 0x00,
    0x00, 0x00, 0x00, 0x00, 0x00, 0x00, 0x00, 0x00, 0x00, 0x00, 0x00, 0x00, 0x00, 0x00, 0x00, 0x00,
    0x00, 0x00, 0x00, 0x00, 0x00, 0x00, 0x00, 0x00, 0x00, 0x00, 0x00, 0x00, 0x00, 0x00, 0x00, 0x00,
    0x00, 0x00, 0x00, 0x00, 0x00, 0x00, 0x00, 0x00, 0x00, 0x00, 0x00, 0x00, 0x00, 0x00, 0x00, 0x00,
    0x00, 0x00, 0x22, 0xd2, 0x00, 0xff, 0xff, 0x00, 0xff, 0xff, 0x00, 0xff, 0xff, 0x00, 0xff, 0xff,
    0x00, 0xff, 0xff, 0x00, 0xff, 0xff, 0x00, 0xff, 0xff, 0x00, 0xb8, 0x29, 0x00, 0x00, 0x00, 0x00,
    0x00, 0x00, 0x00, 0x00, 0x00, 0x00, 0x00, 0x00, 0x00, 0x00, 0x00, 0x00, 0x00, 0x00, 0x00, 0x32,
    0xce, 0x00, 0xff, 0xff, 0x00, 0xff, 0xff, 0x00, 0xff, 0xff, 0x00, 0xff, 0xff, 0x00, 0xff, 0xff,
    0x00, 0xff, 0xff, 0x00, 0xff, 0xff, 0x00, 0xc1, 0x1e, 0x24, 0xde, 0x00, 0xff, 0xff, 0x00, 0xff,
    0xff, 0x00, 0xff, 0xff, 0x00, 0xff, 0xff, 0x00, 0xff, 0xff, 0x00, 0xff, 0xff, 0x00, 0xff, 0xff,
    0x00, 0x8a, 0x17, 0x00, 0x00, 0x00, 0x00, 0x00, 0x00, 0x00, 0x00, 0x00, 0x00, 0x00, 0x00, 0x00,
    0x00, 0x00, 0x00, 0x00, 0x00, 0x00, 0x25, 0xaf, 0x00, 0xff, 0xff, 0x00, 0xff, 0xff, 0x00, 0xff,
    0xff, 0x00, 0xff, 0xff, 0x00, 0xff, 0xff, 0x00, 0xff, 0xff, 0x00, 0xff, 0xff, 0x00, 0xcf, 0x21,
    0x00, 0x00, 0x00, 0x00, 0x00, 0x00, 0x00, 0x00, 0x00, 0x00, 0x00, 0x00, 0x00, 0x00, 0x00, 0x00,
    0x00, 0x00, 0x00, 0x00, 0x00, 0x00, 0x00, 0x00, 0x00, 0x00, 0x00, 0x00, 0x00, 0x00, 0x00, 0x00,
    0x00, 0x00, 0x00, 0x00, 0x00, 0x00, 0x00, 0x00, 0x00, 0x00, 0x00, 0x00, 0x00, 0x00, 0x00, 0x00,
    0x00, 0x00, 0x00, 0x00, 0x00, 0x00, 0x00, 0x00, 0x00, 0x00, 0x00, 0x00, 0x00, 0x00, 0x00, 0x00,
    0x00, 0x00, 0x00, 0x00, 0x00, 0x00, 0x00, 0x55, 0xef, 0x00, 0xff, 0xff, 0x00, 0xff, 0xff, 0x00,
    0xff, 0xff, 0x00, 0xff, 0xff, 0x00, 0xff, 0xff, 0x00, 0xff, 0xff, 0x00, 0xff, 0xff, 0x00, 0x44,
    0x00, 0x00, 0x00, 0x00, 0x00, 0x00, 0x00, 0x00, 0x00, 0x00, 0x00, 0x00, 0x00, 0x00, 0x00, 0x00,
    0x00, 0x00, 0x00, 0x00, 0x04, 0x56, 0x00, 0xff, 0xff, 0x00, 0xff, 0xff, 0x00, 0xff, 0xff, 0x00,
    0xff, 0xff, 0x00, 0xff, 0xff, 0x00, 0xff, 0xff, 0x00, 0xff, 0xff, 0x00, 0xe1, 0x25, 0x66, 0xf1,
    0x00, 0xff, 0xff, 0x00, 0xff, 0xff, 0x00, 0xff, 0xff, 0x00, 0xff, 0xff, 0x00, 0xff, 0xff, 0x00,
    0xff, 0xff, 0x00, 0xff, 0xff, 0x00, 0x3f, 0x00, 0x00, 0x00, 0x00, 0x00, 0x00, 0x00, 0x00, 0x00,
    0x00, 0x00, 0x00, 0x00, 0x00, 0x00, 0x00, 0x00, 0x00, 0x00, 0x00, 0x00, 0x46, 0x00, 0xff, 0xff,
    0x00, 0xff, 0xff, 0x00, 0xff, 0xff, 0x00, 0xff, 0xff, 0x00, 0xff, 0xff, 0x00, 0xff, 0xff, 0x00,
    0xff, 0xff, 0x00, 0xe5, 0x26, 0x00, 0x00, 0x00, 0x00, 0x00, 0x00, 0x00, 0x00, 0x00, 0x00, 0x00,
    0x00, 0x00, 0x00, 0x00, 0x00, 0x00, 0x00, 0x00, 0x00, 0x00, 0x00, 0x00, 0x00, 0x00, 0x00, 0x00,
    0x00, 0x00, 0x00, 0x00, 0x00, 0x00, 0x00, 0x00, 0x00, 0x00, 0x00, 0x00, 0x00, 0x00, 0x00, 0x00,
    0x00, 0x00, 0x00, 0x00, 0x00, 0x00, 0x00, 0x00, 0x00, 0x00, 0x00, 0x00, 0x00, 0x00, 0x00, 0x00,
    0x00, 0x00, 0x00, 0x00, 0x00, 0x00, 0x00, 0x00, 0x00, 0x00, 0x00, 0x00, 0x7b, 0xf4, 0x00, 0xff,
    0xff, 0x00, 0xff, 0xff, 0x00, 0xff, 0xff, 0x00, 0xff, 0xff, 0x00, 0xff, 0xff, 0x00, 0xff, 0xff,
    0x00, 0xff, 0xff, 0x00, 0x39, 0x00, 0x00, 0x00, 0x00, 0x00, 0x00, 0x00, 0x00, 0x00, 0x00, 0x00,
    0x00, 0x00, 0x00, 0x00, 0x00, 0x00, 0x00, 0x00, 0x00, 0x00, 0x41, 0x00, 0xff, 0xff, 0x00, 0xff,
    0xff, 0x00, 0xff, 0xff, 0x00, 0xff, 0xff, 0x00, 0xff, 0xff, 0x00, 0xff, 0xff, 0x00, 0xff, 0xff,
    0x00, 0xed, 0x3d, 0x7e, 0xf4, 0x00, 0xff, 0xff, 0x00, 0xff, 0xff, 0x00, 0xff, 0xff, 0x00, 0xff,
    0xff, 0x00, 0xff, 0xff, 0x00, 0xff, 0xff, 0x00, 0xff, 0xff, 0x00, 0x37, 0x00, 0x00, 0x00, 0x00,
    0x00, 0x00, 0x00, 0x00, 0x00, 0x00, 0x00, 0x00, 0x00, 0x00, 0x00, 0x00, 0x00, 0x00, 0x00, 0x00,
    0x00, 0x3f, 0x00, 0xff, 0xff, 0x00, 0xff, 0xff, 0x00, 0xff, 0xff, 0x00, 0xff, 0xff, 0x00, 0xff,
    0xff, 0x00, 0xff, 0xff, 0x00, 0xff, 0xff, 0x00, 0xee, 0x45, 0x00, 0x00, 0x00, 0x00, 0x00, 0x00,
    0x00, 0x00, 0x00, 0x00, 0x00, 0x00, 0x00, 0x00, 0x00, 0x00, 0x00, 0x00, 0x00, 0x00, 0x00, 0x00,
    0x00, 0x00, 0x00, 0x00, 0x00, 0x00, 0x00, 0x00, 0x00, 0x00, 0x00, 0x00, 0x00, 0x00, 0x00, 0x00,
    0x00, 0x00, 0x00, 0x00, 0x00, 0x00, 0x00, 0x00, 0x00, 0x00, 0x00, 0x00, 0x00, 0x00, 0x00, 0x00,
    0x00, 0x00, 0x00, 0x00, 0x00, 0x00, 0x00, 0x00, 0x00, 0x00, 0x00, 0x00, 0x00, 0x00, 0x00, 0x00,
    0x00, 0x71, 0xf3, 0x00, 0xff, 0xff, 0x00, 0xff, 0xff, 0x00, 0xff, 0xff, 0x00, 0xff, 0xff, 0x00,
    0xff, 0xff, 0x00, 0xff, 0xff, 0x00, 0xff, 0xff, 0x00, 0x3c, 0x00, 0x00, 0x00, 0x00, 0x00, 0x00,
    0x00, 0x00, 0x00, 0x00, 0x00, 0x00, 0x00, 0x00, 0x00, 0x00, 0x00, 0x00, 0x00, 0x00, 0x00, 0x44,
    0x00, 0xff, 0xff, 0x00, 0xff, 0xff, 0x00, 0xff, 0xff, 0x00, 0xff, 0xff, 0x00, 0xff, 0xff, 0x00,
    0xff, 0xff, 0x00, 0xff, 0xff, 0x00, 0xe8, 0x26, 0x62, 0xf1, 0x00, 0xff, 0xff, 0x00, 0xff, 0xff,
    0x00, 0xff, 0xff, 0x00, 0xff, 0xff, 0x00, 0xff, 0xff, 0x00, 0xff, 0xff, 0x00, 0xff, 0xff, 0x00,
    0x3f, 0x00, 0x00, 0x00, 0x00, 0x00, 0x00, 0x00, 0x00, 0x00, 0x00, 0x00, 0x00, 0x00, 0x00, 0x00,
    0x00, 0x00, 0x00, 0x00, 0x00, 0x00, 0x46, 0x00, 0xff, 0xff, 0x00, 0xff, 0xff, 0x00, 0xff, 0xff,
    0x00, 0xff, 0xff, 0x00, 0xff, 0xff, 0x00, 0xff, 0xff, 0x00, 0xff, 0xff, 0x00, 0xe4, 0x25, 0x00,
    0x00, 0x00, 0x00, 0x00, 0x00, 0x00, 0x00, 0x00, 0x00, 0x00, 0x00, 0x00, 0x00, 0x00, 0x00, 0x00,
    0x00, 0x00, 0x00, 0x00, 0x00, 0x00, 0x00, 0x00, 0x00, 0x00, 0x00, 0x00, 0x00, 0x00, 0x00, 0x00,
    0x00, 0x00, 0x00, 0x00, 0x00, 0x00, 0x00, 0x00, 0x00, 0x00, 0x00, 0x00, 0x00, 0x00, 0x00, 0x00,
    0x00, 0x00, 0x00, 0x00, 0x00, 0x00, 0x00, 0x00, 0x00, 0x00, 0x00, 0x00, 0x00, 0x00, 0x00, 0x00,
    0x00, 0x00, 0x00, 0x00, 0x00, 0x00, 0x27, 0xe3, 0x00, 0xff, 0xff, 0x00, 0xff, 0xff, 0x00, 0xff,
    0xff, 0x00, 0xff, 0xff, 0x00, 0xff, 0xff, 0x00, 0xff, 0xff, 0x00, 0xff, 0xff, 0x00, 0x52, 0x03,
    0x00, 0x00, 0x00, 0x00, 0x00, 0x00, 0x00, 0x00, 0x00, 0x00, 0x00, 0x00, 0x00, 0x00, 0x00, 0x00,
    0x00, 0x00, 0x00, 0x16, 0x88, 0x00, 0xff, 0xff, 0x00, 0xff, 0xff, 0x00, 0xff, 0xff, 0x00, 0xff,
    0xff, 0x00, 0xff, 0xff, 0x00, 0xff, 0xff, 0x00, 0xff, 0xff, 0x00, 0xd9, 0x23, 0x23, 0xd9, 0x00,
    0xff, 0xff, 0x00, 0xff, 0xff, 0x00, 0xff, 0xff, 0x00, 0xff, 0xff, 0x00, 0xff, 0xff, 0x00, 0xff,
    0xff, 0x00, 0xff, 0xff, 0x00, 0x7e, 0x12, 0x00, 0x00, 0x00, 0x00, 0x00, 0x00, 0x00, 0x00, 0x00,
    0x00, 0x00, 0x00, 0x00, 0x00, 0x00, 0x00, 0x00, 0x00, 0x00, 0x26, 0xb1, 0x00, 0xff, 0xff, 0x00,
    0xff, 0xff, 0x00, 0xff, 0xff, 0x00, 0xff, 0xff, 0x00, 0xff, 0xff, 0x00, 0xff, 0xff, 0x00, 0xff,
    0xff, 0x00, 0xce, 0x21, 0x00, 0x00, 0x00, 0x00, 0x00, 0x00, 0x00, 0x00, 0x00, 0x00, 0x00, 0x00,
    0x00, 0x00, 0x00, 0x00, 0x00, 0x00, 0x00, 0x00, 0x00, 0x00, 0x00, 0x00, 0x00, 0x00, 0x00, 0x00,
    0x00, 0x00, 0x00, 0x00, 0x00, 0x00, 0x00, 0x00, 0x00, 0x00, 0x00, 0x00, 0x00, 0x00, 0x00, 0x00,
    0x00, 0x00, 0x00, 0x00, 0x00, 0x00, 0x00, 0x00, 0x00, 0x00, 0x00, 0x00, 0x00, 0x00, 0x00, 0x00,
    0x00, 0x00, 0x00, 0x00, 0x00, 0x00, 0x00, 0x00, 0x00, 0x00, 0x00, 0x1d, 0xba, 0x00, 0xff, 0xff,
    0x00, 0xff, 0xff, 0x00, 0xff, 0xff, 0x00, 0xff, 0xff, 0x00, 0xff, 0xff, 0x00, 0xff, 0xff, 0x00,
    0xff, 0xff, 0x00, 0xd5, 0x34, 0x00, 0x00, 0x00, 0x00, 0x00, 0x00, 0x00, 0x00, 0x00, 0x00, 0x00,
    0x00, 0x00, 0x00, 0x00, 0x00, 0x00, 0x00, 0x00, 0x5a, 0xee, 0x00, 0xff, 0xff, 0x00, 0xff, 0xff,
    0x00, 0xff, 0xff, 0x00, 0xff, 0xff, 0x00, 0xff, 0xff, 0x00, 0xff, 0xff, 0x00, 0xff, 0xff, 0x00,
    0xb5, 0x1c, 0x18, 0xa1, 0x00, 0xff, 0xff, 0x00, 0xff, 0xff, 0x00, 0xff, 0xff, 0x00, 0xff, 0xff,
    0x00, 0xff, 0xff, 0x00, 0xff, 0xff, 0x00, 0xff, 0xff, 0x00, 0xf1, 0x5f, 0x00, 0x00, 0x00, 0x00,
    0x00, 0x00, 0x00, 0x00, 0x00, 0x00, 0x00, 0x00, 0x00, 0x00, 0x00, 0x00, 0x00, 0x00, 0x00, 0xa6,
    0xfc, 0x00, 0xff, 0xff, 0x00, 0xff, 0xff, 0x00, 0xff, 0xff, 0x00, 0xff, 0xff, 0x00, 0xff, 0xff,
    0x00, 0xff, 0xff, 0x00, 0xff, 0xff, 0x00, 0xa1, 0x17, 0x00, 0x00, 0x00, 0x00, 0x00, 0x00, 0x00,
    0x00, 0x00, 0x00, 0x00, 0x00, 0x00, 0x00, 0x00, 0x00, 0x00, 0x00, 0x00, 0x00, 0x00, 0x00, 0x00,
    0x00, 0x00, 0x00, 0x00, 0x00, 0x00, 0x00, 0x00, 0x00, 0x00, 0x00, 0x00, 0x00, 0x00, 0x00, 0x00,
    0x00, 0x00, 0x00, 0x00, 0x00, 0x00, 0x00, 0x00, 0x00, 0x00, 0x00, 0x00, 0x00, 0x00, 0x00, 0x00,
    0x00, 0x00, 0x00, 0x00, 0x00, 0x00, 0x00, 0x00, 0x00, 0x00, 0x00, 0x00, 0x00, 0x00, 0x00, 0x00,
    0x04, 0x40, 0x00, 0xfe, 0xff, 0x00, 0xff, 0xff, 0x00, 0xff, 0xff, 0x00, 0xff, 0xff, 0x00, 0xff,
    0xff, 0x00, 0xff, 0xff, 0x00, 0xff, 0xff, 0x00, 0xfe, 0xe6, 0x00, 0x0a, 0x00, 0x00, 0x00, 0x00,
    0x00, 0x00, 0x00, 0x00, 0x00, 0x00, 0x00, 0x00, 0x00, 0x00, 0x00, 0x19, 0x00, 0xf8, 0xff, 0x00,
    0xff, 0xff, 0x00, 0xff, 0xff, 0x00, 0xff, 0xff, 0x00, 0xff, 0xff, 0x00, 0xff, 0xff, 0x00, 0xff,
    0xff, 0x00, 0xff, 0xff, 0x00, 0x42, 0x04, 0x00, 0x27, 0x00, 0xfd, 0xff, 0x00, 0xff, 0xff, 0x00,
    0xff, 0xff, 0x00, 0xff, 0xff, 0x00, 0xff, 0xff, 0x00, 0xff, 0xff, 0x00, 0xff, 0xff, 0x00, 0xff,
    0xfb, 0x00, 0x1f, 0x00, 0x00, 0x00, 0x00, 0x00, 0x00, 0x00, 0x00, 0x00, 0x00, 0x00, 0x00, 0x00,
    0x00, 0x0c, 0x63, 0x00, 0xfe, 0xff, 0x00, 0xff, 0xff, 0x00, 0xff, 0xff, 0x00, 0xff, 0xff, 0x00,
    0xff, 0xff, 0x00, 0xff, 0xff, 0x00, 0xff, 0xff, 0x00, 0xff, 0xfe, 0x00, 0x2a, 0x00, 0x00, 0x00,
    0x00, 0x00, 0x00, 0x00, 0x00, 0x00, 0x00, 0x00, 0x00, 0x00, 0x00, 0x00, 0x00, 0x00, 0x00, 0x00,
    0x00, 0x00, 0x00, 0x00, 0x00, 0x00, 0x00, 0x00, 0x00, 0x00, 0x00, 0x00, 0x00, 0x00, 0x00, 0x00,
    0x00, 0x00, 0x00, 0x00, 0x00, 0x00, 0x00, 0x00, 0x00, 0x00, 0x00, 0x00, 0x00, 0x00, 0x00, 0x00,
    0x00, 0x00, 0x00, 0x00, 0x00, 0x00, 0x00, 0x00, 0x00, 0x00, 0x00, 0x00, 0x00, 0x00, 0x00, 0x00,
    0x00, 0x00, 0x00, 0x00, 0x00, 0x00, 0x0f, 0x00, 0xf5, 0xff, 0x00, 0xff, 0xff, 0x00, 0xff, 0xff,
    0x00, 0xff, 0xff, 0x00, 0xff, 0xff, 0x00, 0xff, 0xff, 0x00, 0xff, 0xff, 0x00, 0xff, 0xff, 0x00,
    0xdd, 0x6d, 0x00, 0x01, 0x00, 0x00, 0x00, 0x00, 0x00, 0x00, 0x00, 0x00, 0x00, 0x08, 0x00, 0xb6,
    0xf6, 0x00, 0xff, 0xff, 0x00, 0xff, 0xff, 0x00, 0xff, 0xff, 0x00, 0xff, 0xff, 0x00, 0xff, 0xff,
    0x00, 0xff, 0xff, 0x00, 0xff, 0xff, 0x00, 0xff, 0xfa, 0x00, 0x19, 0x00, 0x00, 0x02, 0x00, 0xdd,
    0xfe, 0x00, 0xff, 0xff, 0x00, 0xff, 0xff, 0x00, 0xff, 0xff, 0x00, 0xff, 0xff, 0x00, 0xff, 0xff,
    0x00, 0xff, 0xff, 0x00, 0xff, 0xff, 0x00, 0xfc, 0xdb, 0x00, 0x17, 0x07, 0x00, 0x00, 0x00, 0x00,
    0x00, 0x00, 0x00, 0x10, 0x54, 0x00, 0xf4, 0xff, 0x00, 0xff, 0xff, 0x00, 0xff, 0xff, 0x00, 0xff,
    0xff, 0x00, 0xff, 0xff, 0x00, 0xff, 0xff, 0x00, 0xff, 0xff, 0x00, 0xff, 0xff, 0x00, 0xff, 0xf0,
    0x00, 0x07, 0x00, 0x00, 0x00, 0x00, 0x00, 0x00, 0x00, 0x00, 0x00, 0x00, 0x00, 0x00, 0x00, 0x00,
    0x00, 0x00, 0x00, 0x00, 0x00, 0x00, 0x00, 0x00, 0x00, 0x00, 0x00, 0x00, 0x00, 0x00, 0x00, 0x00,
    0x00, 0x00, 0x00, 0x00, 0x00, 0x00, 0x00, 0x00, 0x00, 0x00, 0x00, 0x00, 0x00, 0x00, 0x00, 0x00,
    0x00, 0x00, 0x00, 0x00, 0x00, 0x00, 0x00, 0x00, 0x00, 0x00, 0x00, 0x00, 0x00, 0x00, 0x00, 0x00,
    0x00, 0x00, 0x00, 0x00, 0x00, 0x00, 0x00, 0x00, 0x00, 0x00, 0x00, 0x00, 0x00, 0x6a, 0xf1, 0x00,
    0xff, 0xff, 0x00, 0xff, 0xff, 0x00, 0xff, 0xff, 0x00, 0xff, 0xff, 0x00, 0xff, 0xff, 0x00, 0xff,
    0xff, 0x00, 0xff, 0xff, 0x00, 0xff, 0xff, 0x00, 0xf8, 0xe7, 0x00, 0xae, 0x9e, 0x00, 0xa5, 0xbc,
    0x00, 0xf3, 0xfd, 0x00, 0xff, 0xff, 0x00, 0xff, 0xff, 0x00, 0xff, 0xff, 0x00, 0xff, 0xff, 0x00,
    0xff, 0xff, 0x00, 0xff, 0xff, 0x00, 0xff, 0xff, 0x00, 0xff, 0xff, 0x00, 0xfd, 0xb2, 0x00, 0x00,
    0x00, 0x00, 0x00, 0x00, 0x36, 0xc9, 0x00, 0xff, 0xff, 0x00, 0xff, 0xff, 0x00, 0xff, 0xff, 0x00,
    0xff, 0xff, 0x00, 0xff, 0xff, 0x00, 0xff, 0xff, 0x00, 0xff, 0xff, 0x00, 0xff, 0xff, 0x00, 0xff,
    0xfe, 0x00, 0xf9, 0xf8, 0x00, 0xf9, 0xfb, 0x00, 0xff, 0xff, 0x00, 0xff, 0xff, 0x00, 0xff, 0xff,
    0x00, 0xff, 0xff, 0x00, 0xff, 0xff, 0x00, 0xff, 0xff, 0x00, 0xff, 0xff, 0x00, 0xff, 0xff, 0x00,
    0xff, 0xff, 0x00, 0xf5, 0x73, 0x00, 0x00, 0x00, 0x00, 0x00, 0x00, 0x00, 0x00, 0x00, 0x00, 0x00,
    0x00, 0x00, 0x00, 0x00, 0x00, 0x00, 0x00, 0x00, 0x00, 0x00, 0x00, 0x00, 0x00, 0x00, 0x00, 0x00,
    0x00, 0x00, 0x00, 0x00, 0x00, 0x00, 0x00, 0x00, 0x00, 0x00, 0x00, 0x00, 0x00, 0x00, 0x00, 0x00,
    0x00, 0x00, 0x00, 0x00, 0x00, 0x00, 0x00, 0x00, 0x00, 0x00, 0x00, 0x00, 0x00, 0x00, 0x00, 0x00,
    0x00, 0x00, 0x00, 0x00, 0x00, 0x00, 0x00, 0x00, 0x00, 0x00, 0x00, 0x00, 0x00, 0x00, 0x00, 0x00,
    0x00, 0x00, 0x01, 0x3b, 0x00, 0xfe, 0xff, 0x00, 0xff, 0xff, 0x00, 0xff, 0xff, 0x00, 0xff, 0xff,
    0x00, 0xff, 0xff, 0x00, 0xff, 0xff, 0x00, 0xff, 0xff, 0x00, 0xff, 0xff, 0x00, 0xff, 0xff, 0x00,
    0xff, 0xff, 0x00, 0xff, 0xff, 0x00, 0xff, 0xff, 0x00, 0xff, 0xff, 0x00, 0xff, 0xff, 0x00, 0xff,
    0xff, 0x00, 0xff, 0xff, 0x00, 0xff, 0xff, 0x00, 0xff, 0xff, 0x00, 0xff, 0xff, 0x00, 0xff, 0xff,
    0x00, 0xa9, 0x25, 0x00, 0x00, 0x00, 0x00, 0x00, 0x00, 0x00, 0x13, 0x00, 0xf0, 0xff, 0x00, 0xff,
    0xff, 0x00, 0xff, 0xff, 0x00, 0xff, 0xff, 0x00, 0xff, 0xff, 0x00, 0xff, 0xff, 0x00, 0xff, 0xff,
    0x00, 0xff, 0xff, 0x00, 0xff, 0xff, 0x00, 0xff, 0xff, 0x00, 0xff, 0xff, 0x00, 0xff, 0xff, 0x00,
    0xff, 0xff, 0x00, 0xff, 0xff, 0x00, 0xff, 0xff, 0x00, 0xff, 0xff, 0x00, 0xff, 0xff, 0x00, 0xff,
    0xff, 0x00, 0xff, 0xff, 0x00, 0xff, 0xff, 0x00, 0x68, 0x0b, 0x00, 0x00, 0x00, 0x00, 0x00, 0x00,
    0x00, 0x00, 0x00, 0x00, 0x00, 0x00, 0x00, 0x00, 0x00, 0x00, 0x00, 0x00, 0x00, 0x00, 0x00, 0x00,
    0x00, 0x00, 0x00, 0x00, 0x00, 0x00, 0x00, 0x00, 0x00, 0x00, 0x00, 0x00, 0x00, 0x00, 0x00, 0x00,
    0x00, 0x00, 0x00, 0x00, 0x00, 0x00, 0x00, 0x00, 0x00, 0x00, 0x00, 0x00, 0x00, 0x00, 0x00, 0x00,
    0x00, 0x00, 0x00, 0x00, 0x00, 0x00, 0x00, 0x00, 0x00, 0x00, 0x00, 0x00, 0x00, 0x00, 0x00, 0x00,
    0x00, 0x00, 0x00, 0x00, 0x00, 0x00, 0x00, 0x00, 0x00, 0x00, 0x58, 0xd7, 0x00, 0xff, 0xff, 0x00,
    0xff, 0xff, 0x00, 0xff, 0xff, 0x00, 0xff, 0xff, 0x00, 0xff, 0xff, 0x00, 0xff, 0xff, 0x00, 0xff,
    0xff, 0x00, 0xff, 0xff, 0x00, 0xff, 0xff, 0x00, 0xff, 0xff, 0x00, 0xff, 0xff, 0x00, 0xff, 0xff,
    0x00, 0xff, 0xff, 0x00, 0xff, 0xff, 0x00, 0xff, 0xff, 0x00, 0xff, 0xff, 0x00, 0xff, 0xff, 0x00,
    0xff, 0xff, 0x00, 0xff, 0xf9, 0x00, 0x16, 0x00, 0x00, 0x00, 0x00, 0x00, 0x00, 0x00, 0x00, 0x00,
    0x00, 0x16, 0x81, 0x00, 0xff, 0xff, 0x00, 0xff, 0xff, 0x00, 0xff, 0xff, 0x00, 0xff, 0xff, 0x00,
    0xff, 0xff, 0x00, 0xff, 0xff, 0x00, 0xff, 0xff, 0x00, 0xff, 0xff, 0x00, 0xff, 0xff, 0x00, 0xff,
    0xff, 0x00, 0xff, 0xff, 0x00, 0xff, 0xff, 0x00, 0xff, 0xff, 0x00, 0xff, 0xff, 0x00, 0xff, 0xff,
    0x00, 0xff, 0xff, 0x00, 0xff, 0xff, 0x00, 0xff, 0xff, 0x00, 0xff, 0xe0, 0x00, 0x00, 0x00, 0x00,
    0x00, 0x00, 0x00, 0x00, 0x00, 0x00, 0x00, 0x00, 0x00, 0x00, 0x00, 0x00, 0x00, 0x00, 0x00, 0x00,
    0x00, 0x00, 0x00, 0x00, 0x00, 0x00, 0x00, 0x00, 0x00, 0x00, 0x00, 0x00, 0x00, 0x00, 0x00, 0x00,
    0x00, 0x00, 0x00, 0x00, 0x00, 0x00, 0x00, 0x00, 0x00, 0x00, 0x00, 0x00, 0x00, 0x00, 0x00, 0x00,
    0x00, 0x00, 0x00, 0x00, 0x00, 0x00, 0x00, 0x00, 0x00, 0x00, 0x00, 0x00, 0x00, 0x00, 0x00, 0x00,
    0x00, 0x00, 0x00, 0x00, 0x00, 0x00, 0x00, 0x00, 0x00, 0x00, 0x00, 0x00, 0x00, 0x00, 0x00, 0x00,
    0x00, 0x00, 0xa0, 0xf1, 0x00, 0xff, 0xff, 0x00, 0xff, 0xff, 0x00, 0xff, 0xff, 0x00, 0xff, 0xff,
    0x00, 0xff, 0xff, 0x00, 0xff, 0xff, 0x00, 0xff, 0xff, 0x00, 0xff, 0xff, 0x00, 0xff, 0xff, 0x00,
    0xff, 0xff, 0x00, 0xff, 0xff, 0x00, 0xff, 0xff, 0x00, 0xff, 0xff, 0x00, 0xff, 0xff, 0x00, 0xff,
    0xff, 0x00, 0xff, 0xff, 0x00, 0xff, 0xff, 0x00, 0xe7, 0x68, 0x00, 0x00, 0x00, 0x00, 0x00, 0x00,
    0x00, 0x00, 0x00, 0x00, 0x00, 0x00, 0x00, 0x00, 0x00, 0x25, 0x9d, 0x00, 0xfe, 0xff, 0x00, 0xff,
    0xff, 0x00, 0xff, 0xff, 0x00, 0xff, 0xff, 0x00, 0xff, 0xff, 0x00, 0xff, 0xff, 0x00, 0xff, 0xff,
    0x00, 0xff, 0xff, 0x00, 0xff, 0xff, 0x00, 0xff, 0xff, 0x00, 0xff, 0xff, 0x00, 0xff, 0xff, 0x00,
    0xff, 0xff, 0x00, 0xff, 0xff, 0x00, 0xff, 0xff, 0x00, 0xff, 0xff, 0x00, 0xff, 0xff, 0x00, 0xb7,
    0x31, 0x00, 0x00, 0x00, 0x00, 0x00, 0x00, 0x00, 0x00, 0x00, 0x00, 0x00, 0x00, 0x00, 0x00, 0x00,
    0x00, 0x00, 0x00, 0x00, 0x00, 0x00, 0x00, 0x00, 0x00, 0x00, 0x00, 0x00, 0x00, 0x00, 0x00, 0x00,
    0x00, 0x00, 0x00, 0x00, 0x00, 0x00, 0x00, 0x00, 0x00, 0x00, 0x00, 0x00, 0x00, 0x00, 0x00, 0x00,
    0x00, 0x00, 0x00, 0x00, 0x00, 0x00, 0x00, 0x00, 0x00, 0x00, 0x00, 0x00, 0x00, 0x00, 0x00, 0x00,
    0x00, 0x00, 0x00, 0x00, 0x00, 0x00, 0x00, 0x00, 0x00, 0x00, 0x00, 0x00, 0x00, 0x00, 0x00, 0x00,
    0x00, 0x00, 0x00, 0x00, 0x00, 0x00, 0x00, 0x00, 0x01, 0x00, 0x77, 0xd4, 0x00, 0xfe, 0xff, 0x00,
    0xff, 0xff, 0x00, 0xff, 0xff, 0x00, 0xff, 0xff, 0x00, 0xff, 0xff, 0x00, 0xff, 0xff, 0x00, 0xff,
    0xff, 0x00, 0xff, 0xff, 0x00, 0xff, 0xff, 0x00, 0xff, 0xff, 0x00, 0xff, 0xff, 0x00, 0xff, 0xff,
    0x00, 0xff, 0xff, 0x00, 0xff, 0xff, 0x00, 0xff, 0xff, 0x00, 0xff, 0xfd, 0x00, 0x39, 0x00, 0x00,
    0x00, 0x00, 0x00, 0x00, 0x00, 0x00, 0x00, 0x00, 0x00, 0x00, 0x00, 0x00, 0x00, 0x00, 0x00, 0x00,
    0x00, 0x12, 0x50, 0x00, 0xe8, 0xfa, 0x00, 0xff, 0xff, 0x00, 0xff, 0xff, 0x00, 0xff, 0xff, 0x00,
    0xff, 0xff, 0x00, 0xff, 0xff, 0x00, 0xff, 0xff, 0x00, 0xff, 0xff, 0x00, 0xff, 0xff, 0x00, 0xff,
    0xff, 0x00, 0xff, 0xff, 0x00, 0xff, 0xff, 0x00, 0xff, 0xff, 0x00, 0xff, 0xff, 0x00, 0xff, 0xff,
    0x00, 0xff, 0xea, 0x00, 0x07, 0x00, 0x00, 0x00, 0x00, 0x00, 0x00, 0x00, 0x00, 0x00, 0x00, 0x00,
    0x00, 0x00, 0x00, 0x00, 0x00, 0x00, 0x00, 0x00, 0x00, 0x00, 0x00, 0x00, 0x00, 0x00, 0x00, 0x00,
    0x00, 0x00, 0x00, 0x00, 0x00, 0x00, 0x00, 0x00, 0x00, 0x00, 0x00, 0x00, 0x00, 0x00, 0x00, 0x00,
    0x00, 0x00, 0x00, 0x00, 0x00, 0x00, 0x00, 0x00, 0x00, 0x00, 0x00, 0x00, 0x00, 0x00, 0x00, 0x00,
    0x00, 0x00, 0x00, 0x00, 0x00, 0x00, 0x00, 0x00, 0x00, 0x00, 0x00, 0x00, 0x00, 0x00, 0x00, 0x00,
    0x00, 0x00, 0x00, 0x00, 0x00, 0x00, 0x00, 0x00, 0x00, 0x00, 0x00, 0x00, 0x00, 0x00, 0x00, 0x00,
    0x00, 0x00, 0x08, 0x21, 0x00, 0xb3, 0xdc, 0x00, 0xf9, 0xfe, 0x00, 0xff, 0xff, 0x00, 0xff, 0xff,
    0x00, 0xff, 0xff, 0x00, 0xfc, 0xfc, 0x00, 0xff, 0xff, 0x00, 0xff, 0xff, 0x00, 0xff, 0xff, 0x00,
    0xff, 0xff, 0x00, 0xff, 0xff, 0x00, 0xff, 0xff, 0x00, 0xff, 0xff, 0x00, 0xff, 0xff, 0x00, 0xe8,
    0x78, 0x00, 0x00, 0x00, 0x00, 0x00, 0x00, 0x00, 0x00, 0x00, 0x00, 0x00, 0x00, 0x00, 0x00, 0x00,
    0x00, 0x00, 0x00, 0x00, 0x00, 0x00, 0x00, 0x00, 0x00, 0x00, 0x01, 0x00, 0x19, 0x51, 0x00, 0xa6,
    0xc4, 0x00, 0xe6, 0xec, 0x00, 0xf2, 0xf3, 0x00, 0xee, 0xe7, 0x00, 0xd1, 0xee, 0x00, 0xff, 0xff,
    0x00, 0xff, 0xff, 0x00, 0xff, 0xff, 0x00, 0xff, 0xff, 0x00, 0xff, 0xff, 0x00, 0xff, 0xff, 0x00,
    0xff, 0xff, 0x00, 0xff, 0xff, 0x00, 0xbb, 0x2f, 0x00, 0x00, 0x00, 0x00, 0x00, 0x00, 0x00, 0x00,
    0x00, 0x00, 0x00, 0x00, 0x00, 0x00, 0x00, 0x00, 0x00, 0x00, 0x00, 0x00, 0x00, 0x00, 0x00, 0x00,
    0x00, 0x00, 0x00, 0x00, 0x00, 0x00, 0x00, 0x00, 0x00, 0x00, 0x00, 0x00, 0x00, 0x00, 0x00, 0x00,
    0x00, 0x00, 0x00, 0x00, 0x00, 0x00, 0x00, 0x00, 0x00, 0x00, 0x00, 0x00, 0x00, 0x00, 0x00, 0x00,
    0x00, 0x00, 0x00, 0x00, 0x00, 0x00, 0x00, 0x00, 0x00, 0x00, 0x00, 0x00, 0x00, 0x00, 0x00, 0x00,
    0x00, 0x00, 0x00, 0x00, 0x00, 0x00, 0x00, 0x00, 0x00, 0x00, 0x00, 0x00, 0x00, 0x00, 0x00, 0x00,
    0x00, 0x00, 0x00, 0x00, 0x00, 0x00, 0x00, 0x00, 0x00, 0x00, 0x00, 0x00, 0x00, 0x00, 0x00, 0x00,
    0x01, 0x02, 0x00, 0x02, 0x02, 0x00, 0x02, 0x01, 0x00, 0xc2, 0xff, 0x00, 0xff, 0xff, 0x00, 0xff,
    0xff, 0x00, 0xff, 0xff, 0x00, 0xff, 0xff, 0x00, 0xff, 0xff, 0x00, 0xff, 0xff, 0x00, 0xff, 0xff,
    0x00, 0xff, 0xf9, 0x00, 0x27, 0x01, 0x00, 0x00, 0x00, 0x00, 0x00, 0x00, 0x00, 0x00, 0x00, 0x00,
    0x00, 0x00, 0x00, 0x00, 0x00, 0x00, 0x00, 0x00, 0x00, 0x00, 0x00, 0x00, 0x00, 0x00, 0x00, 0x00,
    0x00, 0x00, 0x00, 0x00, 0x00, 0x00, 0x00, 0x00, 0x00, 0x00, 0x00, 0x00, 0x00, 0x00, 0x11, 0x00,
    0xf2, 0xff, 0x00, 0xff, 0xff, 0x00, 0xff, 0xff, 0x00, 0xff, 0xff, 0x00, 0xff, 0xff, 0x00, 0xff,
    0xff, 0x00, 0xff, 0xff, 0x00, 0xff, 0xff, 0x00, 0xfe, 0xe4, 0x00, 0x05, 0x00, 0x00, 0x00, 0x00,
    0x00, 0x00, 0x00, 0x00, 0x00, 0x00, 0x00, 0x00, 0x00, 0x00, 0x00, 0x00, 0x00, 0x00, 0x00, 0x00,
    0x00, 0x00, 0x00, 0x00, 0x00, 0x00, 0x00, 0x00, 0x00, 0x00, 0x00, 0x00, 0x00, 0x00, 0x00, 0x00,
    0x00, 0x00, 0x00, 0x00, 0x00, 0x00, 0x00, 0x00, 0x00, 0x00, 0x00, 0x00, 0x00, 0x00, 0x00, 0x00,
    0x00, 0x00, 0x00, 0x00, 0x00, 0x00, 0x00, 0x00, 0x00, 0x00, 0x00, 0x00, 0x00, 0x00, 0x00, 0x00,
    0x00, 0x00, 0x00, 0x00, 0x00, 0x00, 0x00, 0x00, 0x00, 0x00, 0x00, 0x00, 0x00, 0x00, 0x00, 0x00,
    0x00, 0x00, 0x00, 0x00, 0x00, 0x00, 0x00, 0x00, 0x00, 0x00, 0x00, 0x00, 0x00, 0x00, 0x00, 0x00,
    0x00, 0x00, 0x00, 0x00, 0x00, 0x00, 0x00, 0x00, 0x00, 0x00, 0x00, 0x18, 0x8f, 0x00, 0xff, 0xff,
    0x00, 0xff, 0xff, 0x00, 0xff, 0xff, 0x00, 0xff, 0xff, 0x00, 0xff, 0xff, 0x00, 0xff, 0xff, 0x00,
    0xff, 0xff, 0x00, 0xff, 0xff, 0x00, 0xe0, 0x5b, 0x00, 0x00, 0x00, 0x00, 0x00, 0x00, 0x00, 0x00,
    0x00, 0x00, 0x00, 0x00, 0x00, 0x00, 0x00, 0x00, 0x00, 0x00, 0x00, 0x00, 0x00, 0x00, 0x00, 0x00,
    0x00, 0x00, 0x00, 0x00, 0x00, 0x00, 0x00, 0x00, 0x00, 0x00, 0x00, 0x00, 0x00, 0x00, 0x00, 0x00,
    0x00, 0x00, 0x4c, 0xdc, 0x00, 0xff, 0xff, 0x00, 0xff, 0xff, 0x00, 0xff, 0xff, 0x00, 0xff, 0xff,
    0x00, 0xff, 0xff, 0x00, 0xff, 0xff, 0x00, 0xff, 0xff, 0x00, 0xff, 0xff, 0x00, 0xaa, 0x1a, 0x00,
    0x00, 0x00, 0x00, 0x00, 0x00, 0x00, 0x00, 0x00, 0x00, 0x00, 0x00, 0x00, 0x00, 0x00, 0x00, 0x00,
    0x00, 0x00, 0x00, 0x00, 0x00, 0x00, 0x00, 0x00, 0x00, 0x00, 0x00, 0x00, 0x00, 0x00, 0x00, 0x00,
    0x00, 0x00, 0x00, 0x00, 0x00, 0x00, 0x00, 0x00, 0x00, 0x00, 0x00, 0x00, 0x00, 0x00, 0x00, 0x00,
    0x00, 0x00, 0x00, 0x00, 0x00, 0x00, 0x00, 0x00, 0x00, 0x00, 0x00, 0x00, 0x00, 0x00, 0x00, 0x00,
    0x00, 0x00, 0x00, 0x00, 0x00, 0x00, 0x00, 0x00, 0x00, 0x00, 0x00, 0x00, 0x00, 0x00, 0x00, 0x00,
    0x00, 0x00, 0x00, 0x00, 0x00, 0x00, 0x00, 0x00, 0x00, 0x00, 0x00, 0x00, 0x00, 0x00, 0x00, 0x00,
    0x00, 0x00, 0x00, 0x00, 0x00, 0x00, 0x00, 0x00, 0x00, 0x00, 0x00, 0x00, 0x00, 0x00, 0x0a, 0x00,
    0xe5, 0xfe, 0x00, 0xff, 0xff, 0x00, 0xff, 0xff, 0x00, 0xff, 0xff, 0x00, 0xff, 0xff, 0x00, 0xff,
    0xff, 0x00, 0xff, 0xff, 0x00, 0xff, 0xff, 0x00, 0xff, 0xf7, 0x00, 0x17, 0x01, 0x00, 0x00, 0x00,
    0x00, 0x00, 0x00, 0x00, 0x00, 0x00, 0x00, 0x00, 0x00, 0x00, 0x00, 0x00, 0x00, 0x00, 0x00, 0x00,
    0x00, 0x00, 0x00, 0x00, 0x00, 0x00, 0x00, 0x00, 0x00, 0x00, 0x00, 0x00, 0x00, 0x00, 0x00, 0x00,
    0x00, 0x00, 0x00, 0x00, 0x01, 0x20, 0x00, 0xfa, 0xff, 0x00, 0xff, 0xff, 0x00, 0xff, 0xff, 0x00,
    0xff, 0xff, 0x00, 0xff, 0xff, 0x00, 0xff, 0xff, 0x00, 0xff, 0xff, 0x00, 0xff, 0xff, 0x00, 0xfe,
    0xda, 0x00, 0x04, 0x00, 0x00, 0x00, 0x00, 0x00, 0x00, 0x00, 0x00, 0x00, 0x00, 0x00, 0x00, 0x00,
    0x00, 0x00, 0x00, 0x00, 0x00, 0x00, 0x00, 0x00, 0x00, 0x00, 0x00, 0x00, 0x00, 0x00, 0x00, 0x00,
    0x00, 0x00, 0x00, 0x00, 0x00, 0x00, 0x00, 0x00, 0x00, 0x00, 0x00, 0x00, 0x00, 0x00, 0x00, 0x00,
    0x00, 0x00, 0x00, 0x00, 0x00, 0x00, 0x00, 0x00, 0x00, 0x00, 0x00, 0x00, 0x00, 0x00, 0x00, 0x00,
    0x00, 0x00, 0x00, 0x00, 0x00, 0x00, 0x00, 0x00, 0x00, 0x00, 0x00, 0x00, 0x00, 0x00, 0x00, 0x00,
    0x00, 0x00, 0x00, 0x00, 0x00, 0x00, 0x00, 0x00, 0x00, 0x00, 0x00, 0x00, 0x00, 0x00, 0x00, 0x00,
    0x00, 0x00, 0x00, 0x00, 0x00, 0x00, 0x00, 0x00, 0x00, 0x00, 0x00, 0x00, 0x00, 0x00, 0x00, 0x00,
    0x00, 0x00, 0x25, 0xc2, 0x00, 0xff, 0xff, 0x00, 0xff, 0xff, 0x00, 0xff, 0xff, 0x00, 0xff, 0xff,
    0x00, 0xff, 0xff, 0x00, 0xff, 0xff, 0x00, 0xff, 0xff, 0x00, 0xff, 0xff, 0x00, 0xd5, 0x33, 0x00,
    0x00, 0x00, 0x00, 0x00, 0x00, 0x00, 0x00, 0x00, 0x00, 0x00, 0x00, 0x00, 0x00, 0x00, 0x00, 0x00,
    0x00, 0x00, 0x00, 0x00, 0x00, 0x00, 0x00, 0x00, 0x00, 0x00, 0x00, 0x00, 0x00, 0x00, 0x00, 0x00,
    0x00, 0x00, 0x00, 0x00, 0x00, 0x00, 0x00, 0x00, 0x00, 0x86, 0xef, 0x00, 0xff, 0xff, 0x00, 0xff,
    0xff, 0x00, 0xff, 0xff, 0x00, 0xff, 0xff, 0x00, 0xff, 0xff, 0x00, 0xff, 0xff, 0x00, 0xff, 0xff,
    0x00, 0xff, 0xff, 0x00, 0x8b, 0x15, 0x00, 0x00, 0x00, 0x00, 0x00, 0x00, 0x00, 0x00, 0x00, 0x00,
    0x00, 0x00, 0x00, 0x00, 0x00, 0x00, 0x00, 0x00, 0x00, 0x00, 0x00, 0x00, 0x00, 0x00, 0x00, 0x00,
    0x00, 0x00, 0x00, 0x00, 0x00, 0x00, 0x00, 0x00, 0x00, 0x00, 0x00, 0x00, 0x00, 0x00, 0x00, 0x00,
    0x00, 0x00, 0x00, 0x00, 0x00, 0x00, 0x00, 0x00, 0x00, 0x00, 0x00, 0x00, 0x00, 0x00, 0x00, 0x00,
    0x00, 0x00, 0x00, 0x00, 0x00, 0x00, 0x00, 0x00, 0x00, 0x00, 0x00, 0x00, 0x00, 0x00, 0x00, 0x00,
    0x00, 0x00, 0x00, 0x00, 0x00, 0x00, 0x00, 0x00, 0x00, 0x00, 0x00, 0x00, 0x00, 0x00, 0x00, 0x00,
    0x00, 0x00, 0x00, 0x00, 0x00, 0x00, 0x00, 0x00, 0x00, 0x00, 0x00, 0x00, 0x00, 0x00, 0x00, 0x00,
    0x00, 0x00, 0x00, 0x00, 0x00, 0x13, 0x00, 0xf2, 0xff, 0x00, 0xff, 0xff, 0x00, 0xff, 0xff, 0x00,
    0xff, 0xff, 0x00, 0xff, 0xff, 0x00, 0xff, 0xff, 0x00, 0xff, 0xff, 0x00, 0xff, 0xff, 0x00, 0xff,
    0xf3, 0x00, 0x14, 0x00, 0x00, 0x00, 0x00, 0x00, 0x00, 0x00, 0x00, 0x00, 0x00, 0x00, 0x00, 0x00,
    0x00, 0x00, 0x00, 0x00, 0x00, 0x00, 0x00, 0x00, 0x00, 0x00, 0x00, 0x00, 0x00, 0x00, 0x00, 0x00,
    0x00, 0x00, 0x00, 0x00, 0x00, 0x00, 0x00, 0x00, 0x00, 0x00, 0x00, 0x03, 0x4f, 0x00, 0xfd, 0xff,
    0x00, 0xff, 0xff, 0x00, 0xff, 0xff, 0x00, 0xff, 0xff, 0x00, 0xff, 0xff, 0x00, 0xff, 0xff, 0x00,
    0xff, 0xff, 0x00, 0xff, 0xff, 0x00, 0xfe, 0xc7, 0x00, 0x01, 0x00, 0x00, 0x00, 0x00, 0x00, 0x00,
    0x00, 0x00, 0x00, 0x00, 0x00, 0x00, 0x00, 0x00, 0x00, 0x00, 0x00, 0x00, 0x00, 0x00, 0x00, 0x00,
    0x00, 0x00, 0x00, 0x00, 0x00, 0x00, 0x00, 0x00, 0x00, 0x00, 0x00, 0x00, 0x00, 0x00, 0x00, 0x00,
    0x00, 0x00, 0x00, 0x00, 0x00, 0x00, 0x00, 0x00, 0x00, 0x00, 0x00, 0x00, 0x00, 0x00, 0x00, 0x00,
    0x00, 0x00, 0x00, 0x00, 0x00, 0x00, 0x00, 0x00, 0x00, 0x00, 0x00, 0x00, 0x00, 0x00, 0x00, 0x00,
    0x00, 0x00, 0x00, 0x00, 0x00, 0x00, 0x00, 0x00, 0x00, 0x00, 0x00, 0x00, 0x00, 0x00, 0x00, 0x00,
    0x00, 0x00, 0x00, 0x00, 0x00, 0x00, 0x00, 0x00, 0x00, 0x00, 0x00, 0x00, 0x00, 0x00, 0x00, 0x00,
    0x00, 0x00, 0x00, 0x00, 0x00, 0x00, 0x00, 0x00, 0x00, 0x63, 0xdf, 0x00, 0xff, 0xff, 0x00, 0xff,
    0xff, 0x00, 0xff, 0xff, 0x00, 0xff, 0xff, 0x00, 0xff, 0xff, 0x00, 0xff, 0xff, 0x00, 0xff, 0xff,
    0x00, 0xff, 0xff, 0x00, 0xc0, 0x33, 0x00, 0x00, 0x00, 0x00, 0x00, 0x00, 0x00, 0x00, 0x00, 0x00,
    0x00, 0x00, 0x00, 0x00, 0x00, 0x00, 0x00, 0x00, 0x00, 0x00, 0x00, 0x00, 0x00, 0x00, 0x00, 0x00,
    0x00, 0x00, 0x00, 0x00, 0x00, 0x00, 0x00, 0x00, 0x00, 0x00, 0x00, 0x00, 0x00, 0x00, 0x00, 0x00,
    0xb2, 0xf9, 0x00, 0xff, 0xff, 0x00, 0xff, 0xff, 0x00, 0xff, 0xff, 0x00, 0xff, 0xff, 0x00, 0xff,
    0xff, 0x00, 0xff, 0xff, 0x00, 0xff, 0xff, 0x00, 0xff, 0xff, 0x00, 0x70, 0x0e, 0x00, 0x00, 0x00,
    0x00, 0x00, 0x00, 0x00, 0x00, 0x00, 0x00, 0x00, 0x00, 0x00, 0x00, 0x00, 0x00, 0x00, 0x00, 0x00,
    0x00, 0x00, 0x00, 0x00, 0x00, 0x00, 0x00, 0x00, 0x00, 0x00, 0x00, 0x00, 0x00, 0x00, 0x00, 0x00,
    0x00, 0x00, 0x00, 0x00, 0x00, 0x00, 0x00, 0x00, 0x00, 0x00, 0x00, 0x00, 0x00, 0x00, 0x00, 0x00,
    0x00, 0x00, 0x00, 0x00, 0x00, 0x00, 0x00, 0x00, 0x00, 0x00, 0x00, 0x00, 0x00, 0x00, 0x00, 0x00,
    0x00, 0x00, 0x00, 0x00, 0x00, 0x00, 0x00, 0x00, 0x00, 0x00, 0x00, 0x00, 0x00, 0x00, 0x00, 0x00,
    0x00, 0x00, 0x00, 0x00, 0x00, 0x00, 0x00, 0x00, 0x00, 0x00, 0x00, 0x00, 0x00, 0x00, 0x00, 0x00,
    0x00, 0x00, 0x00, 0x00, 0x00, 0x00, 0x00, 0x00, 0x00, 0x00, 0x00, 0x00, 0x36, 0x00, 0xfb, 0xff,
    0x00, 0xff, 0xff, 0x00, 0xff, 0xff, 0x00, 0xff, 0xff, 0x00, 0xff, 0xff, 0x00, 0xff, 0xff, 0x00,
    0xff, 0xff, 0x00, 0xff, 0xff, 0x00, 0xff, 0xe8, 0x00, 0x0b, 0x00, 0x00, 0x00, 0x00, 0x00, 0x00,
    0x00, 0x00, 0x00, 0x00, 0x00, 0x00, 0x00, 0x00, 0x00, 0x00, 0x00, 0x00, 0x00, 0x00, 0x00, 0x00,
    0x00, 0x00, 0x00, 0x00, 0x00, 0x00, 0x00, 0x00, 0x00, 0x00, 0x00, 0x00, 0x00, 0x00, 0x00, 0x00,
    0x00, 0x00, 0x04, 0x7a, 0x00, 0xff, 0xff, 0x00, 0xff, 0xff, 0x00, 0xff, 0xff, 0x00, 0xff, 0xff,
    0x00, 0xff, 0xff, 0x00, 0xff, 0xff, 0x00, 0xff, 0xff, 0x00, 0xff, 0xff, 0x00, 0xfc, 0xb1, 0x00,
    0x00, 0x00, 0x00, 0x00, 0x00, 0x00, 0x00, 0x00, 0x00, 0x00, 0x00, 0x00, 0x00, 0x00, 0x00, 0x00,
    0x00, 0x00, 0x00, 0x00, 0x00, 0x00, 0x00, 0x00, 0x00, 0x00, 0x00, 0x00, 0x00, 0x00, 0x00, 0x00,
    0x00, 0x00, 0x00, 0x00, 0x00, 0x00, 0x00, 0x00, 0x00, 0x00, 0x00, 0x00, 0x00, 0x00, 0x00, 0x00,
    0x00, 0x00, 0x00, 0x00, 0x00, 0x00, 0x00, 0x00, 0x00, 0x00, 0x00, 0x00, 0x00, 0x00, 0x00, 0x00,
    0x00, 0x00, 0x00, 0x00, 0x00, 0x00, 0x00, 0x00, 0x00, 0x00, 0x00, 0x00, 0x00, 0x00, 0x00, 0x00,
    0x00, 0x00, 0x00, 0x00, 0x00, 0x00, 0x00, 0x00, 0x00, 0x00, 0x00, 0x00, 0x00, 0x00, 0x00, 0x00,
    0x00, 0x00, 0x00, 0x00, 0x00, 0x00, 0x00, 0x00, 0x00, 0x00, 0x00, 0x00, 0x00, 0x00, 0x00, 0x00,
    0x8c, 0xf3, 0x00, 0xff, 0xff, 0x00, 0xff, 0xff, 0x00, 0xff, 0xff, 0x00, 0xff, 0xff, 0x00, 0xff,
    0xff, 0x00, 0xff, 0xff, 0x00, 0xff, 0xff, 0x00, 0xff, 0xff, 0x00, 0xac, 0x27, 0x00, 0x00, 0x00,
    0x00, 0x00, 0x00, 0x00, 0x00, 0x00, 0x00, 0x00, 0x00, 0x00, 0x00, 0x00, 0x00, 0x00, 0x00, 0x00,
    0x00, 0x00, 0x00, 0x00, 0x00, 0x00, 0x00, 0x00, 0x00, 0x00, 0x00, 0x00, 0x00, 0x00, 0x00, 0x00,
    0x00, 0x00, 0x00, 0x00, 0x00, 0x04, 0x00, 0xd4, 0xfe, 0x00, 0xff, 0xff, 0x00, 0xff, 0xff, 0x00,
    0xff, 0xff, 0x00, 0xff, 0xff, 0x00, 0xff, 0xff, 0x00, 0xff, 0xff, 0x00, 0xff, 0xff, 0x00, 0xff,
    0xfe, 0x00, 0x65, 0x04, 0x00, 0x00, 0x00, 0x00, 0x00, 0x00, 0x00, 0x00, 0x00, 0x00, 0x00, 0x00,
    0x00, 0x00, 0x00, 0x00, 0x00, 0x00, 0x00, 0x00, 0x00, 0x00, 0x00, 0x00, 0x00, 0x00, 0x00, 0x00,
    0x00, 0x00, 0x00, 0x00, 0x00, 0x00, 0x00, 0x00, 0x00, 0x00, 0x00, 0x00, 0x00, 0x00, 0x00, 0x00,
    0x00, 0x00, 0x00, 0x00, 0x00, 0x00, 0x00, 0x00, 0x00, 0x00, 0x00, 0x00, 0x00, 0x00, 0x00, 0x00,
    0x00, 0x00, 0x00, 0x00, 0x00, 0x00, 0x00, 0x00, 0x00, 0x00, 0x00, 0x00, 0x00, 0x00, 0x00, 0x00,
    0x00, 0x00, 0x00, 0x00, 0x00, 0x00, 0x00, 0x00, 0x00, 0x00, 0x00, 0x00, 0x00, 0x00, 0x00, 0x00,
    0x00, 0x00, 0x00, 0x00, 0x00, 0x00, 0x00, 0x00, 0x00, 0x00, 0x00, 0x00, 0x00, 0x00, 0x00, 0x00,
    0x00, 0x00, 0x07, 0x58, 0x00, 0xff, 0xff, 0x00, 0xff, 0xff, 0x00, 0xff, 0xff, 0x00, 0xff, 0xff,
    0x00, 0xff, 0xff, 0x00, 0xff, 0xff, 0x00, 0xff, 0xff, 0x00, 0xff, 0xff, 0x00, 0xfe, 0xda, 0x00,
    0x02, 0x00, 0x00, 0x00, 0x00, 0x00, 0x00, 0x00, 0x00, 0x00, 0x00, 0x00, 0x00, 0x00, 0x00, 0x00,
    0x00, 0x00, 0x00, 0x00, 0x00, 0x00, 0x00, 0x00, 0x00, 0x00, 0x00, 0x00, 0x00, 0x00, 0x00, 0x00,
    0x00, 0x00, 0x00, 0x00, 0x00, 0x00, 0x00, 0x00, 0x00, 0x28, 0xab, 0x00, 0xff, 0xff, 0x00, 0xff,
    0xff, 0x00, 0xff, 0xff, 0x00, 0xff, 0xff, 0x00, 0xff, 0xff, 0x00, 0xff, 0xff, 0x00, 0xff, 0xff,
    0x00, 0xff, 0xff, 0x00, 0xf5, 0xa0, 0x00, 0x00, 0x00, 0x00, 0x00, 0x00, 0x00, 0x00, 0x00, 0x00,
    0x00, 0x00, 0x00, 0x00, 0x00, 0x00, 0x00, 0x00, 0x00, 0x00, 0x00, 0x00, 0x00, 0x00, 0x00, 0x00,
    0x00, 0x00, 0x00, 0x00, 0x00, 0x00, 0x00, 0x00, 0x00, 0x00, 0x00, 0x00, 0x00, 0x00, 0x00, 0x00,
    0x00, 0x00, 0x00, 0x00, 0x00, 0x00, 0x00, 0x00, 0x00, 0x00, 0x00, 0x00, 0x00, 0x00, 0x00, 0x00,
    0x00, 0x00, 0x00, 0x00, 0x00, 0x00, 0x00, 0x00, 0x00, 0x00, 0x00, 0x00, 0x00, 0x00, 0x00, 0x00,
    0x00, 0x00, 0x00, 0x00, 0x00, 0x00, 0x00, 0x00, 0x00, 0x00, 0x00, 0x00, 0x00, 0x00, 0x00, 0x00,
    0x00, 0x00, 0x00, 0x00, 0x00, 0x00, 0x00, 0x00, 0x00, 0x00, 0x00, 0x00, 0x00, 0x00, 0x00, 0x00,
    0x00, 0x00, 0x00, 0x00, 0x00, 0x00, 0x00, 0xbc, 0xfe, 0x00, 0xff, 0xff, 0x00, 0xff, 0xff, 0x00,
    0xff, 0xff, 0x00, 0xff, 0xff, 0x00, 0xff, 0xff, 0x00, 0xff, 0xff, 0x00, 0xff, 0xff, 0x00, 0xff,
    0xff, 0x00, 0x9b, 0x0d, 0x00, 0x00, 0x00, 0x00, 0x00, 0x00, 0x00, 0x00, 0x00, 0x00, 0x00, 0x00,
    0x00, 0x00, 0x00, 0x00, 0x00, 0x00, 0x00, 0x00, 0x00, 0x00, 0x00, 0x00, 0x00, 0x00, 0x00, 0x00,
    0x00, 0x00, 0x00, 0x00, 0x00, 0x00, 0x00, 0x00, 0x00, 0x00, 0x00, 0x00, 0x0f, 0x00, 0xef, 0xff,
    0x00, 0xff, 0xff, 0x00, 0xff, 0xff, 0x00, 0xff, 0xff, 0x00, 0xff, 0xff, 0x00, 0xff, 0xff, 0x00,
    0xff, 0xff, 0x00, 0xff, 0xff, 0x00, 0xff, 0xfd, 0x00, 0x45, 0x03, 0x00, 0x00, 0x00, 0x00, 0x00,
    0x00, 0x00, 0x00, 0x00, 0x00, 0x00, 0x00, 0x00, 0x00, 0x00, 0x00, 0x00, 0x00, 0x00, 0x00, 0x00,
    0x00, 0x00, 0x00, 0x00, 0x00, 0x00, 0x00, 0x00, 0x00, 0x00, 0x00, 0x00, 0x00, 0x00, 0x00, 0x00,
    0x00, 0x00, 0x00, 0x00, 0x00, 0x00, 0x00, 0x00, 0x00, 0x00, 0x00, 0x00, 0x00, 0x00, 0x00, 0x00,
    0x00, 0x00, 0x00, 0x00, 0x00, 0x00, 0x00, 0x00, 0x00, 0x00, 0x00, 0x00, 0x00, 0x00, 0x00, 0x00,
    0x00, 0x00, 0x00, 0x00, 0x00, 0x00, 0x00, 0x00, 0x00, 0x00, 0x00, 0x00, 0x00, 0x00, 0x00, 0x00,
    0x00, 0x00, 0x00, 0x00, 0x00, 0x00, 0x00, 0x00, 0x00, 0x00, 0x00, 0x00, 0x00, 0x00, 0x00, 0x00,
    0x00, 0x00, 0x00, 0x00, 0x00, 0x00, 0x00, 0x00, 0x00, 0x14, 0x88, 0x00, 0xff, 0xff, 0x00, 0xff,
    0xff, 0x00, 0xff, 0xff, 0x00, 0xff, 0xff, 0x00, 0xff, 0xff, 0x00, 0xff, 0xff, 0x00, 0xff, 0xff,
    0x00, 0xff, 0xff, 0x00, 0xfc, 0xcf, 0x00, 0x03, 0x00, 0x00, 0x00, 0x00, 0x00, 0x00, 0x00, 0x00,
    0x00, 0x00, 0x00, 0x00, 0x00, 0x00, 0x00, 0x00, 0x00, 0x00, 0x00, 0x00, 0x00, 0x00, 0x00, 0x00,
    0x00, 0x00, 0x00, 0x00, 0x00, 0x00, 0x00, 0x00, 0x00, 0x00, 0x00, 0x00, 0x00, 0x00, 0x00, 0x00,
    0x46, 0xd8, 0x00, 0xff, 0xff, 0x00, 0xff, 0xff, 0x00, 0xff, 0xff, 0x00, 0xff, 0xff, 0x00, 0xff,
    0xff, 0x00, 0xff, 0xff, 0x00, 0xff, 0xff, 0x00, 0xff, 0xff, 0x00, 0xf2, 0x8d, 0x00, 0x00, 0x00,
    0x00, 0x00, 0x00, 0x00, 0x00, 0x00, 0x00, 0x00, 0x00, 0x00, 0x00, 0x00, 0x00, 0x00, 0x00, 0x00,
    0x00, 0x00, 0x00, 0x00, 0x00, 0x00, 0x00, 0x00, 0x00, 0x00, 0x00, 0x00, 0x00, 0x00, 0x00, 0x00,
    0x00, 0x00, 0x00, 0x00, 0x00, 0x00, 0x00, 0x00, 0x00, 0x00, 0x00, 0x00, 0x00, 0x00, 0x00, 0x00,
    0x00, 0x00, 0x00, 0x00, 0x00, 0x00, 0x00, 0x00, 0x00, 0x00, 0x00, 0x00, 0x00, 0x00, 0x00, 0x00,
    0x00, 0x00, 0x00, 0x00, 0x00, 0x00, 0x00, 0x00, 0x00, 0x00, 0x00, 0x00, 0x00, 0x00, 0x00, 0x00,
    0x00, 0x00, 0x00, 0x00, 0x00, 0x00, 0x00, 0x00, 0x00, 0x00, 0x00, 0x00, 0x00, 0x00, 0x00, 0x00,
    0x00, 0x00, 0x00, 0x00, 0x00, 0x00, 0x00, 0x00, 0x00, 0x00, 0x00, 0x00, 0x08, 0x00, 0xe1, 0xfe,
    0x00, 0xff, 0xff, 0x00, 0xff, 0xff, 0x00, 0xff, 0xff, 0x00, 0xff, 0xff, 0x00, 0xff, 0xff, 0x00,
    0xff, 0xff, 0x00, 0xff, 0xff, 0x00, 0xff, 0xff, 0x00, 0x83, 0x0d, 0x00, 0x00, 0x00, 0x00, 0x00,
    0x00, 0x00, 0x00, 0x00, 0x00, 0x00, 0x00, 0x00, 0x00, 0x00, 0x00, 0x00, 0x00, 0x00, 0x00, 0x00,
    0x00, 0x00, 0x00, 0x00, 0x00, 0x00, 0x00, 0x00, 0x00, 0x00, 0x00, 0x00, 0x00, 0x00, 0x00, 0x00,
    0x00, 0x00, 0x01, 0x1b, 0x00, 0xf8, 0xff, 0x00, 0xff, 0xff, 0x00, 0xff, 0xff, 0x00, 0xff, 0xff,
    0x00, 0xff, 0xff, 0x00, 0xff, 0xff, 0x00, 0xff, 0xff, 0x00, 0xff, 0xff, 0x00, 0xff, 0xfc, 0x00,
    0x2c, 0x02, 0x00, 0x00, 0x00, 0x00, 0x00, 0x00, 0x00, 0x00, 0x00, 0x00, 0x00, 0x00, 0x00, 0x00,
    0x00, 0x00, 0x00, 0x00, 0x00, 0x00, 0x00, 0x00, 0x00, 0x00, 0x00, 0x00, 0x00, 0x00, 0x00, 0x00,
    0x00, 0x00, 0x00, 0x00, 0x00, 0x00, 0x00, 0x00, 0x00, 0x00, 0x00, 0x00, 0x00, 0x00, 0x00, 0x00,
    0x00, 0x00, 0x00, 0x00, 0x00, 0x00, 0x00, 0x00, 0x00, 0x00, 0x00, 0x00, 0x00, 0x00, 0x00, 0x00,
    0x00, 0x00, 0x00, 0x00, 0x00, 0x00, 0x00, 0x00, 0x00, 0x00, 0x00, 0x00, 0x00, 0x00, 0x00, 0x00,
    0x00, 0x00, 0x00, 0x00, 0x00, 0x00, 0x00, 0x00, 0x00, 0x00, 0x00, 0x00, 0x00, 0x00, 0x00, 0x00,
    0x00, 0x00, 0x00, 0x00,
};
static const lv_image_dsc_t melt_img_48 = {
    .header.magic = LV_IMAGE_HEADER_MAGIC,
    .header.cf = LV_COLOR_FORMAT_A8,
    .header.flags = 0,
    .header.w = 71,
    .header.h = 108,
    .header.stride = 71,
    .data_size = sizeof melt_img_48_px,
    .data = melt_img_48_px,
};

static const uint8_t melt_img_49_px[] __attribute__((aligned(4))) = {
    0x00, 0x00, 0x00, 0x00, 0x00, 0x00, 0x00, 0x00, 0x00, 0x00, 0x00, 0x00, 0x00, 0x00, 0x00, 0x00,
    0x00, 0x00, 0x00, 0x00, 0x00, 0x00, 0x00, 0x00, 0x00, 0x00, 0x00, 0x00, 0x00, 0x00, 0x00, 0x00,
    0x00, 0x00, 0x00, 0x00, 0x00, 0x00, 0x00, 0x00, 0x00, 0x00, 0x4a, 0x85, 0x00, 0x8a, 0x8a, 0x00,
    0x8a, 0x8a, 0x00, 0x8a, 0x8a, 0x00, 0x8a, 0x8a, 0x00, 0x8a, 0x8a, 0x00, 0x8a, 0x8a, 0x00, 0x8a,
    0x8a, 0x00, 0x88, 0x79, 0x00, 0x00, 0x00, 0x00, 0x00, 0x00, 0x00, 0x00, 0x00, 0x00, 0x00, 0x00,
    0x00, 0x00, 0x00, 0x00, 0x00, 0x00, 0x00, 0x00, 0x00, 0x00, 0x00, 0x00, 0x00, 0x00, 0x00, 0x00,
    0x00, 0x00, 0x00, 0x00, 0x00, 0x00, 0x00, 0x00, 0x00, 0x00, 0x00, 0x00, 0x00, 0x00, 0x00, 0x00,
    0x00, 0x00, 0x00, 0x00, 0x00, 0x00, 0x00, 0x00, 0x00, 0x00, 0x00, 0x00, 0x00, 0x00, 0x00, 0x00,
    0x00, 0x00, 0x00, 0x00, 0x00, 0x00, 0x00, 0x00, 0x00, 0x00, 0x00, 0x00, 0x00, 0x00, 0x00, 0x00,
    0x00, 0x00, 0x00, 0x00, 0x00, 0x00, 0x00, 0x00, 0x7d, 0xdb, 0x00, 0xe3, 0xe3, 0x00, 0xe3, 0xe3,
    0x00, 0xe3, 0xe3, 0x00, 0xe3, 0xe3, 0x00, 0xe3, 0xe3, 0x00, 0xe3, 0xe3, 0x00, 0xe3, 0xe3, 0x00,
    0xe1, 0xc8, 0x00, 0x00, 0x00, 0x00, 0x00, 0x00, 0x00, 0x00, 0x00, 0x00, 0x00, 0x00, 0x00, 0x00,
    0x00, 0x00, 0x00, 0x00, 0x00, 0x00, 0x00, 0x00, 0x00, 0x00, 0x00, 0x00, 0x00, 0x00, 0x00, 0x00,
    0x00, 0x00, 0x00, 0x00, 0x00, 0x00, 0x00, 0x00, 0x00, 0x00, 0x00, 0x00, 0x00, 0x00, 0x00, 0x00,
    0x00, 0x00, 0x00, 0x00, 0x00, 0x00, 0x00, 0x00, 0x00, 0x00, 0x00, 0x00, 0x00, 0x00, 0x00, 0x00,
    0x00, 0x00, 0x00, 0x00, 0x00, 0x00, 0x00, 0x00, 0x00, 0x00, 0x00, 0x00, 0x00, 0x00, 0x00, 0x00,
    0x00, 0x00, 0x00, 0x00, 0x00, 0x00, 0x00, 0x00, 0x00, 0x00, 0x00, 0x00, 0x00, 0x00, 0x00, 0x00,
    0x00, 0x00, 0x00, 0x00, 0x00, 0x00, 0x00, 0x00, 0x00, 0x00, 0x00, 0x00, 0x00, 0x00, 0x00, 0x00,
    0x00, 0x00, 0x00, 0x00, 0x00, 0x00, 0x00, 0x00, 0x00, 0x00, 0x00, 0x00, 0x00, 0x00, 0x00, 0x00,
    0x00, 0x00, 0x00, 0x00, 0x00, 0x00, 0x00, 0x00, 0x00, 0x00, 0x00, 0x00, 0x00, 0x00, 0x00, 0x00,
    0x00, 0x00, 0x00, 0x00, 0x00, 0x00, 0x00, 0x00, 0x00, 0x00, 0x00, 0x00, 0x00, 0x00, 0x00, 0x00,
    0x00, 0x00, 0x00, 0x00, 0x00, 0x00, 0x00, 0x00, 0x00, 0x00, 0x00, 0x00, 0x00, 0x00, 0x00, 0x00,
    0x00, 0x00, 0x00, 0x00, 0x00, 0x00, 0x00, 0x00, 0x00, 0x00, 0x00, 0x00, 0x00, 0x00, 0x00, 0x00,
    0x00, 0x00, 0x00, 0x00, 0x8e, 0xf6, 0x00, 0xff, 0xff, 0x00, 0xff, 0xff, 0x00, 0xff, 0xff, 0x00,
    0xff, 0xff, 0x00, 0xff, 0xff, 0x00, 0xff, 0xff, 0x00, 0xff, 0xff, 0x00, 0xfd, 0xe2, 0x00, 0x00,
    0x00, 0x00, 0x00, 0x00, 0x00, 0x00, 0x00, 0x00, 0x00, 0x00, 0x00, 0x00, 0x00, 0x00, 0x00, 0x00,
    0x00, 0x00, 0x00, 0x00, 0x00, 0x00, 0x00, 0x00, 0x00, 0x00, 0x00, 0x00, 0x00, 0x00, 0x00, 0x00,
    0x00, 0x00, 0x00, 0x00, 0x00, 0x00, 0x00, 0x00, 0x00, 0x00, 0x00, 0x00, 0x00, 0x00, 0x00, 0x00,
    0x00, 0x00, 0x00, 0x00, 0x00, 0x00, 0x00, 0x00, 0x00, 0x00, 0x00, 0x00, 0x00, 0x00, 0x00, 0x00,
    0x00, 0x00, 0x00, 0x00, 0x00, 0x00, 0x00, 0x00, 0x00, 0x00, 0x00, 0x00, 0x00, 0x00, 0x00, 0x00,
    0x00, 0x00, 0x8e, 0xf6, 0x00, 0xff, 0xff, 0x00, 0xff, 0xff, 0x00, 0xff, 0xff, 0x00, 0xff, 0xff,
    0x00, 0xff, 0xff, 0x00, 0xff, 0xff, 0x00, 0xff, 0xff, 0x00, 0xfd, 0xe2, 0x00, 0x00, 0x00, 0x00,
    0x00, 0x00, 0x00, 0x00, 0x00, 0x00, 0x00, 0x00, 0x00, 0x00, 0x00, 0x00, 0x00, 0x00, 0x00, 0x00,
    0x00, 0x00, 0x00, 0x00, 0x00, 0x00, 0x00, 0x00, 0x00, 0x00, 0x00, 0x00, 0x00, 0x00, 0x00, 0x00,
    0x00, 0x00, 0x00, 0x00, 0x00, 0x00, 0x00, 0x00, 0x00, 0x00, 0x00, 0x00, 0x00, 0x00, 0x00, 0x00,
    0x00, 0x00, 0x00, 0x00, 0x00, 0x00, 0x00, 0x00, 0x00, 0x00, 0x00, 0x00, 0x00, 0x00, 0x00, 0x00,
    0x00, 0x00, 0x00, 0x00, 0x00, 0x00, 0x00, 0x00, 0x00, 0x00, 0x00, 0x00, 0x00, 0x00, 0x00, 0x00,
    0x00, 0x00, 0x00, 0x00, 0x00, 0x00, 0x00, 0x00, 0x00, 0x00, 0x00, 0x00, 0x00, 0x00, 0x00, 0x00,
    0x00, 0x00, 0x00, 0x00, 0x00, 0x00, 0x00, 0x00, 0x00, 0x00, 0x00, 0x00, 0x00, 0x00, 0x00, 0x00,
    0x00, 0x00, 0x00, 0x00, 0x00, 0x00, 0x00, 0x00, 0x00, 0x00, 0x00, 0x00, 0x00, 0x00, 0x00, 0x00,
    0x00, 0x00, 0x00, 0x00, 0x00, 0x00, 0x00, 0x00, 0x00, 0x00, 0x00, 0x00, 0x00, 0x00, 0x00, 0x00,
    0x00, 0x00, 0x00, 0x00, 0x00, 0x00, 0x00, 0x00, 0x00, 0x00, 0x00, 0x00, 0x00, 0x00, 0x00, 0x00,
    0x00, 0x00, 0x00, 0x00, 0x00, 0x00, 0x00, 0x00, 0x00, 0x00, 0x00, 0x00, 0x00, 0x00, 0x00, 0x00,
    0x00, 0x00, 0x00, 0x00, 0x00, 0x00, 0x00, 0x00, 0x00, 0x00, 0x00, 0x00, 0x00, 0x00, 0x8e, 0xf6,
    0x00, 0xff, 0xff, 0x00, 0xff, 0xff, 0x00, 0xff, 0xff, 0x00, 0xff, 0xff, 0x00, 0xff, 0xff, 0x00,
    0xff, 0xff, 0x00, 0xff, 0xff, 0x00, 0xfd, 0xe2, 0x00, 0x00, 0x00, 0x00, 0x00, 0x00, 0x00, 0x00,
    0x00, 0x00, 0x00, 0x00, 0x00, 0x00, 0x00, 0x00, 0x00, 0x00, 0x00, 0x00, 0x00, 0x00, 0x00, 0x00,
    0x00, 0x00, 0x00, 0x00, 0x00, 0x00, 0x00, 0x00, 0x00, 0x00, 0x00, 0x00, 0x00, 0x00, 0x00, 0x00,
    0x00, 0x00, 0x00, 0x00, 0x00, 0x00, 0x00, 0x00, 0x00, 0x00, 0x00, 0x00, 0x00, 0x00, 0x00, 0x00,
    0x00, 0x00, 0x00, 0x00, 0x00, 0x00, 0x00, 0x00, 0x00, 0x00, 0x00, 0x00, 0x00, 0x00, 0x00, 0x00,
    0x00, 0x00, 0x00, 0x00, 0x00, 0x00, 0x00, 0x00, 0x00, 0x00, 0x00, 0x00, 0x8e, 0xf6, 0x00, 0xff,
    0xff, 0x00, 0xff, 0xff, 0x00, 0xff, 0xff, 0x00, 0xff, 0xff, 0x00, 0xff, 0xff, 0x00, 0xff, 0xff,
    0x00, 0xff, 0xff, 0x00, 0xfd, 0xe2, 0x00, 0x00, 0x00, 0x00, 0x00, 0x00, 0x00, 0x00, 0x00, 0x00,
    0x00, 0x00, 0x00, 0x00, 0x00, 0x00, 0x00, 0x00, 0x00, 0x00, 0x00, 0x00, 0x00, 0x00, 0x00, 0x00,
    0x00, 0x00, 0x00, 0x00, 0x00, 0x00, 0x00, 0x00, 0x00, 0x00, 0x00, 0x00, 0x00, 0x00, 0x00, 0x00,
    0x00, 0x00, 0x00, 0x00, 0x00, 0x00, 0x00, 0x00, 0x00, 0x00, 0x00, 0x00, 0x00, 0x00, 0x00, 0x00,
    0x00, 0x00, 0x00, 0x00, 0x00, 0x00, 0x00, 0x00, 0x00, 0x00, 0x00, 0x00, 0x00, 0x00, 0x00, 0x00,
    0x00, 0x00, 0x00, 0x00, 0x00, 0x00, 0x00, 0x00, 0x00, 0x00, 0x00, 0x00, 0x00, 0x00, 0x00, 0x00,
    0x00, 0x00, 0x00, 0x00, 0x00, 0x00, 0x00, 0x00, 0x00, 0x00, 0x00, 0x00, 0x00, 0x00, 0x00, 0x00,
    0x00, 0x00, 0x00, 0x00, 0x00, 0x00, 0x00, 0x00, 0x00, 0x00, 0x00, 0x00, 0x00, 0x00, 0x00, 0x00,
    0x00, 0x00, 0x00, 0x00, 0x00, 0x00, 0x00, 0x00, 0x00, 0x00, 0x00, 0x00, 0x00, 0x00, 0x00, 0x00,
    0x00, 0x00, 0x00, 0x00, 0x00, 0x00, 0x00, 0x00, 0x00, 0x00, 0x00, 0x00, 0x00, 0x00, 0x00, 0x00,
    0x00, 0x00, 0x00, 0x00, 0x00, 0x00, 0x00, 0x00, 0x00, 0x00, 0x00, 0x00, 0x00, 0x00, 0x00, 0x00,
    0x00, 0x00, 0x00, 0x00, 0x00, 0x00, 0x00, 0x00, 0x00, 0x00, 0x00, 0x00, 0x00, 0x00, 0x00, 0x00,
    0x00, 0x00, 0x00, 0x00, 0x00, 0x00, 0x00, 0x00, 0x8e, 0xf6, 0x00, 0xff, 0xff, 0x00, 0xff, 0xff,
    0x00, 0xff, 0xff, 0x00, 0xff, 0xff, 0x00, 0xff, 0xff, 0x00, 0xff, 0xff, 0x00, 0xff, 0xff, 0x00,
    0xfd, 0xe2, 0x00, 0x00, 0x00, 0x00, 0x00, 0x00, 0x00, 0x00, 0x00, 0x00, 0x00, 0x00, 0x00, 0x00,
    0x00, 0x00, 0x00, 0x00, 0x00, 0x00, 0x00, 0x00, 0x00, 0x00, 0x00, 0x00, 0x00, 0x00, 0x00, 0x00,
    0x00, 0x00, 0x00, 0x00, 0x00, 0x00, 0x00, 0x00, 0x00, 0x00, 0x00, 0x00, 0x00, 0x00, 0x00, 0x00,
    0x00, 0x00, 0x00, 0x00, 0x00, 0x00, 0x00, 0x00, 0x00, 0x00, 0x00, 0x00, 0x00, 0x00, 0x00, 0x00,
    0x00, 0x00, 0x00, 0x00, 0x00, 0x00, 0x00, 0x00, 0x00, 0x00, 0x00, 0x00, 0x00, 0x00, 0x00, 0x00,
    0x00, 0x00, 0x00, 0x00, 0x00, 0x00, 0x8e, 0xf6, 0x00, 0xff, 0xff, 0x00, 0xff, 0xff, 0x00, 0xff,
    0xff, 0x00, 0xff, 0xff, 0x00, 0xff, 0xff, 0x00, 0xff, 0xff, 0x00, 0xff, 0xff, 0x00, 0xfd, 0xe2,
    0x00, 0x00, 0x00, 0x00, 0x00, 0x00, 0x00, 0x00, 0x00, 0x00, 0x00, 0x00, 0x00, 0x00, 0x00, 0x00,
    0x00, 0x00, 0x00, 0x00, 0x00, 0x00, 0x00, 0x00, 0x00, 0x00, 0x00, 0x00, 0x00, 0x00, 0x00, 0x00,
    0x00, 0x00, 0x00, 0x00, 0x00, 0x00, 0x00, 0x00, 0x00, 0x00, 0x00, 0x00, 0x00, 0x00, 0x00, 0x00,
    0x00, 0x00, 0x00, 0x00, 0x00, 0x00, 0x00, 0x00, 0x00, 0x00, 0x00, 0x00, 0x00, 0x00, 0x00, 0x00,
    0x00, 0x00, 0x00, 0x00, 0x00, 0x00, 0x00, 0x00, 0x00, 0x00, 0x00, 0x00, 0x00, 0x00, 0x00, 0x00,
    0x00, 0x00, 0x00, 0x00, 0x00, 0x00, 0x00, 0x00, 0x00, 0x00, 0x00, 0x00, 0x00, 0x00, 0x00, 0x00,
    0x00, 0x00, 0x00, 0x00, 0x00, 0x00, 0x00, 0x00, 0x00, 0x00, 0x00, 0x00, 0x00, 0x00, 0x00, 0x00,
    0x00, 0x00, 0x00, 0x00, 0x00, 0x00, 0x00, 0x00, 0x00, 0x00, 0x00, 0x00, 0x00, 0x00, 0x00, 0x00,
    0x00, 0x00, 0x00, 0x00, 0x00, 0x00, 0x00, 0x00, 0x00, 0x00, 0x00, 0x00, 0x00, 0x00, 0x00, 0x00,
    0x00, 0x00, 0x00, 0x00, 0x00, 0x00, 0x00, 0x00, 0x00, 0x00, 0x00, 0x00, 0x00, 0x00, 0x00, 0x00,
    0x00, 0x00, 0x00, 0x00, 0x00, 0x00, 0x00, 0x00, 0x00, 0x00, 0x00, 0x00, 0x00, 0x00, 0x00, 0x00,
    0x00, 0x00, 0x00, 0x00, 0x00, 0x00, 0x00, 0x00, 0x00, 0x00, 0x00, 0x00, 0x00, 0x00, 0x00, 0x00,
    0x00, 0x00, 0x8e, 0xf6, 0x00, 0xff, 0xff, 0x00, 0xff, 0xff, 0x00, 0xff, 0xff, 0x00, 0xff, 0xff,
    0x00, 0xff, 0xff, 0x00, 0xff, 0xff, 0x00, 0xff, 0xff, 0x00, 0xfd, 0xe2, 0x00, 0x00, 0x00, 0x00,
    0x00, 0x00, 0x00, 0x00, 0x00, 0x00, 0x00, 0x00, 0x00, 0x00, 0x00, 0x00, 0x00, 0x00, 0x00, 0x00,
    0x00, 0x00, 0x00, 0x00, 0x00, 0x00, 0x00, 0x00, 0x00, 0x00, 0x00, 0x00, 0x00, 0x00, 0x00, 0x00,
    0x00, 0x00, 0x00, 0x00, 0x00, 0x00, 0x00, 0x00, 0x00, 0x00, 0x00, 0x00, 0x00, 0x00, 0x00, 0x00,
    0x00, 0x00, 0x00, 0x00, 0x00, 0x00, 0x00, 0x00, 0x00, 0x00, 0x00, 0x00, 0x00, 0x00, 0x00, 0x00,
    0x00, 0x00, 0x00, 0x00, 0x00, 0x00, 0x00, 0x00, 0x00, 0x00, 0x00, 0x00, 0x00, 0x00, 0x00, 0x00,
    0x8e, 0xf6, 0x00, 0xff, 0xff, 0x00, 0xff, 0xff, 0x00, 0xff, 0xff, 0x00, 0xff, 0xff, 0x00, 0xff,
    0xff, 0x00, 0xff, 0xff, 0x00, 0xff, 0xff, 0x00, 0xfd, 0xe2, 0x00, 0x00, 0x00, 0x00, 0x00, 0x00,
    0x00, 0x00, 0x00, 0x00, 0x00, 0x00, 0x00, 0x00, 0x00, 0x00, 0x00, 0x00, 0x00, 0x00, 0x00, 0x00,
    0x00, 0x00, 0x00, 0x00, 0x00, 0x00, 0x00, 0x00, 0x00, 0x00, 0x00, 0x00, 0x00, 0x00, 0x00, 0x00,
    0x00, 0x00, 0x00, 0x00, 0x00, 0x00, 0x00, 0x00, 0x00, 0x00, 0x00, 0x00, 0x00, 0x00, 0x00, 0x00,
    0x00, 0x00, 0x00, 0x00, 0x00, 0x00, 0x00, 0x00, 0x00, 0x00, 0x00, 0x00, 0x00, 0x00, 0x00, 0x00,
    0x00, 0x00, 0x00, 0x00, 0x00, 0x00, 0x00, 0x00, 0x00, 0x00, 0x00, 0x00, 0x00, 0x00, 0x00, 0x00,
    0x00, 0x00, 0x00, 0x00, 0x00, 0x00, 0x00, 0x00, 0x00, 0x00, 0x00, 0x00, 0x00, 0x00, 0x00, 0x00,
    0x00, 0x00, 0x00, 0x00, 0x00, 0x00, 0x00, 0x00, 0x00, 0x00, 0x00, 0x00, 0x00, 0x00, 0x00, 0x00,
    0x00, 0x00, 0x00, 0x00, 0x00, 0x00, 0x00, 0x00, 0x00, 0x00, 0x00, 0x00, 0x00, 0x00, 0x00, 0x00,
    0x00, 0x00, 0x00, 0x00, 0x00, 0x00, 0x00, 0x00, 0x00, 0x00, 0x00, 0x00, 0x00, 0x00, 0x00, 0x00,
    0x00, 0x00, 0x00, 0x00, 0x00, 0x00, 0x00, 0x00, 0x00, 0x00, 0x00, 0x00, 0x00, 0x00, 0x00, 0x00,
    0x00, 0x00, 0x00, 0x00, 0x00, 0x00, 0x00, 0x00, 0x00, 0x00, 0x00, 0x00, 0x00, 0x00, 0x00, 0x00,
    0x00, 0x00, 0x00, 0x00, 0x00, 0x00, 0x00, 0x00, 0x00, 0x00, 0x00, 0x00, 0x8e, 0xf6, 0x00, 0xff,
    0xff, 0x00, 0xff, 0xff, 0x00, 0xff, 0xff, 0x00, 0xff, 0xff, 0x00, 0xff, 0xff, 0x00, 0xff, 0xff,
    0x00, 0xff, 0xff, 0x00, 0xfd, 0xe2, 0x00, 0x00, 0x00, 0x00, 0x00, 0x00, 0x00, 0x00, 0x00, 0x00,
    0x00, 0x00, 0x00, 0x00, 0x00, 0x00, 0x00, 0x00, 0x00, 0x00, 0x00, 0x00, 0x00, 0x00, 0x00, 0x00,
    0x00, 0x00, 0x00, 0x00, 0x00, 0x00, 0x00, 0x00, 0x00, 0x00, 0x00, 0x00, 0x00, 0x00, 0x00, 0x00,
    0x00, 0x00, 0x00, 0x00, 0x00, 0x00, 0x00, 0x00, 0x00, 0x00, 0x00, 0x00, 0x00, 0x00, 0x00, 0x00,
    0x00, 0x00, 0x00, 0x00, 0x00, 0x00, 0x00, 0x00, 0x00, 0x00, 0x00, 0x00, 0x00, 0x00, 0x00, 0x00,
    0x00, 0x00, 0x00, 0x00, 0x00, 0x00, 0x00, 0x00, 0x00, 0x00, 0x8e, 0xf6, 0x00, 0xff, 0xff, 0x00,
    0xff, 0xff, 0x00, 0xff, 0xff, 0x00, 0xff, 0xff, 0x00, 0xff, 0xff, 0x00, 0xff, 0xff, 0x00, 0xff,
    0xff, 0x00, 0xfd, 0xe2, 0x00, 0x00, 0x00, 0x00, 0x00, 0x00, 0x00, 0x00, 0x00, 0x00, 0x00, 0x00,
    0x00, 0x00, 0x00, 0x00, 0x00, 0x00, 0x00, 0x00, 0x00, 0x00, 0x00, 0x00, 0x00, 0x00, 0x00, 0x00,
    0x00, 0x00, 0x00, 0x00, 0x00, 0x00, 0x00, 0x00, 0x00, 0x00, 0x00, 0x00, 0x00, 0x00, 0x00, 0x00,
    0x00, 0x00, 0x00, 0x00, 0x00, 0x00, 0x00, 0x00, 0x00, 0x00, 0x00, 0x00, 0x00, 0x00, 0x00, 0x00,
    0x00, 0x00, 0x00, 0x00, 0x00, 0x00, 0x00, 0x00, 0x00, 0x00, 0x00, 0x00, 0x00, 0x00, 0x00, 0x00,
    0x00, 0x00, 0x00, 0x00, 0x00, 0x00, 0x00, 0x00, 0x00, 0x00, 0x00, 0x00, 0x00, 0x00, 0x00, 0x00,
    0x00, 0x00, 0x00, 0x00, 0x00, 0x00, 0x00, 0x00, 0x00, 0x00, 0x00, 0x00, 0x00, 0x00, 0x00, 0x00,
    0x00, 0x00, 0x00, 0x00, 0x00, 0x00, 0x00, 0x00, 0x00, 0x00, 0x00, 0x00, 0x00, 0x00, 0x00, 0x00,
    0x00, 0x00, 0x00, 0x00, 0x00, 0x00, 0x00, 0x00, 0x00, 0x00, 0x00, 0x00, 0x00, 0x00, 0x00, 0x00,
    0x00, 0x00, 0x00, 0x00, 0x00, 0x00, 0x00, 0x00, 0x00, 0x00, 0x00, 0x00, 0x00, 0x00, 0x00, 0x00,
    0x00, 0x00, 0x00, 0x00, 0x00, 0x00, 0x00, 0x00, 0x00, 0x00, 0x00, 0x00, 0x00, 0x00, 0x00, 0x00,
    0x00, 0x00, 0x00, 0x00, 0x00, 0x00, 0x00, 0x00, 0x00, 0x00, 0x00, 0x00, 0x00, 0x00, 0x00, 0x00,
    0x00, 0x00, 0x00, 0x00, 0x00, 0x00, 0x8e, 0xf6, 0x00, 0xff, 0xff, 0x00, 0xff, 0xff, 0x00, 0xff,
    0xff, 0x00, 0xff, 0xff, 0x00, 0xff, 0xff, 0x00, 0xff, 0xff, 0x00, 0xff, 0xff, 0x00, 0xfd, 0xe2,
    0x00, 0x00, 0x00, 0x00, 0x00, 0x00, 0x00, 0x00, 0x00, 0x00, 0x00, 0x00, 0x00, 0x00, 0x00, 0x00,
    0x00, 0x00, 0x00, 0x00, 0x00, 0x00, 0x00, 0x00, 0x00, 0x00, 0x00, 0x00, 0x00, 0x00, 0x00, 0x00,
    0x00, 0x00, 0x00, 0x00, 0x00, 0x00, 0x00, 0x00, 0x00, 0x00, 0x00, 0x00, 0x00, 0x00, 0x00, 0x00,
    0x00, 0x00, 0x00, 0x00, 0x00, 0x00, 0x00, 0x00, 0x00, 0x00, 0x00, 0x00, 0x00, 0x00, 0x00, 0x00,
    0x00, 0x00, 0x00, 0x00, 0x00, 0x00, 0x00, 0x00, 0x00, 0x00, 0x00, 0x00, 0x00, 0x00, 0x00, 0x00,
    0x00, 0x00, 0x00, 0x00, 0x8e, 0xf6, 0x00, 0xff, 0xff, 0x00, 0xff, 0xff, 0x00, 0xff, 0xff, 0x00,
    0xff, 0xff, 0x00, 0xff, 0xff, 0x00, 0xff, 0xff, 0x00, 0xff, 0xff, 0x00, 0xfd, 0xe2, 0x00, 0x00,
    0x00, 0x00, 0x00, 0x00, 0x00, 0x00, 0x00, 0x00, 0x00, 0x00, 0x00, 0x00, 0x00, 0x00, 0x00, 0x00,
    0x00, 0x00, 0x00, 0x00, 0x00, 0x00, 0x00, 0x00, 0x00, 0x00, 0x00, 0x00, 0x00, 0x00, 0x00, 0x00,
    0x00, 0x00, 0x00, 0x00, 0x00, 0x00, 0x00, 0x00, 0x00, 0x00, 0x00, 0x00, 0x00, 0x00, 0x00, 0x00,
    0x00, 0x00, 0x00, 0x00, 0x00, 0x00, 0x00, 0x00, 0x00, 0x00, 0x00, 0x00, 0x00, 0x00, 0x00, 0x00,
    0x00, 0x00, 0x00, 0x00, 0x00, 0x00, 0x00, 0x00, 0x00, 0x00, 0x00, 0x00, 0x00, 0x00, 0x00, 0x00,
    0x00, 0x00, 0x00, 0x00, 0x00, 0x00, 0x00, 0x00, 0x00, 0x00, 0x00, 0x00, 0x00, 0x00, 0x00, 0x00,
    0x00, 0x00, 0x00, 0x00, 0x00, 0x00, 0x00, 0x00, 0x00, 0x00, 0x00, 0x00, 0x00, 0x00, 0x00, 0x00,
    0x00, 0x00, 0x00, 0x00, 0x00, 0x00, 0x00, 0x00, 0x00, 0x00, 0x00, 0x00, 0x00, 0x00, 0x00, 0x00,
    0x00, 0x00, 0x00, 0x00, 0x00, 0x00, 0x00, 0x00, 0x00, 0x00, 0x00, 0x00, 0x00, 0x00, 0x00, 0x00,
    0x00, 0x00, 0x00, 0x00, 0x00, 0x00, 0x00, 0x00, 0x00, 0x00, 0x00, 0x00, 0x00, 0x00, 0x00, 0x00,
    0x00, 0x00, 0x00, 0x00, 0x00, 0x00, 0x00, 0x00, 0x00, 0x00, 0x00, 0x00, 0x00, 0x00, 0x00, 0x00,
    0x00, 0x00, 0x00, 0x00, 0x00, 0x00, 0x00, 0x00, 0x00, 0x00, 0x00, 0x00, 0x00, 0x00, 0x00, 0x00,
    0x8e, 0xf6, 0x00, 0xff, 0xff, 0x00, 0xff, 0xff, 0x00, 0xff, 0xff, 0x00, 0xff, 0xff, 0x00, 0xff,
    0xff, 0x00, 0xff, 0xff, 0x00, 0xff, 0xff, 0x00, 0xfd, 0xe2, 0x00, 0x00, 0x00, 0x00, 0x00, 0x00,
    0x00, 0x00, 0x00, 0x00, 0x00, 0x00, 0x00, 0x00, 0x00, 0x00, 0x00, 0x00, 0x00, 0x00, 0x00, 0x00,
    0x00, 0x00, 0x00, 0x00, 0x00, 0x00, 0x00, 0x00, 0x00, 0x00, 0x00, 0x00, 0x00, 0x00, 0x00, 0x00,
    0x00, 0x00, 0x00, 0x00, 0x00, 0x00, 0x00, 0x00, 0x00, 0x00, 0x00, 0x00, 0x00, 0x00, 0x00, 0x00,
    0x00, 0x00, 0x00, 0x00, 0x00, 0x00, 0x00, 0x00, 0x00, 0x00, 0x00, 0x00, 0x00, 0x00, 0x00, 0x00,
    0x00, 0x00, 0x00, 0x00, 0x00, 0x00, 0x00, 0x00, 0x00, 0x00, 0x00, 0x00, 0x00, 0x00, 0x8e, 0xf6,
    0x00, 0xff, 0xff, 0x00, 0xff, 0xff, 0x00, 0xff, 0xff, 0x00, 0xff, 0xff, 0x00, 0xff, 0xff, 0x00,
    0xff, 0xff, 0x00, 0xff, 0xff, 0x00, 0xfd, 0xe2, 0x00, 0x00, 0x00, 0x00, 0x00, 0x00, 0x00, 0x00,
    0x00, 0x00, 0x00, 0x00, 0x00, 0x00, 0x00, 0x00, 0x00, 0x00, 0x00, 0x00, 0x00, 0x00, 0x00, 0x00,
    0x00, 0x00, 0x00, 0x00, 0x00, 0x00, 0x00, 0x00, 0x00, 0x00, 0x00, 0x00, 0x00, 0x00, 0x00, 0x00,
    0x00, 0x00, 0x00, 0x00, 0x00, 0x00, 0x00, 0x00, 0x00, 0x00, 0x00, 0x00, 0x00, 0x00, 0x00, 0x00,
    0x00, 0x00, 0x00, 0x00, 0x00, 0x00, 0x00, 0x00, 0x00, 0x00, 0x00, 0x00, 0x00, 0x00, 0x00, 0x00,
    0x00, 0x00, 0x00, 0x00, 0x00, 0x00, 0x00, 0x00, 0x00, 0x00, 0x00, 0x00, 0x00, 0x00, 0x00, 0x00,
    0x00, 0x00, 0x00, 0x00, 0x00, 0x00, 0x00, 0x00, 0x00, 0x00, 0x00, 0x00, 0x00, 0x00, 0x00, 0x00,
    0x00, 0x00, 0x00, 0x00, 0x00, 0x00, 0x00, 0x00, 0x00, 0x00, 0x00, 0x00, 0x00, 0x00, 0x00, 0x00,
    0x00, 0x00, 0x00, 0x00, 0x00, 0x00, 0x00, 0x00, 0x00, 0x00, 0x00, 0x00, 0x00, 0x00, 0x00, 0x00,
    0x00, 0x00, 0x00, 0x00, 0x00, 0x00, 0x00, 0x00, 0x00, 0x00, 0x00, 0x00, 0x00, 0x00, 0x00, 0x00,
    0x00, 0x00, 0x00, 0x00, 0x00, 0x00, 0x00, 0x00, 0x00, 0x00, 0x00, 0x00, 0x00, 0x00, 0x00, 0x00,
    0x00, 0x00, 0x00, 0x00, 0x00, 0x00, 0x00, 0x00, 0x00, 0x00, 0x00, 0x00, 0x00, 0x00, 0x00, 0x00,
    0x00, 0x00, 0x00, 0x00, 0x00, 0x00, 0x00, 0x00, 0x00, 0x00, 0x8e, 0xf6, 0x00, 0xff, 0xff, 0x00,
    0xff, 0xff, 0x00, 0xff, 0xff, 0x00, 0xff, 0xff, 0x00, 0xff, 0xff, 0x00, 0xff, 0xff, 0x00, 0xff,
    0xff, 0x00, 0xfd, 0xe2, 0x00, 0x00, 0x00, 0x00, 0x00, 0x00, 0x00, 0x00, 0x00, 0x00, 0x00, 0x00,
    0x00, 0x00, 0x00, 0x00, 0x00, 0x00, 0x00, 0x00, 0x00, 0x00, 0x00, 0x00, 0x00, 0x00, 0x00, 0x00,
    0x00, 0x00, 0x00, 0x00, 0x00, 0x00, 0x00, 0x00, 0x00, 0x00, 0x00, 0x00, 0x00, 0x00, 0x00, 0x00,
    0x00, 0x00, 0x00, 0x00, 0x00, 0x00, 0x00, 0x00, 0x00, 0x00, 0x00, 0x00, 0x00, 0x00, 0x00, 0x00,
    0x00, 0x00, 0x00, 0x00, 0x00, 0x00, 0x00, 0x00, 0x00, 0x00, 0x00, 0x00, 0x00, 0x00, 0x00, 0x00,
    0x00, 0x00, 0x00, 0x00, 0x00, 0x00, 0x00, 0x00, 0x8e, 0xf6, 0x00, 0xff, 0xff, 0x00, 0xff, 0xff,
    0x00, 0xff, 0xff, 0x00, 0xff, 0xff, 0x00, 0xff, 0xff, 0x00, 0xff, 0xff, 0x00, 0xff, 0xff, 0x00,
    0xfd, 0xe2, 0x00, 0x00, 0x00, 0x00, 0x00, 0x00, 0x00, 0x00, 0x00, 0x00, 0x00, 0x00, 0x00, 0x00,
    0x00, 0x00, 0x00, 0x00, 0x00, 0x00, 0x00, 0x00, 0x00, 0x00, 0x00, 0x00, 0x00, 0x00, 0x00, 0x00,
    0x00, 0x00, 0x00, 0x00, 0x00, 0x00, 0x00, 0x00, 0x00, 0x00, 0x00, 0x00, 0x00, 0x00, 0x00, 0x00,
    0x00, 0x00, 0x00, 0x00, 0x00, 0x00, 0x00, 0x00, 0x00, 0x00, 0x00, 0x00, 0x00, 0x00, 0x00, 0x00,
    0x00, 0x00, 0x00, 0x00, 0x00, 0x00, 0x00, 0x00, 0x00, 0x00, 0x00, 0x00, 0x00, 0x00, 0x00, 0x00,
    0x00, 0x00, 0x00, 0x00, 0x00, 0x00, 0x00, 0x00, 0x00, 0x00, 0x00, 0x00, 0x00, 0x00, 0x00, 0x00,
    0x00, 0x00, 0x00, 0x00, 0x00, 0x00, 0x00, 0x00, 0x00, 0x00, 0x00, 0x00, 0x00, 0x00, 0x00, 0x00,
    0x00, 0x00, 0x00, 0x00, 0x00, 0x00, 0x00, 0x00, 0x00, 0x00, 0x00, 0x00, 0x00, 0x00, 0x00, 0x00,
    0x00, 0x00, 0x00, 0x00, 0x00, 0x00, 0x00, 0x00, 0x00, 0x00, 0x00, 0x00, 0x00, 0x00, 0x00, 0x00,
    0x00, 0x00, 0x00, 0x00, 0x00, 0x00, 0x00, 0x00, 0x00, 0x00, 0x00, 0x00, 0x00, 0x00, 0x00, 0x00,
    0x00, 0x00, 0x00, 0x00, 0x00, 0x00, 0x00, 0x00, 0x00, 0x00, 0x00, 0x00, 0x00, 0x00, 0x00, 0x00,
    0x00, 0x00, 0x00, 0x00, 0x00, 0x00, 0x00, 0x00, 0x00, 0x00, 0x00, 0x00, 0x00, 0x00, 0x00, 0x00,
    0x00, 0x00, 0x00, 0x00, 0x8e, 0xf6, 0x00, 0xff, 0xff, 0x00, 0xff, 0xff, 0x00, 0xff, 0xff, 0x00,
    0xff, 0xff, 0x00, 0xff, 0xff, 0x00, 0xff, 0xff, 0x00, 0xff, 0xff, 0x00, 0xfd, 0xe2, 0x00, 0x00,
    0x00, 0x00, 0x00, 0x00, 0x00, 0x00, 0x00, 0x00, 0x00, 0x00, 0x00, 0x00, 0x00, 0x00, 0x00, 0x00,
    0x00, 0x00, 0x00, 0x00, 0x00, 0x00, 0x00, 0x00, 0x00, 0x00, 0x00, 0x00, 0x00, 0x00, 0x00, 0x00,
    0x00, 0x00, 0x00, 0x00, 0x00, 0x00, 0x00, 0x00, 0x00, 0x00, 0x00, 0x00, 0x00, 0x00, 0x00, 0x00,
    0x00, 0x00, 0x00, 0x00, 0x00, 0x00, 0x00, 0x00, 0x00, 0x00, 0x00, 0x00, 0x00, 0x00, 0x00, 0x00,
    0x00, 0x00, 0x00, 0x00, 0x00, 0x00, 0x00, 0x00, 0x00, 0x00, 0x00, 0x00, 0x00, 0x00, 0x00, 0x00,
    0x00, 0x00, 0x8e, 0xf6, 0x00, 0xff, 0xff, 0x00, 0xff, 0xff, 0x00, 0xff, 0xff, 0x00, 0xff, 0xff,
    0x00, 0xff, 0xff, 0x00, 0xff, 0xff, 0x00, 0xff, 0xff, 0x00, 0xfd, 0xe2, 0x00, 0x00, 0x00, 0x00,
    0x00, 0x00, 0x00, 0x00, 0x00, 0x00, 0x00, 0x00, 0x00, 0x00, 0x00, 0x00, 0x00, 0x00, 0x00, 0x00,
    0x00, 0x00, 0x00, 0x00, 0x00, 0x00, 0x00, 0x00, 0x00, 0x00, 0x00, 0x00, 0x00, 0x00, 0x00, 0x00,
    0x00, 0x00, 0x00, 0x00, 0x00, 0x00, 0x00, 0x00, 0x00, 0x00, 0x00, 0x00, 0x00, 0x00, 0x00, 0x00,
    0x00, 0x00, 0x00, 0x00, 0x00, 0x00, 0x00, 0x00, 0x00, 0x00, 0x00, 0x00, 0x00, 0x00, 0x00, 0x00,
    0x00, 0x00, 0x00, 0x00, 0x00, 0x00, 0x00, 0x00, 0x00, 0x00, 0x00, 0x00, 0x00, 0x00, 0x00, 0x00,
    0x00, 0x00, 0x00, 0x00, 0x00, 0x00, 0x00, 0x00, 0x00, 0x00, 0x00, 0x00, 0x00, 0x00, 0x00, 0x00,
    0x00, 0x00, 0x00, 0x00, 0x00, 0x00, 0x00, 0x00, 0x00, 0x00, 0x00, 0x00, 0x00, 0x00, 0x00, 0x00,
    0x00, 0x00, 0x00, 0x00, 0x00, 0x00, 0x00, 0x00, 0x00, 0x00, 0x00, 0x00, 0x00, 0x00, 0x00, 0x00,
    0x00, 0x00, 0x00, 0x00, 0x00, 0x00, 0x00, 0x00, 0x00, 0x00, 0x00, 0x00, 0x00, 0x00, 0x00, 0x00,
    0x00, 0x00, 0x00, 0x00, 0x00, 0x00, 0x00, 0x00, 0x00, 0x00, 0x00, 0x00, 0x00, 0x00, 0x00, 0x00,
    0x00, 0x00, 0x00, 0x00, 0x00, 0x00, 0x00, 0x00, 0x00, 0x00, 0x00, 0x00, 0x00, 0x00, 0x00, 0x00,
    0x00, 0x00, 0x00, 0x00, 0x00, 0x00, 0x00, 0x00, 0x00, 0x00, 0x00, 0x00, 0x00, 0x00, 0x8e, 0xf6,
    0x00, 0xff, 0xff, 0x00, 0xff, 0xff, 0x00, 0xff, 0xff, 0x00, 0xff, 0xff, 0x00, 0xff, 0xff, 0x00,
    0xff, 0xff, 0x00, 0xff, 0xff, 0x00, 0xfd, 0xe2, 0x00, 0x00, 0x00, 0x00, 0x00, 0x00, 0x00, 0x00,
    0x00, 0x00, 0x00, 0x00, 0x00, 0x00, 0x00, 0x00, 0x00, 0x00, 0x00, 0x00, 0x00, 0x00, 0x00, 0x00,
    0x00, 0x00, 0x00, 0x00, 0x00, 0x00, 0x00, 0x00, 0x00, 0x00, 0x00, 0x00, 0x00, 0x00, 0x00, 0x00,
    0x00, 0x00, 0x00, 0x00, 0x00, 0x00, 0x00, 0x00, 0x00, 0x00, 0x00, 0x00, 0x00, 0x00, 0x00, 0x00,
    0x00, 0x00, 0x00, 0x00, 0x00, 0x00, 0x00, 0x00, 0x00, 0x00, 0x00, 0x00, 0x00, 0x00, 0x00, 0x00,
    0x00, 0x00, 0x00, 0x00, 0x00, 0x00, 0x00, 0x00, 0x00, 0x00, 0x00, 0x00, 0x8e, 0xf6, 0x00, 0xff,
    0xff, 0x00, 0xff, 0xff, 0x00, 0xff, 0xff, 0x00, 0xff, 0xff, 0x00, 0xff, 0xff, 0x00, 0xff, 0xff,
    0x00, 0xff, 0xff, 0x00, 0xfd, 0xe2, 0x00, 0x00, 0x00, 0x00, 0x00, 0x00, 0x00, 0x00, 0x00, 0x00,
    0x00, 0x00, 0x00, 0x00, 0x00, 0x00, 0x00, 0x00, 0x00, 0x00, 0x00, 0x00, 0x00, 0x00, 0x00, 0x00,
    0x00, 0x00, 0x00, 0x00, 0x00, 0x00, 0x00, 0x00, 0x00, 0x00, 0x00, 0x00, 0x00, 0x00, 0x00, 0x00,
    0x00, 0x00, 0x00, 0x00, 0x00, 0x00, 0x00, 0x00, 0x00, 0x00, 0x00, 0x00, 0x00, 0x00, 0x00, 0x00,
    0x00, 0x00, 0x00, 0x00, 0x00, 0x00, 0x00, 0x00, 0x00, 0x00, 0x00, 0x00, 0x00, 0x00, 0x00, 0x00,
    0x00, 0x00, 0x00, 0x00, 0x00, 0x00, 0x00, 0x00, 0x00, 0x00, 0x00, 0x00, 0x00, 0x00, 0x00, 0x00,
    0x00, 0x00, 0x00, 0x00, 0x00, 0x00, 0x00, 0x00, 0x00, 0x00, 0x00, 0x00, 0x00, 0x00, 0x00, 0x00,
    0x00, 0x00, 0x00, 0x00, 0x00, 0x00, 0x00, 0x00, 0x00, 0x00, 0x00, 0x00, 0x00, 0x00, 0x00, 0x00,
    0x00, 0x00, 0x00, 0x00, 0x00, 0x00, 0x00, 0x00, 0x00, 0x00, 0x00, 0x00, 0x00, 0x00, 0x00, 0x00,
    0x00, 0x00, 0x00, 0x00, 0x00, 0x00, 0x00, 0x00, 0x00, 0x00, 0x00, 0x00, 0x00, 0x00, 0x00, 0x00,
    0x00, 0x00, 0x00, 0x00, 0x00, 0x00, 0x00, 0x00, 0x00, 0x00, 0x00, 0x00, 0x00, 0x00, 0x00, 0x00,
    0x00, 0x00, 0x00, 0x00, 0x00, 0x00, 0x00, 0x00, 0x00, 0x00, 0x00, 0x00, 0x00, 0x00, 0x00, 0x00,
    0x00, 0x00, 0x00, 0x00, 0x00, 0x00, 0x00, 0x00, 0x8e, 0xf6, 0x00, 0xff, 0xff, 0x00, 0xff, 0xff,
    0x00, 0xff, 0xff, 0x00, 0xff, 0xff, 0x00, 0xff, 0xff, 0x00, 0xff, 0xff, 0x00, 0xff, 0xff, 0x00,
    0xfd, 0xe2, 0x00, 0x00, 0x00, 0x00, 0x00, 0x00, 0x00, 0x00, 0x00, 0x00, 0x00, 0x00, 0x00, 0x00,
    0x00, 0x00, 0x00, 0x00, 0x00, 0x00, 0x00, 0x00, 0x00, 0x00, 0x00, 0x00, 0x00, 0x00, 0x00, 0x00,
    0x00, 0x00, 0x00, 0x00, 0x00, 0x00, 0x00, 0x00, 0x00, 0x00, 0x00, 0x00, 0x00, 0x00, 0x00, 0x00,
    0x00, 0x00, 0x00, 0x00, 0x00, 0x00, 0x00, 0x00, 0x00, 0x00, 0x00, 0x00, 0x00, 0x00, 0x00, 0x00,
    0x00, 0x00, 0x00, 0x00, 0x00, 0x00, 0x00, 0x00, 0x00, 0x00, 0x00, 0x00, 0x00, 0x00, 0x00, 0x00,
    0x00, 0x00, 0x00, 0x00, 0x00, 0x00, 0x8e, 0xf6, 0x00, 0xff, 0xff, 0x00, 0xff, 0xff, 0x00, 0xff,
    0xff, 0x00, 0xff, 0xff, 0x00, 0xff, 0xff, 0x00, 0xff, 0xff, 0x00, 0xff, 0xff, 0x00, 0xfd, 0xe2,
    0x00, 0x00, 0x00, 0x00, 0x00, 0x00, 0x00, 0x00, 0x00, 0x00, 0x00, 0x00, 0x00, 0x00, 0x00, 0x00,
    0x00, 0x00, 0x00, 0x00, 0x00, 0x00, 0x00, 0x00, 0x00, 0x00, 0x00, 0x00, 0x00, 0x00, 0x00, 0x00,
    0x00, 0x00, 0x00, 0x00, 0x00, 0x00, 0x00, 0x00, 0x00, 0x00, 0x00, 0x00, 0x00, 0x00, 0x00, 0x00,
    0x00, 0x00, 0x00, 0x00, 0x00, 0x00, 0x00, 0x00, 0x00, 0x00, 0x00, 0x00, 0x00, 0x00, 0x00, 0x00,
    0x00, 0x00, 0x00, 0x00, 0x00, 0x00, 0x00, 0x00, 0x00, 0x00, 0x00, 0x00, 0x00, 0x00, 0x00, 0x00,
    0x00, 0x00, 0x00, 0x00, 0x00, 0x00, 0x00, 0x00, 0x00, 0x00, 0x00, 0x00, 0x00, 0x00, 0x00, 0x00,
    0x00, 0x00, 0x00, 0x00, 0x00, 0x00, 0x00, 0x00, 0x00, 0x00, 0x00, 0x00, 0x00, 0x00, 0x00, 0x00,
    0x00, 0x00, 0x00, 0x00, 0x00, 0x00, 0x00, 0x00, 0x00, 0x00, 0x00, 0x00, 0x00, 0x00, 0x00, 0x00,
    0x00, 0x00, 0x00, 0x00, 0x00, 0x00, 0x00, 0x00, 0x00, 0x00, 0x00, 0x00, 0x00, 0x00, 0x00, 0x00,
    0x00, 0x00, 0x00, 0x00, 0x00, 0x00, 0x00, 0x00, 0x00, 0x00, 0x00, 0x00, 0x00, 0x00, 0x00, 0x00,
    0x00, 0x00, 0x00, 0x00, 0x00, 0x00, 0x00, 0x00, 0x00, 0x00, 0x00, 0x00, 0x00, 0x00, 0x00, 0x00,
    0x00, 0x00, 0x00, 0x00, 0x00, 0x00, 0x00, 0x00, 0x00, 0x00, 0x00, 0x00, 0x00, 0x00, 0x00, 0x00,
    0x00, 0x00, 0x8e, 0xf6, 0x00, 0xff, 0xff, 0x00, 0xff, 0xff, 0x00, 0xff, 0xff, 0x00, 0xff, 0xff,
    0x00, 0xff, 0xff, 0x00, 0xff, 0xff, 0x00, 0xff, 0xff, 0x00, 0xfd, 0xe2, 0x00, 0x00, 0x00, 0x00,
    0x00, 0x00, 0x00, 0x00, 0x00, 0x00, 0x00, 0x00, 0x00, 0x00, 0x00, 0x00, 0x00, 0x00, 0x00, 0x00,
    0x00, 0x00, 0x00, 0x00, 0x00, 0x00, 0x00, 0x00, 0x00, 0x00, 0x00, 0x00, 0x00, 0x00, 0x00, 0x00,
    0x00, 0x00, 0x00, 0x00, 0x00, 0x00, 0x00, 0x00, 0x00, 0x00, 0x00, 0x00, 0x00, 0x00, 0x00, 0x00,
    0x00, 0x00, 0x00, 0x00, 0x00, 0x00, 0x00, 0x00, 0x00, 0x00, 0x00, 0x00, 0x00, 0x00, 0x00, 0x00,
    0x00, 0x00, 0x00, 0x00, 0x00, 0x00, 0x00, 0x00, 0x00, 0x00, 0x00, 0x00, 0x00, 0x00, 0x00, 0x00,
    0x8e, 0xf6, 0x00, 0xff, 0xff, 0x00, 0xff, 0xff, 0x00, 0xff, 0xff, 0x00, 0xff, 0xff, 0x00, 0xff,
    0xff, 0x00, 0xff, 0xff, 0x00, 0xff, 0xff, 0x00, 0xfd, 0xe2, 0x00, 0x00, 0x00, 0x00, 0x00, 0x00,
    0x00, 0x00, 0x00, 0x00, 0x00, 0x00, 0x00, 0x00, 0x00, 0x00, 0x00, 0x00, 0x00, 0x00, 0x00, 0x00,
    0x00, 0x00, 0x00, 0x00, 0x00, 0x00, 0x00, 0x00, 0x00, 0x00, 0x00, 0x00, 0x00, 0x00, 0x00, 0x00,
    0x00, 0x00, 0x00, 0x00, 0x00, 0x00, 0x00, 0x00, 0x00, 0x00, 0x00, 0x00, 0x00, 0x00, 0x00, 0x00,
    0x00, 0x00, 0x00, 0x00, 0x00, 0x00, 0x00, 0x00, 0x00, 0x00, 0x00, 0x00, 0x00, 0x00, 0x00, 0x00,
    0x00, 0x00, 0x00, 0x00, 0x00, 0x00, 0x00, 0x00, 0x00, 0x00, 0x00, 0x00, 0x00, 0x00, 0x00, 0x00,
    0x00, 0x00, 0x00, 0x00, 0x00, 0x00, 0x00, 0x00, 0x00, 0x00, 0x00, 0x00, 0x00, 0x00, 0x00, 0x00,
    0x00, 0x00, 0x00, 0x00, 0x00, 0x00, 0x00, 0x00, 0x00, 0x00, 0x00, 0x00, 0x00, 0x00, 0x00, 0x00,
    0x00, 0x00, 0x00, 0x00, 0x00, 0x00, 0x00, 0x00, 0x00, 0x00, 0x00, 0x00, 0x00, 0x00, 0x00, 0x00,
    0x00, 0x00, 0x00, 0x00, 0x00, 0x00, 0x00, 0x00, 0x00, 0x00, 0x00, 0x00, 0x00, 0x00, 0x00, 0x00,
    0x00, 0x00, 0x00, 0x00, 0x00, 0x00, 0x00, 0x00, 0x00, 0x00, 0x00, 0x00, 0x00, 0x00, 0x00, 0x00,
    0x00, 0x00, 0x00, 0x00, 0x00, 0x00, 0x00, 0x00, 0x00, 0x00, 0x00, 0x00, 0x00, 0x00, 0x00, 0x00,
    0x00, 0x00, 0x00, 0x00, 0x00, 0x00, 0x00, 0x00, 0x00, 0x00, 0x00, 0x00, 0x8e, 0xf6, 0x00, 0xff,
    0xff, 0x00, 0xff, 0xff, 0x00, 0xff, 0xff, 0x00, 0xff, 0xff, 0x00, 0xff, 0xff, 0x00, 0xff, 0xff,
    0x00, 0xff, 0xff, 0x00, 0xfd, 0xe2, 0x00, 0x00, 0x00, 0x00, 0x00, 0x00, 0x00, 0x00, 0x00, 0x00,
    0x00, 0x00, 0x00, 0x00, 0x00, 0x00, 0x00, 0x00, 0x00, 0x00, 0x00, 0x00, 0x00, 0x00, 0x00, 0x00,
    0x00, 0x00, 0x00, 0x00, 0x00, 0x00, 0x00, 0x00, 0x00, 0x00, 0x00, 0x00, 0x00, 0x00, 0x00, 0x00,
    0x00, 0x00, 0x00, 0x00, 0x00, 0x00, 0x00, 0x00, 0x00, 0x00, 0x00, 0x00, 0x00, 0x00, 0x00, 0x00,
    0x00, 0x00, 0x00, 0x00, 0x00, 0x00, 0x00, 0x00, 0x00, 0x00, 0x00, 0x00, 0x00, 0x00, 0x00, 0x00,
    0x00, 0x00, 0x00, 0x00, 0x00, 0x00, 0x00, 0x00, 0x00, 0x00, 0x8e, 0xf6, 0x00, 0xff, 0xff, 0x00,
    0xff, 0xff, 0x00, 0xff, 0xff, 0x00, 0xff, 0xff, 0x00, 0xff, 0xff, 0x00, 0xff, 0xff, 0x00, 0xff,
    0xff, 0x00, 0xfd, 0xe2, 0x00, 0x00, 0x00, 0x00, 0x00, 0x00, 0x00, 0x00, 0x00, 0x00, 0x00, 0x00,
    0x00, 0x00, 0x00, 0x00, 0x00, 0x00, 0x00, 0x00, 0x00, 0x00, 0x00, 0x00, 0x00, 0x00, 0x00, 0x00,
    0x00, 0x00, 0x00, 0x00, 0x00, 0x00, 0x00, 0x00, 0x00, 0x00, 0x00, 0x00, 0x00, 0x00, 0x00, 0x00,
    0x00, 0x00, 0x00, 0x00, 0x00, 0x00, 0x00, 0x00, 0x00, 0x00, 0x00, 0x00, 0x00, 0x00, 0x00, 0x00,
    0x00, 0x00, 0x00, 0x00, 0x00, 0x00, 0x00, 0x00, 0x00, 0x00, 0x00, 0x00, 0x00, 0x00, 0x00, 0x00,
    0x00, 0x00, 0x00, 0x00, 0x00, 0x00, 0x00, 0x00, 0x00, 0x00, 0x00, 0x00, 0x00, 0x00, 0x00, 0x00,
    0x00, 0x00, 0x00, 0x00, 0x00, 0x00, 0x00, 0x00, 0x00, 0x00, 0x00, 0x00, 0x00, 0x00, 0x00, 0x00,
    0x00, 0x00, 0x00, 0x00, 0x00, 0x00, 0x00, 0x00, 0x00, 0x00, 0x00, 0x00, 0x00, 0x00, 0x00, 0x00,
    0x00, 0x00, 0x00, 0x00, 0x00, 0x00, 0x00, 0x00, 0x00, 0x00, 0x00, 0x00, 0x00, 0x00, 0x00, 0x00,
    0x00, 0x00, 0x00, 0x00, 0x00, 0x00, 0x00, 0x00, 0x00, 0x00, 0x00, 0x00, 0x3c, 0xc0, 0x00, 0xf4,
    0xf4, 0x00, 0xf4, 0xf4, 0x00, 0xf4, 0xf4, 0x00, 0xf4, 0xf4, 0x00, 0xf4, 0xf4, 0x00, 0xf4, 0xf4,
    0x00, 0xf4, 0xf4, 0x00, 0xf4, 0xf4, 0x00, 0xf4, 0xf4, 0x00, 0xf4, 0xf4, 0x00, 0xf4, 0xf4, 0x00,
    0xf4, 0xf4, 0x00, 0xf4, 0xf4, 0x00, 0xfa, 0xff, 0x00, 0xff, 0xff, 0x00, 0xff, 0xff, 0x00, 0xff,
    0xff, 0x00, 0xff, 0xff, 0x00, 0xff, 0xff, 0x00, 0xff, 0xff, 0x00, 0xff, 0xff, 0x00, 0xff, 0xfe,
    0x00, 0xf4, 0xf4, 0x00, 0xf4, 0xf4, 0x00, 0xf4, 0xf4, 0x00, 0xf4, 0xf4, 0x00, 0xf4, 0xf4, 0x00,
    0xf4, 0xf4, 0x00, 0xf4, 0xf4, 0x00, 0xf4, 0xf4, 0x00, 0xf4, 0xf4, 0x00, 0xf4, 0xf4, 0x00, 0xf4,
    0xf4, 0x00, 0xf4, 0xf4, 0x00, 0xf4, 0xf4, 0x00, 0xec, 0xba, 0x3f, 0xc9, 0x00, 0xff, 0xff, 0x00,
    0xff, 0xff, 0x00, 0xff, 0xff, 0x00, 0xff, 0xff, 0x00, 0xff, 0xff, 0x00, 0xff, 0xff, 0x00, 0xff,
    0xff, 0x00, 0xff, 0xff, 0x00, 0xff, 0xff, 0x00, 0xff, 0xff, 0x00, 0xff, 0xff, 0x00, 0xff, 0xff,
    0x00, 0xff, 0xff, 0x00, 0xff, 0xff, 0x00, 0xff, 0xff, 0x00, 0xff, 0xff, 0x00, 0xff, 0xff, 0x00,
    0xff, 0xff, 0x00, 0xff, 0xff, 0x00, 0xff, 0xff, 0x00, 0xff, 0xff, 0x00, 0xff, 0xff, 0x00, 0xff,
    0xff, 0x00, 0xff, 0xff, 0x00, 0xff, 0xff, 0x00, 0xff, 0xff, 0x00, 0xff, 0xff, 0x00, 0xff, 0xff,
    0x00, 0xff, 0xff, 0x00, 0xff, 0xff, 0x00, 0xff, 0xff, 0x00, 0xff, 0xff, 0x00, 0xff, 0xff, 0x00,
    0xff, 0xff, 0x00, 0xff, 0xff, 0x00, 0xf7, 0xc3, 0x00, 0x00, 0x00, 0x00, 0x00, 0x00, 0x00, 0x00,
    0x00, 0x00, 0x00, 0x00, 0x00, 0x00, 0x00, 0x00, 0x00, 0x00, 0x00, 0x00, 0x00, 0x00, 0x00, 0x00,
    0x00, 0x00, 0x00, 0x00, 0x00, 0x00, 0x00, 0x00, 0x00, 0x00, 0x00, 0x00, 0x00, 0x00, 0x00, 0x00,
    0x00, 0x00, 0x00, 0x00, 0x00, 0x00, 0x00, 0x00, 0x00, 0x00, 0x00, 0x00, 0x00, 0x00, 0x00, 0x00,
    0x00, 0x00, 0x00, 0x00, 0x00, 0x00, 0x00, 0x00, 0x00, 0x00, 0x00, 0x00, 0x00, 0x00, 0x00, 0x00,
    0x00, 0x00, 0x00, 0x00, 0x00, 0x00, 0x00, 0x00, 0x00, 0x00, 0x00, 0x00, 0x00, 0x00, 0x00, 0x00,
    0x00, 0x00, 0x00, 0x00, 0x00, 0x00, 0x00, 0x00, 0x00, 0x00, 0x00, 0x00, 0x00, 0x00, 0x00, 0x00,
    0x00, 0x00, 0x00, 0x00, 0x00, 0x00, 0x3f, 0xc9, 0x00, 0xff, 0xff, 0x00, 0xff, 0xff, 0x00, 0xff,
    0xff, 0x00, 0xff, 0xff, 0x00, 0xff, 0xff, 0x00, 0xff, 0xff, 0x00, 0xff, 0xff, 0x00, 0xff, 0xff,
    0x00, 0xff, 0xff, 0x00, 0xff, 0xff, 0x00, 0xff, 0xff, 0x00, 0xff, 0xff, 0x00, 0xff, 0xff, 0x00,
    0xff, 0xff, 0x00, 0xff, 0xff, 0x00, 0xff, 0xff, 0x00, 0xff, 0xff, 0x00, 0xff, 0xff, 0x00, 0xff,
    0xff, 0x00, 0xff, 0xff, 0x00, 0xff, 0xff, 0x00, 0xff, 0xff, 0x00, 0xff, 0xff, 0x00, 0xff, 0xff,
    0x00, 0xff, 0xff, 0x00, 0xff, 0xff, 0x00, 0xff, 0xff, 0x00, 0xff, 0xff, 0x00, 0xff, 0xff, 0x00,
    0xff, 0xff, 0x00, 0xff, 0xff, 0x00, 0xff, 0xff, 0x00, 0xff, 0xff, 0x00, 0xff, 0xff, 0x00, 0xff,
    0xff, 0x00, 0xf7, 0xc3, 0x3f, 0xc9, 0x00, 0xff, 0xff, 0x00, 0xff, 0xff, 0x00, 0xff, 0xff, 0x00,
    0xff, 0xff, 0x00, 0xff, 0xff, 0x00, 0xff, 0xff, 0x00, 0xff, 0xff, 0x00, 0xff, 0xff, 0x00, 0xff,
    0xff, 0x00, 0xff, 0xff, 0x00, 0xff, 0xff, 0x00, 0xff, 0xff, 0x00, 0xff, 0xff, 0x00, 0xff, 0xff,
    0x00, 0xff, 0xff, 0x00, 0xff, 0xff, 0x00, 0xff, 0xff, 0x00, 0xff, 0xff, 0x00, 0xff, 0xff, 0x00,
    0xff, 0xff, 0x00, 0xff, 0xff, 0x00, 0xff, 0xff, 0x00, 0xff, 0xff, 0x00, 0xff, 0xff, 0x00, 0xff,
    0xff, 0x00, 0xff, 0xff, 0x00, 0xff, 0xff, 0x00, 0xff, 0xff, 0x00, 0xff, 0xff, 0x00, 0xff, 0xff,
    0x00, 0xff, 0xff, 0x00, 0xff, 0xff, 0x00, 0xff, 0xff, 0x00, 0xff, 0xff, 0x00, 0xff, 0xff, 0x00,
    0xf7, 0xc3, 0x00, 0x00, 0x00, 0x00, 0x00, 0x00, 0x00, 0x00, 0x00, 0x00, 0x00, 0x00, 0x00, 0x00,
    0x00, 0x00, 0x00, 0x00, 0x00, 0x00, 0x00, 0x00, 0x00, 0x00, 0x00, 0x00, 0x00, 0x00, 0x00, 0x00,
    0x00, 0x00, 0x00, 0x00, 0x00, 0x00, 0x00, 0x00, 0x00, 0x00, 0x00, 0x00, 0x00, 0x00, 0x00, 0x00,
    0x00, 0x00, 0x00, 0x00, 0x00, 0x00, 0x00, 0x00, 0x00, 0x00, 0x00, 0x00, 0x00, 0x00, 0x00, 0x00,
    0x00, 0x00, 0x00, 0x00, 0x00, 0x00, 0x00, 0x00, 0x00, 0x00, 0x00, 0x00, 0x00, 0x00, 0x00, 0x00,
    0x00, 0x00, 0x00, 0x00, 0x00, 0x00, 0x00, 0x00, 0x00, 0x00, 0x00, 0x00, 0x00, 0x00, 0x00, 0x00,
    0x00, 0x00, 0x00, 0x00, 0x00, 0x00, 0x00, 0x00, 0x00, 0x00, 0x00, 0x00, 0x00, 0x00, 0x00, 0x00,
    0x3f, 0xc9, 0x00, 0xff, 0xff, 0x00, 0xff, 0xff, 0x00, 0xff, 0xff, 0x00, 0xff, 0xff, 0x00, 0xff,
    0xff, 0x00, 0xff, 0xff, 0x00, 0xff, 0xff, 0x00, 0xff, 0xff, 0x00, 0xff, 0xff, 0x00, 0xff, 0xff,
    0x00, 0xff, 0xff, 0x00, 0xff, 0xff, 0x00, 0xff, 0xff, 0x00, 0xff, 0xff, 0x00, 0xff, 0xff, 0x00,
    0xff, 0xff, 0x00, 0xff, 0xff, 0x00, 0xff, 0xff, 0x00, 0xff, 0xff, 0x00, 0xff, 0xff, 0x00, 0xff,
    0xff, 0x00, 0xff, 0xff, 0x00, 0xff, 0xff, 0x00, 0xff, 0xff, 0x00, 0xff, 0xff, 0x00, 0xff, 0xff,
    0x00, 0xff, 0xff, 0x00, 0xff, 0xff, 0x00, 0xff, 0xff, 0x00, 0xff, 0xff, 0x00, 0xff, 0xff, 0x00,
    0xff, 0xff, 0x00, 0xff, 0xff, 0x00, 0xff, 0xff, 0x00, 0xff, 0xff, 0x00, 0xf7, 0xc3, 0x3f, 0xc9,
    0x00, 0xff, 0xff, 0x00, 0xff, 0xff, 0x00, 0xff, 0xff, 0x00, 0xff, 0xff, 0x00, 0xff, 0xff, 0x00,
    0xff, 0xff, 0x00, 0xff, 0xff, 0x00, 0xff, 0xff, 0x00, 0xff, 0xff, 0x00, 0xff, 0xff, 0x00, 0xff,
    0xff, 0x00, 0xff, 0xff, 0x00, 0xff, 0xff, 0x00, 0xff, 0xff, 0x00, 0xff, 0xff, 0x00, 0xff, 0xff,
    0x00, 0xff, 0xff, 0x00, 0xff, 0xff, 0x00, 0xff, 0xff, 0x00, 0xff, 0xff, 0x00, 0xff, 0xff, 0x00,
    0xff, 0xff, 0x00, 0xff, 0xff, 0x00, 0xff, 0xff, 0x00, 0xff, 0xff, 0x00, 0xff, 0xff, 0x00, 0xff,
    0xff, 0x00, 0xff, 0xff, 0x00, 0xff, 0xff, 0x00, 0xff, 0xff, 0x00, 0xff, 0xff, 0x00, 0xff, 0xff,
    0x00, 0xff, 0xff, 0x00, 0xff, 0xff, 0x00, 0xff, 0xff, 0x00, 0xf7, 0xc3, 0x00, 0x00, 0x00, 0x00,
    0x00, 0x00, 0x00, 0x00, 0x00, 0x00, 0x00, 0x00, 0x00, 0x00, 0x00, 0x00, 0x00, 0x00, 0x00, 0x00,
    0x00, 0x00, 0x00, 0x00, 0x00, 0x00, 0x00, 0x00, 0x00, 0x00, 0x00, 0x00, 0x00, 0x00, 0x00, 0x00,
    0x00, 0x00, 0x00, 0x00, 0x00, 0x00, 0x00, 0x00, 0x00, 0x00, 0x00, 0x00, 0x00, 0x00, 0x00, 0x00,
    0x00, 0x00, 0x00, 0x00, 0x00, 0x00, 0x00, 0x00, 0x00, 0x00, 0x00, 0x00, 0x00, 0x00, 0x00, 0x00,
    0x00, 0x00, 0x00, 0x00, 0x00, 0x00, 0x00, 0x00, 0x00, 0x00, 0x00, 0x00, 0x00, 0x00, 0x00, 0x00,
    0x00, 0x00, 0x00, 0x00, 0x00, 0x00, 0x00, 0x00, 0x00, 0x00, 0x00, 0x00, 0x00, 0x00, 0x00, 0x00,
    0x00, 0x00, 0x00, 0x00, 0x00, 0x00, 0x00, 0x00, 0x00, 0x00, 0x3f, 0xc9, 0x00, 0xff, 0xff, 0x00,
    0xff, 0xff, 0x00, 0xff, 0xff, 0x00, 0xff, 0xff, 0x00, 0xff, 0xff, 0x00, 0xff, 0xff, 0x00, 0xff,
    0xff, 0x00, 0xff, 0xff, 0x00, 0xff, 0xff, 0x00, 0xff, 0xff, 0x00, 0xff, 0xff, 0x00, 0xff, 0xff,
    0x00, 0xff, 0xff, 0x00, 0xff, 0xff, 0x00, 0xff, 0xff, 0x00, 0xff, 0xff, 0x00, 0xff, 0xff, 0x00,
    0xff, 0xff, 0x00, 0xff, 0xff, 0x00, 0xff, 0xff, 0x00, 0xff, 0xff, 0x00, 0xff, 0xff, 0x00, 0xff,
    0xff, 0x00, 0xff, 0xff, 0x00, 0xff, 0xff, 0x00, 0xff, 0xff, 0x00, 0xff, 0xff, 0x00, 0xff, 0xff,
    0x00, 0xff, 0xff, 0x00, 0xff, 0xff, 0x00, 0xff, 0xff, 0x00, 0xff, 0xff, 0x00, 0xff, 0xff, 0x00,
    0xff, 0xff, 0x00, 0xff, 0xff, 0x00, 0xf7, 0xc3, 0x3f, 0xc9, 0x00, 0xff, 0xff, 0x00, 0xff, 0xff,
    0x00, 0xff, 0xff, 0x00, 0xff, 0xff, 0x00, 0xff, 0xff, 0x00, 0xff, 0xff, 0x00, 0xff, 0xff, 0x00,
    0xff, 0xff, 0x00, 0xff, 0xff, 0x00, 0xff, 0xff, 0x00, 0xff, 0xff, 0x00, 0xff, 0xff, 0x00, 0xff,
    0xff, 0x00, 0xff, 0xff, 0x00, 0xff, 0xff, 0x00, 0xff, 0xff, 0x00, 0xff, 0xff, 0x00, 0xff, 0xff,
    0x00, 0xff, 0xff, 0x00, 0xff, 0xff, 0x00, 0xff, 0xff, 0x00, 0xff, 0xff, 0x00, 0xff, 0xff, 0x00,
    0xff, 0xff, 0x00, 0xff, 0xff, 0x00, 0xff, 0xff, 0x00, 0xff, 0xff, 0x00, 0xff, 0xff, 0x00, 0xff,
    0xff, 0x00, 0xff, 0xff, 0x00, 0xff, 0xff, 0x00, 0xff, 0xff, 0x00, 0xff, 0xff, 0x00, 0xff, 0xff,
    0x00, 0xff, 0xff, 0x00, 0xf7, 0xc3, 0x00, 0x00, 0x00, 0x00, 0x00, 0x00, 0x00, 0x00, 0x00, 0x00,
    0x00, 0x00, 0x00, 0x00, 0x00, 0x00, 0x00, 0x00, 0x00, 0x00, 0x00, 0x00, 0x00, 0x00, 0x00, 0x00,
    0x00, 0x00, 0x00, 0x00, 0x00, 0x00, 0x00, 0x00, 0x00, 0x00, 0x00, 0x00, 0x00, 0x00, 0x00, 0x00,
    0x00, 0x00, 0x00, 0x00, 0x00, 0x00, 0x00, 0x00, 0x00, 0x00, 0x00, 0x00, 0x00, 0x00, 0x00, 0x00,
    0x00, 0x00, 0x00, 0x00, 0x00, 0x00, 0x00, 0x00, 0x00, 0x00, 0x00, 0x00, 0x00, 0x00, 0x00, 0x00,
    0x00, 0x00, 0x00, 0x00, 0x00, 0x00, 0x00, 0x00, 0x00, 0x00, 0x00, 0x00, 0x00, 0x00, 0x00, 0x00,
    0x00, 0x00, 0x00, 0x00, 0x00, 0x00, 0x00, 0x00, 0x00, 0x00, 0x00, 0x00, 0x00, 0x00, 0x00, 0x00,
    0x00, 0x00, 0x00, 0x00, 0x3f, 0xc9, 0x00, 0xff, 0xff, 0x00, 0xff, 0xff, 0x00, 0xff, 0xff, 0x00,
    0xff, 0xff, 0x00, 0xff, 0xff, 0x00, 0xff, 0xff, 0x00, 0xff, 0xff, 0x00, 0xff, 0xff, 0x00, 0xff,
    0xff, 0x00, 0xff, 0xff, 0x00, 0xff, 0xff, 0x00, 0xff, 0xff, 0x00, 0xff, 0xff, 0x00, 0xff, 0xff,
    0x00, 0xff, 0xff, 0x00, 0xff, 0xff, 0x00, 0xff, 0xff, 0x00, 0xff, 0xff, 0x00, 0xff, 0xff, 0x00,
    0xff, 0xff, 0x00, 0xff, 0xff, 0x00, 0xff, 0xff, 0x00, 0xff, 0xff, 0x00, 0xff, 0xff, 0x00, 0xff,
    0xff, 0x00, 0xff, 0xff, 0x00, 0xff, 0xff, 0x00, 0xff, 0xff, 0x00, 0xff, 0xff, 0x00, 0xff, 0xff,
    0x00, 0xff, 0xff, 0x00, 0xff, 0xff, 0x00, 0xff, 0xff, 0x00, 0xff, 0xff, 0x00, 0xff, 0xff, 0x00,
    0xf7, 0xc3, 0x3f, 0xc9, 0x00, 0xff, 0xff, 0x00, 0xff, 0xff, 0x00, 0xff, 0xff, 0x00, 0xff, 0xff,
    0x00, 0xff, 0xff, 0x00, 0xff, 0xff, 0x00, 0xff, 0xff, 0x00, 0xff, 0xff, 0x00, 0xff, 0xff, 0x00,
    0xff, 0xff, 0x00, 0xff, 0xff, 0x00, 0xff, 0xff, 0x00, 0xff, 0xff, 0x00, 0xff, 0xff, 0x00, 0xff,
    0xff, 0x00, 0xff, 0xff, 0x00, 0xff, 0xff, 0x00, 0xff, 0xff, 0x00, 0xff, 0xff, 0x00, 0xff, 0xff,
    0x00, 0xff, 0xff, 0x00, 0xff, 0xff, 0x00, 0xff, 0xff, 0x00, 0xff, 0xff, 0x00, 0xff, 0xff, 0x00,
    0xff, 0xff, 0x00, 0xff, 0xff, 0x00, 0xff, 0xff, 0x00, 0xff, 0xff, 0x00, 0xff, 0xff, 0x00, 0xff,
    0xff, 0x00, 0xff, 0xff, 0x00, 0xff, 0xff, 0x00, 0xff, 0xff, 0x00, 0xff, 0xff, 0x00, 0xf7, 0xc3,
    0x00, 0x00, 0x00, 0x00, 0x00, 0x00, 0x00, 0x00, 0x00, 0x00, 0x00, 0x00, 0x00, 0x00, 0x00, 0x00,
    0x00, 0x00, 0x00, 0x00, 0x00, 0x00, 0x00, 0x00, 0x00, 0x00, 0x00, 0x00, 0x00, 0x00, 0x00, 0x00,
    0x00, 0x00, 0x00, 0x00, 0x00, 0x00, 0x00, 0x00, 0x00, 0x00, 0x00, 0x00, 0x00, 0x00, 0x00, 0x00,
    0x00, 0x00, 0x00, 0x00, 0x00, 0x00, 0x00, 0x00, 0x00, 0x00, 0x00, 0x00, 0x00, 0x00, 0x00, 0x00,
    0x00, 0x00, 0x00, 0x00, 0x00, 0x00, 0x00, 0x00, 0x00, 0x00, 0x00, 0x00, 0x00, 0x00, 0x00, 0x00,
    0x00, 0x00, 0x00, 0x00, 0x00, 0x00, 0x00, 0x00, 0x00, 0x00, 0x00, 0x00, 0x00, 0x00, 0x00, 0x00,
    0x00, 0x00, 0x00, 0x00, 0x00, 0x00, 0x00, 0x00, 0x00, 0x00, 0x00, 0x00, 0x00, 0x00, 0x3f, 0xc9,
    0x00, 0xff, 0xff, 0x00, 0xff, 0xff, 0x00, 0xff, 0xff, 0x00, 0xff, 0xff, 0x00, 0xff, 0xff, 0x00,
    0xff, 0xff, 0x00, 0xff, 0xff, 0x00, 0xff, 0xff, 0x00, 0xff, 0xff, 0x00, 0xff, 0xff, 0x00, 0xff,
    0xff, 0x00, 0xff, 0xff, 0x00, 0xff, 0xff, 0x00, 0xff, 0xff, 0x00, 0xff, 0xff, 0x00, 0xff, 0xff,
    0x00, 0xff, 0xff, 0x00, 0xff, 0xff, 0x00, 0xff, 0xff, 0x00, 0xff, 0xff, 0x00, 0xff, 0xff, 0x00,
    0xff, 0xff, 0x00, 0xff, 0xff, 0x00, 0xff, 0xff, 0x00, 0xff, 0xff, 0x00, 0xff, 0xff, 0x00, 0xff,
    0xff, 0x00, 0xff, 0xff, 0x00, 0xff, 0xff, 0x00, 0xff, 0xff, 0x00, 0xff, 0xff, 0x00, 0xff, 0xff,
    0x00, 0xff, 0xff, 0x00, 0xff, 0xff, 0x00, 0xff, 0xff, 0x00, 0xf7, 0xc3, 0x3f, 0xc9, 0x00, 0xff,
    0xff, 0x00, 0xff, 0xff, 0x00, 0xff, 0xff, 0x00, 0xff, 0xff, 0x00, 0xff, 0xff, 0x00, 0xff, 0xff,
    0x00, 0xff, 0xff, 0x00, 0xff, 0xff, 0x00, 0xff, 0xff, 0x00, 0xff, 0xff, 0x00, 0xff, 0xff, 0x00,
    0xff, 0xff, 0x00, 0xff, 0xff, 0x00, 0xff, 0xff, 0x00, 0xff, 0xff, 0x00, 0xff, 0xff, 0x00, 0xff,
    0xff, 0x00, 0xff, 0xff, 0x00, 0xff, 0xff, 0x00, 0xff, 0xff, 0x00, 0xff, 0xff, 0x00, 0xff, 0xff,
    0x00, 0xff, 0xff, 0x00, 0xff, 0xff, 0x00, 0xff, 0xff, 0x00, 0xff, 0xff, 0x00, 0xff, 0xff, 0x00,
    0xff, 0xff, 0x00, 0xff, 0xff, 0x00, 0xff, 0xff, 0x00, 0xff, 0xff, 0x00, 0xff, 0xff, 0x00, 0xff,
    0xff, 0x00, 0xff, 0xff, 0x00, 0xff, 0xff, 0x00, 0xf7, 0xc3, 0x00, 0x00, 0x00, 0x00, 0x00, 0x00,
    0x00, 0x00, 0x00, 0x00, 0x00, 0x00, 0x00, 0x00, 0x00, 0x00, 0x00, 0x00, 0x00, 0x00, 0x00, 0x00,
    0x00, 0x00, 0x00, 0x00, 0x00, 0x00, 0x00, 0x00, 0x00, 0x00, 0x00, 0x00, 0x00, 0x00, 0x00, 0x00,
    0x00, 0x00, 0x00, 0x00, 0x00, 0x00, 0x00, 0x00, 0x00, 0x00, 0x00, 0x00, 0x00, 0x00, 0x00, 0x00,
    0x00, 0x00, 0x00, 0x00, 0x00, 0x00, 0x00, 0x00, 0x00, 0x00, 0x00, 0x00, 0x00, 0x00, 0x00, 0x00,
    0x00, 0x00, 0x00, 0x00, 0x00, 0x00, 0x00, 0x00, 0x00, 0x00, 0x00, 0x00, 0x00, 0x00, 0x00, 0x00,
    0x00, 0x00, 0x00, 0x00, 0x00, 0x00, 0x00, 0x00, 0x00, 0x00, 0x00, 0x00, 0x00, 0x00, 0x00, 0x00,
    0x00, 0x00, 0x00, 0x00, 0x00, 0x00, 0x00, 0x00, 0x3f, 0xc9, 0x00, 0xff, 0xff, 0x00, 0xff, 0xff,
    0x00, 0xff, 0xff, 0x00, 0xff, 0xff, 0x00, 0xff, 0xff, 0x00, 0xff, 0xff, 0x00, 0xff, 0xff, 0x00,
    0xff, 0xff, 0x00, 0xff, 0xff, 0x00, 0xff, 0xff, 0x00, 0xff, 0xff, 0x00, 0xff, 0xff, 0x00, 0xff,
    0xff, 0x00, 0xff, 0xff, 0x00, 0xff, 0xff, 0x00, 0xff, 0xff, 0x00, 0xff, 0xff, 0x00, 0xff, 0xff,
    0x00, 0xff, 0xff, 0x00, 0xff, 0xff, 0x00, 0xff, 0xff, 0x00, 0xff, 0xff, 0x00, 0xff, 0xff, 0x00,
    0xff, 0xff, 0x00, 0xff, 0xff, 0x00, 0xff, 0xff, 0x00, 0xff, 0xff, 0x00, 0xff, 0xff, 0x00, 0xff,
    0xff, 0x00, 0xff, 0xff, 0x00, 0xff, 0xff, 0x00, 0xff, 0xff, 0x00, 0xff, 0xff, 0x00, 0xff, 0xff,
    0x00, 0xff, 0xff, 0x00, 0xf7, 0xc3, 0x3f, 0xc9, 0x00, 0xff, 0xff, 0x00, 0xff, 0xff, 0x00, 0xff,
    0xff, 0x00, 0xff, 0xff, 0x00, 0xff, 0xff, 0x00, 0xff, 0xff, 0x00, 0xff, 0xff, 0x00, 0xff, 0xff,
    0x00, 0xff, 0xff, 0x00, 0xff, 0xff, 0x00, 0xff, 0xff, 0x00, 0xff, 0xff, 0x00, 0xff, 0xff, 0x00,
    0xff, 0xff, 0x00, 0xff, 0xff, 0x00, 0xff, 0xff, 0x00, 0xff, 0xff, 0x00, 0xff, 0xff, 0x00, 0xff,
    0xff, 0x00, 0xff, 0xff, 0x00, 0xff, 0xff, 0x00, 0xff, 0xff, 0x00, 0xff, 0xff, 0x00, 0xff, 0xff,
    0x00, 0xff, 0xff, 0x00, 0xff, 0xff, 0x00, 0xff, 0xff, 0x00, 0xff, 0xff, 0x00, 0xff, 0xff, 0x00,
    0xff, 0xff, 0x00, 0xff, 0xff, 0x00, 0xff, 0xff, 0x00, 0xff, 0xff, 0x00, 0xff, 0xff, 0x00, 0xff,
    0xff, 0x00, 0xf7, 0xc3, 0x00, 0x00, 0x00, 0x00, 0x00, 0x00, 0x00, 0x00, 0x00, 0x00, 0x00, 0x00,
    0x00, 0x00, 0x00, 0x00, 0x00, 0x00, 0x00, 0x00, 0x00, 0x00, 0x00, 0x00, 0x00, 0x00, 0x00, 0x00,
    0x00, 0x00, 0x00, 0x00, 0x00, 0x00, 0x00, 0x00, 0x00, 0x00, 0x00, 0x00, 0x00, 0x00, 0x00, 0x00,
    0x00, 0x00, 0x00, 0x00, 0x00, 0x00, 0x00, 0x00, 0x00, 0x00, 0x00, 0x00, 0x00, 0x00, 0x00, 0x00,
    0x00, 0x00, 0x00, 0x00, 0x00, 0x00, 0x00, 0x00, 0x00, 0x00, 0x00, 0x00, 0x00, 0x00, 0x00, 0x00,
    0x00, 0x00, 0x00, 0x00, 0x00, 0x00, 0x00, 0x00, 0x00, 0x00, 0x00, 0x00, 0x00, 0x00, 0x00, 0x00,
    0x00, 0x00, 0x00, 0x00, 0x00, 0x00, 0x00, 0x00, 0x00, 0x00, 0x00, 0x00, 0x00, 0x00, 0x00, 0x00,
    0x00, 0x00, 0x3f, 0xc9, 0x00, 0xff, 0xff, 0x00, 0xff, 0xff, 0x00, 0xff, 0xff, 0x00, 0xff, 0xff,
    0x00, 0xff, 0xff, 0x00, 0xff, 0xff, 0x00, 0xff, 0xff, 0x00, 0xff, 0xff, 0x00, 0xff, 0xff, 0x00,
    0xff, 0xff, 0x00, 0xff, 0xff, 0x00, 0xff, 0xff, 0x00, 0xff, 0xff, 0x00, 0xff, 0xff, 0x00, 0xff,
    0xff, 0x00, 0xff, 0xff, 0x00, 0xff, 0xff, 0x00, 0xff, 0xff, 0x00, 0xff, 0xff, 0x00, 0xff, 0xff,
    0x00, 0xff, 0xff, 0x00, 0xff, 0xff, 0x00, 0xff, 0xff, 0x00, 0xff, 0xff, 0x00, 0xff, 0xff, 0x00,
    0xff, 0xff, 0x00, 0xff, 0xff, 0x00, 0xff, 0xff, 0x00, 0xff, 0xff, 0x00, 0xff, 0xff, 0x00, 0xff,
    0xff, 0x00, 0xff, 0xff, 0x00, 0xff, 0xff, 0x00, 0xff, 0xff, 0x00, 0xff, 0xff, 0x00, 0xf7, 0xc3,
    0x3f, 0xc9, 0x00, 0xff, 0xff, 0x00, 0xff, 0xff, 0x00, 0xff, 0xff, 0x00, 0xff, 0xff, 0x00, 0xff,
    0xff, 0x00, 0xff, 0xff, 0x00, 0xff, 0xff, 0x00, 0xff, 0xff, 0x00, 0xff, 0xff, 0x00, 0xff, 0xff,
    0x00, 0xff, 0xff, 0x00, 0xff, 0xff, 0x00, 0xff, 0xff, 0x00, 0xff, 0xff, 0x00, 0xff, 0xff, 0x00,
    0xff, 0xff, 0x00, 0xff, 0xff, 0x00, 0xff, 0xff, 0x00, 0xff, 0xff, 0x00, 0xff, 0xff, 0x00, 0xff,
    0xff, 0x00, 0xff, 0xff, 0x00, 0xff, 0xff, 0x00, 0xff, 0xff, 0x00, 0xff, 0xff, 0x00, 0xff, 0xff,
    0x00, 0xff, 0xff, 0x00, 0xff, 0xff, 0x00, 0xff, 0xff, 0x00, 0xff, 0xff, 0x00, 0xff, 0xff, 0x00,
    0xff, 0xff, 0x00, 0xff, 0xff, 0x00, 0xff, 0xff, 0x00, 0xff, 0xff, 0x00, 0xf7, 0xc3, 0x00, 0x00,
    0x00, 0x00, 0x00, 0x00, 0x00, 0x00, 0x00, 0x00, 0x00, 0x00, 0x00, 0x00, 0x00, 0x00, 0x00, 0x00,
    0x00, 0x00, 0x00, 0x00, 0x00, 0x00, 0x00, 0x00, 0x00, 0x00, 0x00, 0x00, 0x00, 0x00, 0x00, 0x00,
    0x00, 0x00, 0x00, 0x00, 0x00, 0x00, 0x00, 0x00, 0x00, 0x00, 0x00, 0x00, 0x00, 0x00, 0x00, 0x00,
    0x00, 0x00, 0x00, 0x00, 0x00, 0x00, 0x00, 0x00, 0x00, 0x00, 0x00, 0x00, 0x00, 0x00, 0x00, 0x00,
    0x00, 0x00, 0x00, 0x00, 0x00, 0x00, 0x00, 0x00, 0x00, 0x00, 0x00, 0x00, 0x00, 0x00, 0x00, 0x00,
    0x00, 0x00, 0x00, 0x00, 0x00, 0x00, 0x00, 0x00, 0x00, 0x00, 0x00, 0x00, 0x00, 0x00, 0x00, 0x00,
    0x00, 0x00, 0x00, 0x00, 0x00, 0x00, 0x00, 0x00, 0x00, 0x00, 0x00, 0x00, 0x25, 0x83, 0x00, 0xa9,
    0xa9, 0x00, 0xa9, 0xa9, 0x00, 0xa9, 0xa9, 0x00, 0xa9, 0xa9, 0x00, 0xa9, 0xa9, 0x00, 0xa9, 0xa9,
    0x00, 0xa9, 0xa9, 0x00, 0xa9, 0xa9, 0x00, 0xa9, 0xa9, 0x00, 0xa9, 0xa9, 0x00, 0xa9, 0xa9, 0x00,
    0xa9, 0xa9, 0x00, 0xa9, 0xa9, 0x00, 0xc0, 0xf8, 0x00, 0xff, 0xff, 0x00, 0xff, 0xff, 0x00, 0xff,
    0xff, 0x00, 0xff, 0xff, 0x00, 0xff, 0xff, 0x00, 0xff, 0xff, 0x00, 0xff, 0xff, 0x00, 0xff, 0xf7,
    0x00, 0xa9, 0xa9, 0x00, 0xa9, 0xa9, 0x00, 0xa9, 0xa9, 0x00, 0xa9, 0xa9, 0x00, 0xa9, 0xa9, 0x00,
    0xa9, 0xa9, 0x00, 0xa9, 0xa9, 0x00, 0xa9, 0xa9, 0x00, 0xa9, 0xa9, 0x00, 0xa9, 0xa9, 0x00, 0xa9,
    0xa9, 0x00, 0xa9, 0xa9, 0x00, 0xa9, 0xa9, 0x00, 0xa3, 0x80, 0x0c, 0x31, 0x00, 0x41, 0x41, 0x00,
    0x41, 0x41, 0x00, 0x41, 0x41, 0x00, 0x41, 0x41, 0x00, 0x41, 0x41, 0x00, 0x41, 0x41, 0x00, 0x41,
    0x41, 0x00, 0x41, 0x41, 0x00, 0x41, 0x41, 0x00, 0x41, 0x41, 0x00, 0x41, 0x41, 0x00, 0x41, 0x41,
    0x00, 0x41, 0x41, 0x00, 0x75, 0xf1, 0x00, 0xff, 0xff, 0x00, 0xff, 0xff, 0x00, 0xff, 0xff, 0x00,
    0xff, 0xff, 0x00, 0xff, 0xff, 0x00, 0xff, 0xff, 0x00, 0xff, 0xff, 0x00, 0xfe, 0xf2, 0x00, 0x41,
    0x41, 0x00, 0x41, 0x41, 0x00, 0x41, 0x41, 0x00, 0x41, 0x41, 0x00, 0x41, 0x41, 0x00, 0x41, 0x41,
    0x00, 0x41, 0x41, 0x00, 0x41, 0x41, 0x00, 0x41, 0x41, 0x00, 0x41, 0x41, 0x00, 0x41, 0x41, 0x00,
    0x41, 0x41, 0x00, 0x41, 0x41, 0x00, 0x3e, 0x31, 0x00, 0x00, 0x00, 0x00, 0x00, 0x00, 0x00, 0x00,
    0x00, 0x00, 0x00, 0x00, 0x00, 0x00, 0x00, 0x00, 0x00, 0x00, 0x00, 0x00, 0x00, 0x00, 0x00, 0x00,
    0x00, 0x00, 0x00, 0x00, 0x00, 0x00, 0x00, 0x00, 0x00, 0x00, 0x00, 0x00, 0x00, 0x00, 0x00, 0x00,
    0x00, 0x00, 0x00, 0x00, 0x00, 0x00, 0x00, 0x00, 0x00, 0x00, 0x00, 0x00, 0x00, 0x00, 0x00, 0x00,
    0x00, 0x00, 0x00, 0x00, 0x00, 0x00, 0x00, 0x00, 0x00, 0x00, 0x00, 0x00, 0x00, 0x00, 0x00, 0x00,
    0x00, 0x00, 0x00, 0x00, 0x00, 0x00, 0x00, 0x00, 0x00, 0x00, 0x00, 0x00, 0x00, 0x00, 0x00, 0x00,
    0x00, 0x00, 0x00, 0x00, 0x00, 0x00, 0x00, 0x00, 0x00, 0x00, 0x00, 0x00, 0x00, 0x00, 0x00, 0x00,
    0x00, 0x00, 0x00, 0x00, 0x00, 0x00, 0x00, 0x00, 0x00, 0x00, 0x00, 0x00, 0x00, 0x00, 0x00, 0x00,
    0x00, 0x00, 0x00, 0x00, 0x00, 0x00, 0x00, 0x00, 0x00, 0x00, 0x00, 0x00, 0x00, 0x00, 0x00, 0x00,
    0x00, 0x00, 0x00, 0x00, 0x00, 0x00, 0x00, 0x00, 0x00, 0x00, 0x00, 0x00, 0x00, 0x00, 0x00, 0x00,
    0x47, 0xed, 0x00, 0xff, 0xff, 0x00, 0xff, 0xff, 0x00, 0xff, 0xff, 0x00, 0xff, 0xff, 0x00, 0xff,
    0xff, 0x00, 0xff, 0xff, 0x00, 0xff, 0xff, 0x00, 0xfe, 0xf0, 0x00, 0x00, 0x00, 0x00, 0x00, 0x00,
    0x00, 0x00, 0x00, 0x00, 0x00, 0x00, 0x00, 0x00, 0x00, 0x00, 0x00, 0x00, 0x00, 0x00, 0x00, 0x00,
    0x00, 0x00, 0x00, 0x00, 0x00, 0x00, 0x00, 0x00, 0x00, 0x00, 0x00, 0x00, 0x00, 0x00, 0x00, 0x00,
    0x00, 0x00, 0x00, 0x00, 0x00, 0x00, 0x00, 0x00, 0x00, 0x00, 0x00, 0x00, 0x00, 0x00, 0x00, 0x00,
    0x00, 0x00, 0x00, 0x00, 0x00, 0x00, 0x00, 0x00, 0x00, 0x00, 0x00, 0x00, 0x00, 0x00, 0x00, 0x00,
    0x00, 0x00, 0x00, 0x00, 0x00, 0x00, 0x00, 0x00, 0x00, 0x00, 0x00, 0x00, 0x00, 0x00, 0x47, 0xed,
    0x00, 0xff, 0xff, 0x00, 0xff, 0xff, 0x00, 0xff, 0xff, 0x00, 0xff, 0xff, 0x00, 0xff, 0xff, 0x00,
    0xff, 0xff, 0x00, 0xff, 0xff, 0x00, 0xfe, 0xf0, 0x00, 0x00, 0x00, 0x00, 0x00, 0x00, 0x00, 0x00,
    0x00, 0x00, 0x00, 0x00, 0x00, 0x00, 0x00, 0x00, 0x00, 0x00, 0x00, 0x00, 0x00, 0x00, 0x00, 0x00,
    0x00, 0x00, 0x00, 0x00, 0x00, 0x00, 0x00, 0x00, 0x00, 0x00, 0x00, 0x00, 0x00, 0x00, 0x00, 0x00,
    0x00, 0x00, 0x00, 0x00, 0x00, 0x00, 0x00, 0x00, 0x00, 0x00, 0x00, 0x00, 0x00, 0x00, 0x00, 0x00,
    0x00, 0x00, 0x00, 0x00, 0x00, 0x00, 0x00, 0x00, 0x00, 0x00, 0x00, 0x00, 0x00, 0x00, 0x00, 0x00,
    0x00, 0x00, 0x00, 0x00, 0x00, 0x00, 0x00, 0x00, 0x00, 0x00, 0x00, 0x00, 0x00, 0x00, 0x00, 0x00,
    0x00, 0x00, 0x00, 0x00, 0x00, 0x00, 0x00, 0x00, 0x00, 0x00, 0x00, 0x00, 0x00, 0x00, 0x00, 0x00,
    0x00, 0x00, 0x00, 0x00, 0x00, 0x00, 0x00, 0x00, 0x00, 0x00, 0x00, 0x00, 0x00, 0x00, 0x00, 0x00,
    0x00, 0x00, 0x00, 0x00, 0x00, 0x00, 0x00, 0x00, 0x00, 0x00, 0x00, 0x00, 0x00, 0x00, 0x00, 0x00,
    0x00, 0x00, 0x00, 0x00, 0x00, 0x00, 0x00, 0x00, 0x00, 0x00, 0x00, 0x00, 0x00, 0x00, 0x00, 0x00,
    0x00, 0x00, 0x00, 0x00, 0x00, 0x00, 0x00, 0x00, 0x00, 0x00, 0x00, 0x00, 0x00, 0x00, 0x00, 0x00,
    0x00, 0x00, 0x00, 0x00, 0x00, 0x00, 0x00, 0x00, 0x00, 0x00, 0x00, 0x00, 0x00, 0x00, 0x00, 0x00,
    0x00, 0x00, 0x00, 0x00, 0x00, 0x00, 0x00, 0x00, 0x00, 0x00, 0x47, 0xed, 0x00, 0xff, 0xff, 0x00,
    0xff, 0xff, 0x00, 0xff, 0xff, 0x00, 0xff, 0xff, 0x00, 0xff, 0xff, 0x00, 0xff, 0xff, 0x00, 0xff,
    0xff, 0x00, 0xfe, 0xf0, 0x00, 0x00, 0x00, 0x00, 0x00, 0x00, 0x00, 0x00, 0x00, 0x00, 0x00, 0x00,
    0x00, 0x00, 0x00, 0x00, 0x00, 0x00, 0x00, 0x00, 0x00, 0x00, 0x00, 0x00, 0x00, 0x00, 0x00, 0x00,
    0x00, 0x00, 0x00, 0x00, 0x00, 0x00, 0x00, 0x00, 0x00, 0x00, 0x00, 0x00, 0x00, 0x00, 0x00, 0x00,
    0x00, 0x00, 0x00, 0x00, 0x00, 0x00, 0x00, 0x00, 0x00, 0x00, 0x00, 0x00, 0x00, 0x00, 0x00, 0x00,
    0x00, 0x00, 0x00, 0x00, 0x00, 0x00, 0x00, 0x00, 0x00, 0x00, 0x00, 0x00, 0x00, 0x00, 0x00, 0x00,
    0x00, 0x00, 0x00, 0x00, 0x00, 0x00, 0x00, 0x00, 0x47, 0xed, 0x00, 0xff, 0xff, 0x00, 0xff, 0xff,
    0x00, 0xff, 0xff, 0x00, 0xff, 0xff, 0x00, 0xff, 0xff, 0x00, 0xff, 0xff, 0x00, 0xff, 0xff, 0x00,
    0xfe, 0xf0, 0x00, 0x00, 0x00, 0x00, 0x00, 0x00, 0x00, 0x00, 0x00, 0x00, 0x00, 0x00, 0x00, 0x00,
    0x00, 0x00, 0x00, 0x00, 0x00, 0x00, 0x00, 0x00, 0x00, 0x00, 0x00, 0x00, 0x00, 0x00, 0x00, 0x00,
    0x00, 0x00, 0x00, 0x00, 0x00, 0x00, 0x00, 0x00, 0x00, 0x00, 0x00, 0x00, 0x00, 0x00, 0x00, 0x00,
    0x00, 0x00, 0x00, 0x00, 0x00, 0x00, 0x00, 0x00, 0x00, 0x00, 0x00, 0x00, 0x00, 0x00, 0x00, 0x00,
    0x00, 0x00, 0x00, 0x00, 0x00, 0x00, 0x00, 0x00, 0x00, 0x00, 0x00, 0x00, 0x00, 0x00, 0x00, 0x00,
    0x00, 0x00, 0x00, 0x00, 0x00, 0x00, 0x00, 0x00, 0x00, 0x00, 0x00, 0x00, 0x00, 0x00, 0x00, 0x00,
    0x00, 0x00, 0x00, 0x00, 0x00, 0x00, 0x00, 0x00, 0x00, 0x00, 0x00, 0x00, 0x00, 0x00, 0x00, 0x00,
    0x00, 0x00, 0x00, 0x00, 0x00, 0x00, 0x00, 0x00, 0x00, 0x00, 0x00, 0x00, 0x00, 0x00, 0x00, 0x00,
    0x00, 0x00, 0x00, 0x00, 0x00, 0x00, 0x00, 0x00, 0x00, 0x00, 0x00, 0x00, 0x00, 0x00, 0x00, 0x00,
    0x00, 0x00, 0x00, 0x00, 0x00, 0x00, 0x00, 0x00, 0x00, 0x00, 0x00, 0x00, 0x00, 0x00, 0x00, 0x00,
    0x00, 0x00, 0x00, 0x00, 0x00, 0x00, 0x00, 0x00, 0x00, 0x00, 0x00, 0x00, 0x00, 0x00, 0x00, 0x00,
    0x00, 0x00, 0x00, 0x00, 0x00, 0x00, 0x00, 0x00, 0x00, 0x00, 0x00, 0x00, 0x00, 0x00, 0x00, 0x00,
    0x00, 0x00, 0x00, 0x00, 0x47, 0xed, 0x00, 0xff, 0xff, 0x00, 0xff, 0xff, 0x00, 0xff, 0xff, 0x00,
    0xff, 0xff, 0x00, 0xff, 0xff, 0x00, 0xff, 0xff, 0x00, 0xff, 0xff, 0x00, 0xfe, 0xf0, 0x00, 0x00,
    0x00, 0x00, 0x00, 0x00, 0x00, 0x00, 0x00, 0x00, 0x00, 0x00, 0x00, 0x00, 0x00, 0x00, 0x00, 0x00,
    0x00, 0x00, 0x00, 0x00, 0x00, 0x00, 0x00, 0x00, 0x00, 0x00, 0x00, 0x00, 0x00, 0x00, 0x00, 0x00,
    0x00, 0x00, 0x00, 0x00, 0x00, 0x00, 0x00, 0x00, 0x00, 0x00, 0x00, 0x00, 0x00, 0x00, 0x00, 0x00,
    0x00, 0x00, 0x00, 0x00, 0x00, 0x00, 0x00, 0x00, 0x00, 0x00, 0x00, 0x00, 0x00, 0x00, 0x00, 0x00,
    0x00, 0x00, 0x00, 0x00, 0x00, 0x00, 0x00, 0x00, 0x00, 0x00, 0x00, 0x00, 0x00, 0x00, 0x00, 0x00,
    0x00, 0x00, 0x47, 0xed, 0x00, 0xff, 0xff, 0x00, 0xff, 0xff, 0x00, 0xff, 0xff, 0x00, 0xff, 0xff,
    0x00, 0xff, 0xff, 0x00, 0xff, 0xff, 0x00, 0xff, 0xff, 0x00, 0xfe, 0xf0, 0x00, 0x00, 0x00, 0x00,
    0x00, 0x00, 0x00, 0x00, 0x00, 0x00, 0x00, 0x00, 0x00, 0x00, 0x00, 0x00, 0x00, 0x00, 0x00, 0x00,
    0x00, 0x00, 0x00, 0x00, 0x00, 0x00, 0x00, 0x00, 0x00, 0x00, 0x00, 0x00, 0x00, 0x00, 0x00, 0x00,
    0x00, 0x00, 0x00, 0x00, 0x00, 0x00, 0x00, 0x00, 0x00, 0x00, 0x00, 0x00, 0x00, 0x00, 0x00, 0x00,
    0x00, 0x00, 0x00, 0x00, 0x00, 0x00, 0x00, 0x00, 0x00, 0x00, 0x00, 0x00, 0x00, 0x00, 0x00, 0x00,
    0x00, 0x00, 0x00, 0x00, 0x00, 0x00, 0x00, 0x00, 0x00, 0x00, 0x00, 0x00, 0x00, 0x00, 0x00, 0x00,
    0x00, 0x00, 0x00, 0x00, 0x00, 0x00, 0x00, 0x00, 0x00, 0x00, 0x00, 0x00, 0x00, 0x00, 0x00, 0x00,
    0x00, 0x00, 0x00, 0x00, 0x00, 0x00, 0x00, 0x00, 0x00, 0x00, 0x00, 0x00, 0x00, 0x00, 0x00, 0x00,
    0x00, 0x00, 0x00, 0x00, 0x00, 0x00, 0x00, 0x00, 0x00, 0x00, 0x00, 0x00, 0x00, 0x00, 0x00, 0x00,
    0x00, 0x00, 0x00, 0x00, 0x00, 0x00, 0x00, 0x00, 0x00, 0x00, 0x00, 0x00, 0x00, 0x00, 0x00, 0x00,
    0x00, 0x00, 0x00, 0x00, 0x00, 0x00, 0x00, 0x00, 0x00, 0x00, 0x00, 0x00, 0x00, 0x00, 0x00, 0x00,
    0x00, 0x00, 0x00, 0x00, 0x00, 0x00, 0x00, 0x00, 0x00, 0x00, 0x00, 0x00, 0x00, 0x00, 0x00, 0x00,
    0x00, 0x00, 0x00, 0x00, 0x00, 0x00, 0x00, 0x00, 0x00, 0x00, 0x00, 0x00, 0x00, 0x00, 0x47, 0xed,
    0x00, 0xff, 0xff, 0x00, 0xff, 0xff, 0x00, 0xff, 0xff, 0x00, 0xff, 0xff, 0x00, 0xff, 0xff, 0x00,
    0xff, 0xff, 0x00, 0xff, 0xff, 0x00, 0xfe, 0xf0, 0x00, 0x00, 0x00, 0x00, 0x00, 0x00, 0x00, 0x00,
    0x00, 0x00, 0x00, 0x00, 0x00, 0x00, 0x00, 0x00, 0x00, 0x00, 0x00, 0x00, 0x00, 0x00, 0x00, 0x00,
    0x00, 0x00, 0x00, 0x00, 0x00, 0x00, 0x00, 0x00, 0x00, 0x00, 0x00, 0x00, 0x00, 0x00, 0x00, 0x00,
    0x00, 0x00, 0x00, 0x00, 0x00, 0x00, 0x00, 0x00, 0x00, 0x00, 0x00, 0x00, 0x00, 0x00, 0x00, 0x00,
    0x00, 0x00, 0x00, 0x00, 0x00, 0x00, 0x00, 0x00, 0x00, 0x00, 0x00, 0x00, 0x00, 0x00, 0x00, 0x00,
    0x00, 0x00, 0x00, 0x00, 0x00, 0x00, 0x00, 0x00, 0x00, 0x00, 0x00, 0x00, 0x47, 0xed, 0x00, 0xff,
    0xff, 0x00, 0xff, 0xff, 0x00, 0xff, 0xff, 0x00, 0xff, 0xff, 0x00, 0xff, 0xff, 0x00, 0xff, 0xff,
    0x00, 0xff, 0xff, 0x00, 0xfe, 0xf0, 0x00, 0x00, 0x00, 0x00, 0x00, 0x00, 0x00, 0x00, 0x00, 0x00,
    0x00, 0x00, 0x00, 0x00, 0x00, 0x00, 0x00, 0x00, 0x00, 0x00, 0x00, 0x00, 0x00, 0x00, 0x00, 0x00,
    0x00, 0x00, 0x00, 0x00, 0x00, 0x00, 0x00, 0x00, 0x00, 0x00, 0x00, 0x00, 0x00, 0x00, 0x00, 0x00,
    0x00, 0x00, 0x00, 0x00, 0x00, 0x00, 0x00, 0x00, 0x00, 0x00, 0x00, 0x00, 0x00, 0x00, 0x00, 0x00,
    0x00, 0x00, 0x00, 0x00, 0x00, 0x00, 0x00, 0x00, 0x00, 0x00, 0x00, 0x00, 0x00, 0x00, 0x00, 0x00,
    0x00, 0x00, 0x00, 0x00, 0x00, 0x00, 0x00, 0x00, 0x00, 0x00, 0x00, 0x00, 0x00, 0x00, 0x00, 0x00,
    0x00, 0x00, 0x00, 0x00, 0x00, 0x00, 0x00, 0x00, 0x00, 0x00, 0x00, 0x00, 0x00, 0x00, 0x00, 0x00,
    0x00, 0x00, 0x00, 0x00, 0x00, 0x00, 0x00, 0x00, 0x00, 0x00, 0x00, 0x00, 0x00, 0x00, 0x00, 0x00,
    0x00, 0x00, 0x00, 0x00, 0x00, 0x00, 0x00, 0x00, 0x00, 0x00, 0x00, 0x00, 0x00, 0x00, 0x00, 0x00,
    0x00, 0x00, 0x00, 0x00, 0x00, 0x00, 0x00, 0x00, 0x00, 0x00, 0x00, 0x00, 0x00, 0x00, 0x00, 0x00,
    0x00, 0x00, 0x00, 0x00, 0x00, 0x00, 0x00, 0x00, 0x00, 0x00, 0x00, 0x00, 0x00, 0x00, 0x00, 0x00,
    0x00, 0x00, 0x00, 0x00, 0x00, 0x00, 0x00, 0x00, 0x00, 0x00, 0x00, 0x00, 0x00, 0x00, 0x00, 0x00,
    0x00, 0x00, 0x00, 0x00, 0x00, 0x00, 0x00, 0x00, 0x47, 0xed, 0x00, 0xff, 0xff, 0x00, 0xff, 0xff,
    0x00, 0xff, 0xff, 0x00, 0xff, 0xff, 0x00, 0xff, 0xff, 0x00, 0xff, 0xff, 0x00, 0xff, 0xff, 0x00,
    0xfe, 0xf0, 0x00, 0x00, 0x00, 0x00, 0x00, 0x00, 0x00, 0x00, 0x00, 0x00, 0x00, 0x00, 0x00, 0x00,
    0x00, 0x00, 0x00, 0x00, 0x00, 0x00, 0x00, 0x00, 0x00, 0x00, 0x00, 0x00, 0x00, 0x00, 0x00, 0x00,
    0x00, 0x00, 0x00, 0x00, 0x00, 0x00, 0x00, 0x00, 0x00, 0x00, 0x00, 0x00, 0x00, 0x00, 0x00, 0x00,
    0x00, 0x00, 0x00, 0x00, 0x00, 0x00, 0x00, 0x00, 0x00, 0x00, 0x00, 0x00, 0x00, 0x00, 0x00, 0x00,
    0x00, 0x00, 0x00, 0x00, 0x00, 0x00, 0x00, 0x00, 0x00, 0x00, 0x00, 0x00, 0x00, 0x00, 0x00, 0x00,
    0x00, 0x00, 0x00, 0x00, 0x00, 0x00, 0x47, 0xed, 0x00, 0xff, 0xff, 0x00, 0xff, 0xff, 0x00, 0xff,
    0xff, 0x00, 0xff, 0xff, 0x00, 0xff, 0xff, 0x00, 0xff, 0xff, 0x00, 0xff, 0xff, 0x00, 0xfe, 0xf0,
    0x00, 0x00, 0x00, 0x00, 0x00, 0x00, 0x00, 0x00, 0x00, 0x00, 0x00, 0x00, 0x00, 0x00, 0x00, 0x00,
    0x00, 0x00, 0x00, 0x00, 0x00, 0x00, 0x00, 0x00, 0x00, 0x00, 0x00, 0x00, 0x00, 0x00, 0x00, 0x00,
    0x00, 0x00, 0x00, 0x00, 0x00, 0x00, 0x00, 0x00, 0x00, 0x00, 0x00, 0x00, 0x00, 0x00, 0x00, 0x00,
    0x00, 0x00, 0x00, 0x00, 0x00, 0x00, 0x00, 0x00, 0x00, 0x00, 0x00, 0x00, 0x00, 0x00, 0x00, 0x00,
    0x00, 0x00, 0x00, 0x00, 0x00, 0x00, 0x00, 0x00, 0x00, 0x00, 0x00, 0x00, 0x00, 0x00, 0x00, 0x00,
    0x00, 0x00, 0x00, 0x00, 0x00, 0x00, 0x00, 0x00, 0x00, 0x00, 0x00, 0x00, 0x00, 0x00, 0x00, 0x00,
    0x00, 0x00, 0x00, 0x00, 0x00, 0x00, 0x00, 0x00, 0x00, 0x00, 0x00, 0x00, 0x00, 0x00, 0x00, 0x00,
    0x00, 0x00, 0x00, 0x00, 0x00, 0x00, 0x00, 0x00, 0x00, 0x00, 0x00, 0x00, 0x00, 0x00, 0x00, 0x00,
    0x00, 0x00, 0x00, 0x00, 0x00, 0x00, 0x00, 0x00, 0x00, 0x00, 0x00, 0x00, 0x00, 0x00, 0x00, 0x00,
    0x00, 0x00, 0x00, 0x00, 0x00, 0x00, 0x00, 0x00, 0x00, 0x00, 0x00, 0x00, 0x00, 0x00, 0x00, 0x00,
    0x00, 0x00, 0x00, 0x00, 0x00, 0x00, 0x00, 0x00, 0x00, 0x00, 0x00, 0x00, 0x00, 0x00, 0x00, 0x00,
    0x00, 0x00, 0x00, 0x00, 0x00, 0x00, 0x00, 0x00, 0x00, 0x00, 0x00, 0x00, 0x00, 0x00, 0x00, 0x00,
    0x00, 0x00, 0x47, 0xed, 0x00, 0xff, 0xff, 0x00, 0xff, 0xff, 0x00, 0xff, 0xff, 0x00, 0xff, 0xff,
    0x00, 0xff, 0xff, 0x00, 0xff, 0xff, 0x00, 0xff, 0xff, 0x00, 0xfe, 0xf0, 0x00, 0x00, 0x00, 0x00,
    0x00, 0x00, 0x00, 0x00, 0x00, 0x00, 0x00, 0x00, 0x00, 0x00, 0x00, 0x00, 0x00, 0x00, 0x00, 0x00,
    0x00, 0x00, 0x00, 0x00, 0x00, 0x00, 0x00, 0x00, 0x00, 0x00, 0x00, 0x00, 0x00, 0x00, 0x00, 0x00,
    0x00, 0x00, 0x00, 0x00, 0x00, 0x00, 0x00, 0x00, 0x00, 0x00, 0x00, 0x00, 0x00, 0x00, 0x00, 0x00,
    0x00, 0x00, 0x00, 0x00, 0x00, 0x00, 0x00, 0x00, 0x00, 0x00, 0x00, 0x00, 0x00, 0x00, 0x00, 0x00,
    0x00, 0x00, 0x00, 0x00, 0x00, 0x00, 0x00, 0x00, 0x00, 0x00, 0x00, 0x00, 0x00, 0x00, 0x00, 0x00,
    0x47, 0xed, 0x00, 0xff, 0xff, 0x00, 0xff, 0xff, 0x00, 0xff, 0xff, 0x00, 0xff, 0xff, 0x00, 0xff,
    0xff, 0x00, 0xff, 0xff, 0x00, 0xff, 0xff, 0x00, 0xfe, 0xf0, 0x00, 0x00, 0x00, 0x00, 0x00, 0x00,
    0x00, 0x00, 0x00, 0x00, 0x00, 0x00, 0x00, 0x00, 0x00, 0x00, 0x00, 0x00, 0x00, 0x00, 0x00, 0x00,
    0x00, 0x00, 0x00, 0x00, 0x00, 0x00, 0x00, 0x00, 0x00, 0x00, 0x00, 0x00, 0x00, 0x00, 0x00, 0x00,
    0x00, 0x00, 0x00, 0x00, 0x00, 0x00, 0x00, 0x00, 0x00, 0x00, 0x00, 0x00, 0x00, 0x00, 0x00, 0x00,
    0x00, 0x00, 0x00, 0x00, 0x00, 0x00, 0x00, 0x00, 0x00, 0x00, 0x00, 0x00, 0x00, 0x00, 0x00, 0x00,
    0x00, 0x00, 0x00, 0x00, 0x00, 0x00, 0x00, 0x00, 0x00, 0x00, 0x00, 0x00, 0x00, 0x00, 0x00, 0x00,
    0x00, 0x00, 0x00, 0x00, 0x00, 0x00, 0x00, 0x00, 0x00, 0x00, 0x00, 0x00, 0x00, 0x00, 0x00, 0x00,
    0x00, 0x00, 0x00, 0x00, 0x00, 0x00, 0x00, 0x00, 0x00, 0x00, 0x00, 0x00, 0x00, 0x00, 0x00, 0x00,
    0x00, 0x00, 0x00, 0x00, 0x00, 0x00, 0x00, 0x00, 0x00, 0x00, 0x00, 0x00, 0x00, 0x00, 0x00, 0x00,
    0x00, 0x00, 0x00, 0x00, 0x00, 0x00, 0x00, 0x00, 0x00, 0x00, 0x00, 0x00, 0x00, 0x00, 0x00, 0x00,
    0x00, 0x00, 0x00, 0x00, 0x00, 0x00, 0x00, 0x00, 0x00, 0x00, 0x00, 0x00, 0x00, 0x00, 0x00, 0x00,
    0x00, 0x00, 0x00, 0x00, 0x00, 0x00, 0x00, 0x00, 0x00, 0x00, 0x00, 0x00, 0x00, 0x00, 0x00, 0x00,
    0x00, 0x00, 0x00, 0x00, 0x00, 0x00, 0x00, 0x00, 0x00, 0x00, 0x00, 0x00, 0x47, 0xed, 0x00, 0xff,
    0xff, 0x00, 0xff, 0xff, 0x00, 0xff, 0xff, 0x00, 0xff, 0xff, 0x00, 0xff, 0xff, 0x00, 0xff, 0xff,
    0x00, 0xff, 0xff, 0x00, 0xfe, 0xf0, 0x00, 0x00, 0x00, 0x00, 0x00, 0x00, 0x00, 0x00, 0x00, 0x00,
    0x00, 0x00, 0x00, 0x00, 0x00, 0x00, 0x00, 0x00, 0x00, 0x00, 0x00, 0x00, 0x00, 0x00, 0x00, 0x00,
    0x00, 0x00, 0x00, 0x00, 0x00, 0x00, 0x00, 0x00, 0x00, 0x00, 0x00, 0x00, 0x00, 0x00, 0x00, 0x00,
    0x00, 0x00, 0x00, 0x00, 0x00, 0x00, 0x00, 0x00, 0x00, 0x00, 0x00, 0x00, 0x00, 0x00, 0x00, 0x00,
    0x00, 0x00, 0x00, 0x00, 0x00, 0x00, 0x00, 0x00, 0x00, 0x00, 0x00, 0x00, 0x00, 0x00, 0x00, 0x00,
    0x00, 0x00, 0x00, 0x00, 0x00, 0x00, 0x00, 0x00, 0x00, 0x00, 0x47, 0xed, 0x00, 0xff, 0xff, 0x00,
    0xff, 0xff, 0x00, 0xff, 0xff, 0x00, 0xff, 0xff, 0x00, 0xff, 0xff, 0x00, 0xff, 0xff, 0x00, 0xff,
    0xff, 0x00, 0xfe, 0xf0, 0x00, 0x00, 0x00, 0x00, 0x00, 0x00, 0x00, 0x00, 0x00, 0x00, 0x00, 0x00,
    0x00, 0x00, 0x00, 0x00, 0x00, 0x00, 0x00, 0x00, 0x00, 0x00, 0x00, 0x00, 0x00, 0x00, 0x00, 0x00,
    0x00, 0x00, 0x00, 0x00, 0x00, 0x00, 0x00, 0x00, 0x00, 0x00, 0x00, 0x00, 0x00, 0x00, 0x00, 0x00,
    0x00, 0x00, 0x00, 0x00, 0x00, 0x00, 0x00, 0x00, 0x00, 0x00, 0x00, 0x00, 0x00, 0x00, 0x00, 0x00,
    0x00, 0x00, 0x00, 0x00, 0x00, 0x00, 0x00, 0x00, 0x00, 0x00, 0x00, 0x00, 0x00, 0x00, 0x00, 0x00,
    0x00, 0x00, 0x00, 0x00, 0x00, 0x00, 0x00, 0x00, 0x00, 0x00, 0x00, 0x00, 0x00, 0x00, 0x00, 0x00,
    0x00, 0x00, 0x00, 0x00, 0x00, 0x00, 0x00, 0x00, 0x00, 0x00, 0x00, 0x00, 0x00, 0x00, 0x00, 0x00,
    0x00, 0x00, 0x00, 0x00, 0x00, 0x00, 0x00, 0x00, 0x00, 0x00, 0x00, 0x00, 0x00, 0x00, 0x00, 0x00,
    0x00, 0x00, 0x00, 0x00, 0x00, 0x00, 0x00, 0x00, 0x00, 0x00, 0x00, 0x00, 0x00, 0x00, 0x00, 0x00,
    0x00, 0x00, 0x00, 0x00, 0x00, 0x00, 0x00, 0x00, 0x00, 0x00, 0x00, 0x00, 0x00, 0x00, 0x00, 0x00,
    0x00, 0x00, 0x00, 0x00, 0x00, 0x00, 0x00, 0x00, 0x00, 0x00, 0x00, 0x00, 0x00, 0x00, 0x00, 0x00,
    0x00, 0x00, 0x00, 0x00, 0x00, 0x00, 0x00, 0x00, 0x00, 0x00, 0x00, 0x00, 0x00, 0x00, 0x00, 0x00,
    0x00, 0x00, 0x00, 0x00, 0x00, 0x00, 0x47, 0xed, 0x00, 0xff, 0xff, 0x00, 0xff, 0xff, 0x00, 0xff,
    0xff, 0x00, 0xff, 0xff, 0x00, 0xff, 0xff, 0x00, 0xff, 0xff, 0x00, 0xff, 0xff, 0x00, 0xfe, 0xf0,
    0x00, 0x00, 0x00, 0x00, 0x00, 0x00, 0x00, 0x00, 0x00, 0x00, 0x00, 0x00, 0x00, 0x00, 0x00, 0x00,
    0x00, 0x00, 0x00, 0x00, 0x00, 0x00, 0x00, 0x00, 0x00, 0x00, 0x00, 0x00, 0x00, 0x00, 0x00, 0x00,
    0x00, 0x00, 0x00, 0x00, 0x00, 0x00, 0x00, 0x00, 0x00, 0x00, 0x00, 0x00, 0x00, 0x00, 0x00, 0x00,
    0x00, 0x00, 0x00, 0x00, 0x00, 0x00, 0x00, 0x00, 0x00, 0x00, 0x00, 0x00, 0x00, 0x00, 0x00, 0x00,
    0x00, 0x00, 0x00, 0x00, 0x00, 0x00, 0x00, 0x00, 0x00, 0x00, 0x00, 0x00, 0x00, 0x00, 0x00, 0x00,
    0x00, 0x00, 0x00, 0x00, 0x47, 0xed, 0x00, 0xff, 0xff, 0x00, 0xff, 0xff, 0x00, 0xff, 0xff, 0x00,
    0xff, 0xff, 0x00, 0xff, 0xff, 0x00, 0xff, 0xff, 0x00, 0xff, 0xff, 0x00, 0xfe, 0xf0, 0x00, 0x00,
    0x00, 0x00, 0x00, 0x00, 0x00, 0x00, 0x00, 0x00, 0x00, 0x00, 0x00, 0x00, 0x00, 0x00, 0x00, 0x00,
    0x00, 0x00, 0x00, 0x00, 0x00, 0x00, 0x00, 0x00, 0x00, 0x00, 0x00, 0x00, 0x00, 0x00, 0x00, 0x00,
    0x00, 0x00, 0x00, 0x00, 0x00, 0x00, 0x00, 0x00, 0x00, 0x00, 0x00, 0x00, 0x00, 0x00, 0x00, 0x00,
    0x00, 0x00, 0x00, 0x00, 0x00, 0x00, 0x00, 0x00, 0x00, 0x00, 0x00, 0x00, 0x00, 0x00, 0x00, 0x00,
    0x00, 0x00, 0x00, 0x00, 0x00, 0x00, 0x00, 0x00, 0x00, 0x00, 0x00, 0x00, 0x00, 0x00, 0x00, 0x00,
    0x00, 0x00, 0x00, 0x00, 0x00, 0x00, 0x00, 0x00, 0x00, 0x00, 0x00, 0x00, 0x00, 0x00, 0x00, 0x00,
    0x00, 0x00, 0x00, 0x00, 0x00, 0x00, 0x00, 0x00, 0x00, 0x00, 0x00, 0x00, 0x00, 0x00, 0x00, 0x00,
    0x00, 0x00, 0x00, 0x00, 0x00, 0x00, 0x00, 0x00, 0x00, 0x00, 0x00, 0x00, 0x00, 0x00, 0x00, 0x00,
    0x00, 0x00, 0x00, 0x00, 0x00, 0x00, 0x00, 0x00, 0x00, 0x00, 0x00, 0x00, 0x00, 0x00, 0x00, 0x00,
    0x00, 0x00, 0x00, 0x00, 0x00, 0x00, 0x00, 0x00, 0x00, 0x00, 0x00, 0x00, 0x00, 0x00, 0x00, 0x00,
    0x00, 0x00, 0x00, 0x00, 0x00, 0x00, 0x00, 0x00, 0x00, 0x00, 0x00, 0x00, 0x00, 0x00, 0x00, 0x00,
    0x00, 0x00, 0x00, 0x00, 0x00, 0x00, 0x00, 0x00, 0x00, 0x00, 0x00, 0x00, 0x00, 0x00, 0x00, 0x00,
    0x47, 0xed, 0x00, 0xff, 0xff, 0x00, 0xff, 0xff, 0x00, 0xff, 0xff, 0x00, 0xff, 0xff, 0x00, 0xff,
    0xff, 0x00, 0xff, 0xff, 0x00, 0xff, 0xff, 0x00, 0xfe, 0xf0, 0x00, 0x00, 0x00, 0x00, 0x00, 0x00,
    0x00, 0x00, 0x00, 0x00, 0x00, 0x00, 0x00, 0x00, 0x00, 0x00, 0x00, 0x00, 0x00, 0x00, 0x00, 0x00,
    0x00, 0x00, 0x00, 0x00, 0x00, 0x00, 0x00, 0x00, 0x00, 0x00, 0x00, 0x00, 0x00, 0x00, 0x00, 0x00,
    0x00, 0x00, 0x00, 0x00, 0x00, 0x00, 0x00, 0x00, 0x00, 0x00, 0x00, 0x00, 0x00, 0x00, 0x00, 0x00,
    0x00, 0x00, 0x00, 0x00, 0x00, 0x00, 0x00, 0x00, 0x00, 0x00, 0x00, 0x00, 0x00, 0x00, 0x00, 0x00,
    0x00, 0x00, 0x00, 0x00, 0x00, 0x00, 0x00, 0x00, 0x00, 0x00, 0x00, 0x00, 0x00, 0x00, 0x47, 0xed,
    0x00, 0xff, 0xff, 0x00, 0xff, 0xff, 0x00, 0xff, 0xff, 0x00, 0xff, 0xff, 0x00, 0xff, 0xff, 0x00,
    0xff, 0xff, 0x00, 0xff, 0xff, 0x00, 0xfe, 0xf0, 0x00, 0x00, 0x00, 0x00, 0x00, 0x00, 0x00, 0x00,
    0x00, 0x00, 0x00, 0x00, 0x00, 0x00, 0x00, 0x00, 0x00, 0x00, 0x00, 0x00, 0x00, 0x00, 0x00, 0x00,
    0x00, 0x00, 0x00, 0x00, 0x00, 0x00, 0x00, 0x00, 0x00, 0x00, 0x00, 0x00, 0x00, 0x00, 0x00, 0x00,
    0x00, 0x00, 0x00, 0x00, 0x00, 0x00, 0x00, 0x00, 0x00, 0x00, 0x00, 0x00, 0x00, 0x00, 0x00, 0x00,
    0x00, 0x00, 0x00, 0x00, 0x00, 0x00, 0x00, 0x00, 0x00, 0x00, 0x00, 0x00, 0x00, 0x00, 0x00, 0x00,
    0x00, 0x00, 0x00, 0x00, 0x00, 0x00, 0x00, 0x00, 0x00, 0x00, 0x00, 0x00, 0x00, 0x00, 0x00, 0x00,
    0x00, 0x00, 0x00, 0x00, 0x00, 0x00, 0x00, 0x00, 0x00, 0x00, 0x00, 0x00, 0x00, 0x00, 0x00, 0x00,
    0x00, 0x00, 0x00, 0x00, 0x00, 0x00, 0x00, 0x00, 0x00, 0x00, 0x00, 0x00, 0x00, 0x00, 0x00, 0x00,
    0x00, 0x00, 0x00, 0x00, 0x00, 0x00, 0x00, 0x00, 0x00, 0x00, 0x00, 0x00, 0x00, 0x00, 0x00, 0x00,
    0x00, 0x00, 0x00, 0x00, 0x00, 0x00, 0x00, 0x00, 0x00, 0x00, 0x00, 0x00, 0x00, 0x00, 0x00, 0x00,
    0x00, 0x00, 0x00, 0x00, 0x00, 0x00, 0x00, 0x00, 0x00, 0x00, 0x00, 0x00, 0x00, 0x00, 0x00, 0x00,
    0x00, 0x00, 0x00, 0x00, 0x00, 0x00, 0x00, 0x00, 0x00, 0x00, 0x00, 0x00, 0x00, 0x00, 0x00, 0x00,
    0x00, 0x00, 0x00, 0x00, 0x00, 0x00, 0x00, 0x00, 0x00, 0x00, 0x47, 0xed, 0x00, 0xff, 0xff, 0x00,
    0xff, 0xff, 0x00, 0xff, 0xff, 0x00, 0xff, 0xff, 0x00, 0xff, 0xff, 0x00, 0xff, 0xff, 0x00, 0xff,
    0xff, 0x00, 0xfe, 0xf0, 0x00, 0x00, 0x00, 0x00, 0x00, 0x00, 0x00, 0x00, 0x00, 0x00, 0x00, 0x00,
    0x00, 0x00, 0x00, 0x00, 0x00, 0x00, 0x00, 0x00, 0x00, 0x00, 0x00, 0x00, 0x00, 0x00, 0x00, 0x00,
    0x00, 0x00, 0x00, 0x00, 0x00, 0x00, 0x00, 0x00, 0x00, 0x00, 0x00, 0x00, 0x00, 0x00, 0x00, 0x00,
    0x00, 0x00, 0x00, 0x00, 0x00, 0x00, 0x00, 0x00, 0x00, 0x00, 0x00, 0x00, 0x00, 0x00, 0x00, 0x00,
    0x00, 0x00, 0x00, 0x00, 0x00, 0x00, 0x00, 0x00, 0x00, 0x00, 0x00, 0x00, 0x00, 0x00, 0x00, 0x00,
    0x00, 0x00, 0x00, 0x00, 0x00, 0x00, 0x00, 0x00, 0x47, 0xed, 0x00, 0xff, 0xff, 0x00, 0xff, 0xff,
    0x00, 0xff, 0xff, 0x00, 0xff, 0xff, 0x00, 0xff, 0xff, 0x00, 0xff, 0xff, 0x00, 0xff, 0xff, 0x00,
    0xfe, 0xf0, 0x00, 0x00, 0x00, 0x00, 0x00, 0x00, 0x00, 0x00, 0x00, 0x00, 0x00, 0x00, 0x00, 0x00,
    0x00, 0x00, 0x00, 0x00, 0x00, 0x00, 0x00, 0x00, 0x00, 0x00, 0x00, 0x00, 0x00, 0x00, 0x00, 0x00,
    0x00, 0x00, 0x00, 0x00, 0x00, 0x00, 0x00, 0x00, 0x00, 0x00, 0x00, 0x00, 0x00, 0x00, 0x00, 0x00,
    0x00, 0x00, 0x00, 0x00, 0x00, 0x00, 0x00, 0x00, 0x00, 0x00, 0x00, 0x00, 0x00, 0x00, 0x00, 0x00,
    0x00, 0x00, 0x00, 0x00, 0x00, 0x00, 0x00, 0x00, 0x00, 0x00, 0x00, 0x00, 0x00, 0x00, 0x00, 0x00,
    0x00, 0x00, 0x00, 0x00, 0x00, 0x00, 0x00, 0x00, 0x00, 0x00, 0x00, 0x00, 0x00, 0x00, 0x00, 0x00,
    0x00, 0x00, 0x00, 0x00, 0x00, 0x00, 0x00, 0x00, 0x00, 0x00, 0x00, 0x00, 0x00, 0x00, 0x00, 0x00,
    0x00, 0x00, 0x00, 0x00, 0x00, 0x00, 0x00, 0x00, 0x00, 0x00, 0x00, 0x00, 0x00, 0x00, 0x00, 0x00,
    0x00, 0x00, 0x00, 0x00, 0x00, 0x00, 0x00, 0x00, 0x00, 0x00, 0x00, 0x00, 0x00, 0x00, 0x00, 0x00,
    0x00, 0x00, 0x00, 0x00, 0x00, 0x00, 0x00, 0x00, 0x00, 0x00, 0x00, 0x00, 0x00, 0x00, 0x00, 0x00,
    0x00, 0x00, 0x00, 0x00, 0x00, 0x00, 0x00, 0x00, 0x00, 0x00, 0x00, 0x00, 0x00, 0x00, 0x00, 0x00,
    0x00, 0x00, 0x00, 0x00, 0x00, 0x00, 0x00, 0x00, 0x00, 0x00, 0x00, 0x00, 0x00, 0x00, 0x00, 0x00,
    0x00, 0x00, 0x00, 0x00, 0x47, 0xed, 0x00, 0xff, 0xff, 0x00, 0xff, 0xff, 0x00, 0xff, 0xff, 0x00,
    0xff, 0xff, 0x00, 0xff, 0xff, 0x00, 0xff, 0xff, 0x00, 0xff, 0xff, 0x00, 0xfe, 0xf0, 0x00, 0x00,
    0x00, 0x00, 0x00, 0x00, 0x00, 0x00, 0x00, 0x00, 0x00, 0x00, 0x00, 0x00, 0x00, 0x00, 0x00, 0x00,
    0x00, 0x00, 0x00, 0x00, 0x00, 0x00, 0x00, 0x00, 0x00, 0x00, 0x00, 0x00, 0x00, 0x00, 0x00, 0x00,
    0x00, 0x00, 0x00, 0x00, 0x00, 0x00, 0x00, 0x00, 0x00, 0x00, 0x00, 0x00, 0x00, 0x00, 0x00, 0x00,
    0x00, 0x00, 0x00, 0x00, 0x00, 0x00, 0x00, 0x00, 0x00, 0x00, 0x00, 0x00, 0x00, 0x00, 0x00, 0x00,
    0x00, 0x00, 0x00, 0x00, 0x00, 0x00, 0x00, 0x00, 0x00, 0x00, 0x00, 0x00, 0x00, 0x00, 0x00, 0x00,
    0x00, 0x00, 0x47, 0xed, 0x00, 0xff, 0xff, 0x00, 0xff, 0xff, 0x00, 0xff, 0xff, 0x00, 0xff, 0xff,
    0x00, 0xff, 0xff, 0x00, 0xff, 0xff, 0x00, 0xff, 0xff, 0x00, 0xfe, 0xf0, 0x00, 0x00, 0x00, 0x00,
    0x00, 0x00, 0x00, 0x00, 0x00, 0x00, 0x00, 0x00, 0x00, 0x00, 0x00, 0x00, 0x00, 0x00, 0x00, 0x00,
    0x00, 0x00, 0x00, 0x00, 0x00, 0x00, 0x00, 0x00, 0x00, 0x00, 0x00, 0x00, 0x00, 0x00, 0x00, 0x00,
    0x00, 0x00, 0x00, 0x00, 0x00, 0x00, 0x00, 0x00, 0x00, 0x00, 0x00, 0x00, 0x00, 0x00, 0x00, 0x00,
    0x00, 0x00, 0x00, 0x00, 0x00, 0x00, 0x00, 0x00, 0x00, 0x00, 0x00, 0x00, 0x00, 0x00, 0x00, 0x00,
    0x00, 0x00, 0x00, 0x00, 0x00, 0x00, 0x00, 0x00, 0x00, 0x00, 0x00, 0x00, 0x00, 0x00, 0x00, 0x00,
    0x00, 0x00, 0x00, 0x00, 0x00, 0x00, 0x00, 0x00, 0x00, 0x00, 0x00, 0x00, 0x00, 0x00, 0x00, 0x00,
    0x00, 0x00, 0x00, 0x00, 0x00, 0x00, 0x00, 0x00, 0x00, 0x00, 0x00, 0x00, 0x00, 0x00, 0x00, 0x00,
    0x00, 0x00, 0x00, 0x00, 0x00, 0x00, 0x00, 0x00, 0x00, 0x00, 0x00, 0x00, 0x00, 0x00, 0x00, 0x00,
    0x00, 0x00, 0x00, 0x00, 0x00, 0x00, 0x00, 0x00, 0x00, 0x00, 0x00, 0x00, 0x00, 0x00, 0x00, 0x00,
    0x00, 0x00, 0x00, 0x00, 0x00, 0x00, 0x00, 0x00, 0x00, 0x00, 0x00, 0x00, 0x00, 0x00, 0x00, 0x00,
    0x00, 0x00, 0x00, 0x00, 0x00, 0x00, 0x00, 0x00, 0x00, 0x00, 0x00, 0x00, 0x00, 0x00, 0x00, 0x00,
    0x00, 0x00, 0x00, 0x00, 0x00, 0x00, 0x00, 0x00, 0x00, 0x00, 0x00, 0x00, 0x00, 0x00, 0x47, 0xed,
    0x00, 0xff, 0xff, 0x00, 0xff, 0xff, 0x00, 0xff, 0xff, 0x00, 0xff, 0xff, 0x00, 0xff, 0xff, 0x00,
    0xff, 0xff, 0x00, 0xff, 0xff, 0x00, 0xfe, 0xf0, 0x00, 0x00, 0x00, 0x00, 0x00, 0x00, 0x00, 0x00,
    0x00, 0x00, 0x00, 0x00, 0x00, 0x00, 0x00, 0x00, 0x00, 0x00, 0x00, 0x00, 0x00, 0x00, 0x00, 0x00,
    0x00, 0x00, 0x00, 0x00, 0x00, 0x00, 0x00, 0x00, 0x00, 0x00, 0x00, 0x00, 0x00, 0x00, 0x00, 0x00,
    0x00, 0x00, 0x00, 0x00, 0x00, 0x00, 0x00, 0x00, 0x00, 0x00, 0x00, 0x00, 0x00, 0x00, 0x00, 0x00,
    0x00, 0x00, 0x00, 0x00, 0x00, 0x00, 0x00, 0x00, 0x00, 0x00, 0x00, 0x00, 0x00, 0x00, 0x00, 0x00,
    0x00, 0x00, 0x00, 0x00, 0x00, 0x00, 0x00, 0x00, 0x00, 0x00, 0x00, 0x00, 0x47, 0xed, 0x00, 0xff,
    0xff, 0x00, 0xff, 0xff, 0x00, 0xff, 0xff, 0x00, 0xff, 0xff, 0x00, 0xff, 0xff, 0x00, 0xff, 0xff,
    0x00, 0xff, 0xff, 0x00, 0xfe, 0xf0, 0x00, 0x00, 0x00, 0x00, 0x00, 0x00, 0x00, 0x00, 0x00, 0x00,
    0x00, 0x00, 0x00, 0x00, 0x00, 0x00, 0x00, 0x00, 0x00, 0x00, 0x00, 0x00, 0x00, 0x00, 0x00, 0x00,
    0x00, 0x00, 0x00, 0x00, 0x00, 0x00, 0x00, 0x00, 0x00, 0x00, 0x00, 0x00, 0x00, 0x00, 0x00, 0x00,
    0x00, 0x00, 0x00, 0x00, 0x00, 0x00, 0x00, 0x00, 0x00, 0x00, 0x00, 0x00, 0x00, 0x00, 0x00, 0x00,
    0x00, 0x00, 0x00, 0x00, 0x00, 0x00, 0x00, 0x00, 0x00, 0x00, 0x00, 0x00, 0x00, 0x00, 0x00, 0x00,
    0x00, 0x00, 0x00, 0x00, 0x00, 0x00, 0x00, 0x00, 0x00, 0x00, 0x00, 0x00, 0x00, 0x00, 0x00, 0x00,
    0x00, 0x00, 0x00, 0x00, 0x00, 0x00, 0x00, 0x00, 0x00, 0x00, 0x00, 0x00, 0x00, 0x00, 0x00, 0x00,
    0x00, 0x00, 0x00, 0x00, 0x00, 0x00, 0x00, 0x00, 0x00, 0x00, 0x00, 0x00, 0x00, 0x00, 0x00, 0x00,
    0x00, 0x00, 0x00, 0x00, 0x00, 0x00, 0x00, 0x00, 0x00, 0x00, 0x00, 0x00, 0x00, 0x00, 0x00, 0x00,
    0x00, 0x00, 0x00, 0x00, 0x00, 0x00, 0x00, 0x00, 0x00, 0x00, 0x00, 0x00, 0x00, 0x00, 0x00, 0x00,
    0x00, 0x00, 0x00, 0x00, 0x00, 0x00, 0x00, 0x00, 0x00, 0x00, 0x00, 0x00, 0x00, 0x00, 0x00, 0x00,
    0x00, 0x00, 0x00, 0x00, 0x00, 0x00, 0x00, 0x00, 0x00, 0x00, 0x00, 0x00, 0x00, 0x00, 0x00, 0x00,
    0x00, 0x00, 0x00, 0x00, 0x00, 0x00, 0x00, 0x00, 0x47, 0xed, 0x00, 0xff, 0xff, 0x00, 0xff, 0xff,
    0x00, 0xff, 0xff, 0x00, 0xff, 0xff, 0x00, 0xff, 0xff, 0x00, 0xff, 0xff, 0x00, 0xff, 0xff, 0x00,
    0xfe, 0xf0, 0x00, 0x00, 0x00, 0x00, 0x00, 0x00, 0x00, 0x00, 0x00, 0x00, 0x00, 0x00, 0x00, 0x00,
    0x00, 0x00, 0x00, 0x00, 0x00, 0x00, 0x00, 0x00, 0x00, 0x00, 0x00, 0x00, 0x00, 0x00, 0x00, 0x00,
    0x00, 0x00, 0x00, 0x00, 0x00, 0x00, 0x00, 0x00, 0x00, 0x00, 0x00, 0x00, 0x00, 0x00, 0x00, 0x00,
    0x00, 0x00, 0x00, 0x00, 0x00, 0x00, 0x00, 0x00, 0x00, 0x00, 0x00, 0x00, 0x00, 0x00, 0x00, 0x00,
    0x00, 0x00, 0x00, 0x00, 0x00, 0x00, 0x00, 0x00, 0x00, 0x00, 0x00, 0x00, 0x00, 0x00, 0x00, 0x00,
    0x00, 0x00, 0x00, 0x00, 0x00, 0x00, 0x47, 0xed, 0x00, 0xff, 0xff, 0x00, 0xff, 0xff, 0x00, 0xff,
    0xff, 0x00, 0xff, 0xff, 0x00, 0xff, 0xff, 0x00, 0xff, 0xff, 0x00, 0xff, 0xff, 0x00, 0xfe, 0xf0,
    0x00, 0x00, 0x00, 0x00, 0x00, 0x00, 0x00, 0x00, 0x00, 0x00, 0x00, 0x00, 0x00, 0x00, 0x00, 0x00,
    0x00, 0x00, 0x00, 0x00, 0x00, 0x00, 0x00, 0x00, 0x00, 0x00, 0x00, 0x00, 0x00, 0x00, 0x00, 0x00,
    0x00, 0x00, 0x00, 0x00, 0x00, 0x00, 0x00, 0x00, 0x00, 0x00, 0x00, 0x00, 0x00, 0x00, 0x00, 0x00,
    0x00, 0x00, 0x00, 0x00, 0x00, 0x00, 0x00, 0x00, 0x00, 0x00, 0x00, 0x00, 0x00, 0x00, 0x00, 0x00,
    0x00, 0x00, 0x00, 0x00, 0x00, 0x00, 0x00, 0x00, 0x00, 0x00, 0x00, 0x00, 0x00, 0x00, 0x00, 0x00,
    0x00, 0x00, 0x00, 0x00, 0x00, 0x00, 0x00, 0x00, 0x00, 0x00, 0x00, 0x00, 0x00, 0x00, 0x00, 0x00,
    0x00, 0x00, 0x00, 0x00, 0x00, 0x00, 0x00, 0x00, 0x00, 0x00, 0x00, 0x00, 0x00, 0x00, 0x00, 0x00,
    0x00, 0x00, 0x00, 0x00, 0x00, 0x00, 0x00, 0x00, 0x00, 0x00, 0x00, 0x00, 0x00, 0x00, 0x00, 0x00,
    0x00, 0x00, 0x00, 0x00, 0x00, 0x00, 0x00, 0x00, 0x00, 0x00, 0x00, 0x00, 0x00, 0x00, 0x00, 0x00,
    0x00, 0x00, 0x00, 0x00, 0x00, 0x00, 0x00, 0x00,
};
static const lv_image_dsc_t melt_img_49 = {
    .header.magic = LV_IMAGE_HEADER_MAGIC,
    .header.cf = LV_COLOR_FORMAT_A8,
    .header.flags = 0,
    .header.w = 110,
    .header.h = 108,
    .header.stride = 110,
    .data_size = sizeof melt_img_49_px,
    .data = melt_img_49_px,
};

static const uint8_t melt_img_50_px[] __attribute__((aligned(4))) = {
    0x00, 0x00, 0x00, 0x00, 0x01, 0x00, 0x9c, 0xd6, 0x00, 0xf1, 0xd4, 0x00, 0x38, 0x01, 0x00, 0x00,
    0x00, 0x00, 0x00, 0x00, 0x00, 0x08, 0x98, 0x00, 0xff, 0xff, 0x00, 0xff, 0xff, 0x00, 0xfc, 0x92,
    0x00, 0x00, 0x00, 0x00, 0x00, 0x00, 0x00, 0x00, 0x00, 0x00, 0x00, 0x00, 0x00, 0x00, 0x00, 0x00,
    0x00, 0x00, 0x00, 0x00, 0x00, 0x00, 0x00, 0x00, 0x00, 0xff, 0xff, 0x00, 0xff, 0xff, 0x00, 0xff,
    0xff, 0x00, 0xff, 0xff, 0x00, 0x6e, 0x00, 0x00, 0x00, 0x1b, 0x00, 0xff, 0xff, 0x00, 0xff, 0xff,
    0x00, 0xff, 0xff, 0x00, 0xff, 0xff, 0x00, 0xec, 0x17, 0x00, 0x00, 0x00, 0x00, 0x00, 0x00, 0x00,
    0x00, 0x00, 0x00, 0x00, 0x00, 0x00, 0x00, 0x00, 0x00, 0x00, 0x00, 0x00, 0x04, 0xd9, 0x00, 0xff,
    0xff, 0x00, 0xff, 0x79, 0x00, 0x00, 0x85, 0x00, 0xff, 0xff, 0x00, 0xff, 0xd1, 0x00, 0x27, 0xfe,
    0x00, 0xff, 0xff, 0x00, 0xf0, 0x14, 0x00, 0x00, 0x1b, 0x00, 0xff, 0xff, 0x00, 0xff, 0xfd, 0x00,
    0x00, 0x00, 0x00, 0x00, 0x00, 0x00, 0x00, 0x00, 0x00, 0x00, 0x00, 0x00, 0x00, 0x00, 0x00, 0x00,
    0x00, 0x00, 0x84, 0xff, 0x00, 0xff, 0xff, 0x00, 0x8f, 0x00, 0x00, 0x00, 0x00, 0x00, 0xff, 0xff,
    0x00, 0xff, 0xff, 0x00, 0xaa, 0xff, 0x00, 0xff, 0xff, 0x00, 0x69, 0x00, 0x00, 0x00, 0x00, 0x00,
    0xff, 0xff, 0x00, 0xff, 0xff, 0x00, 0x00, 0x00, 0x00, 0x00, 0x00, 0x00, 0x00, 0x00, 0x00, 0x00,
    0x00, 0x00, 0x00, 0x00, 0x00, 0x00, 0x00, 0x00, 0xca, 0xff, 0x00, 0xff, 0xff, 0x00, 0x50, 0x00,
    0x00, 0x00, 0x00, 0x00, 0xff, 0xff, 0x00, 0xff, 0xff, 0x00, 0xdc, 0xff, 0x00, 0xff, 0xff, 0x00,
    0x4a, 0x00, 0x00, 0x00, 0x00, 0x00, 0xff, 0xff, 0x00, 0xff, 0xff, 0x00, 0x00, 0x00, 0x00, 0x00,
    0x00, 0x00, 0x00, 0x00, 0x00, 0x00, 0x00, 0x00, 0x00, 0x00, 0x00, 0x00, 0x00, 0x00, 0xcd, 0xff,
    0x00, 0xff, 0xff, 0x00, 0x4f, 0x00, 0x00, 0x00, 0x00, 0x00, 0xff, 0xff, 0x00, 0xff, 0xff, 0x00,
    0xbb, 0xff, 0x00, 0xff, 0xff, 0x00, 0x57, 0x00, 0x00, 0x00, 0x00, 0x00, 0xff, 0xff, 0x00, 0xff,
    0xff, 0x00, 0x00, 0x00, 0x00, 0x00, 0x00, 0x00, 0x00, 0x00, 0x00, 0x00, 0x00, 0x00, 0x00, 0x00,
    0x00, 0x00, 0x00, 0x00, 0x88, 0xff, 0x00, 0xff, 0xff, 0x00, 0x8a, 0x00, 0x00, 0x00, 0x00, 0x00,
    0xff, 0xff, 0x00, 0xff, 0xff, 0x00, 0x63, 0xff, 0x00, 0xff, 0xff, 0x00, 0xb6, 0x00, 0x00, 0x00,
    0x00, 0x00, 0xff, 0xff, 0x00, 0xff, 0xff, 0x00, 0x00, 0x00, 0x00, 0x00, 0x00, 0x00, 0x00, 0x00,
    0x00, 0x00, 0x00, 0x00, 0x00, 0x00, 0x00, 0x00, 0x00, 0x00, 0x05, 0xdf, 0x00, 0xff, 0xff, 0x00,
    0xff, 0x6c, 0x00, 0x00, 0x76, 0x00, 0xff, 0xff, 0x00, 0xff, 0xd8, 0x00, 0x00, 0x8a, 0x00, 0xff,
    0xff, 0x00, 0xff, 0xf2, 0x00, 0x7d, 0xf5, 0x00, 0xff, 0xff, 0x00, 0xff, 0x80, 0x00, 0x00, 0x00,
    0x00, 0x00, 0x00, 0x00, 0x00, 0x00, 0x00, 0x00, 0x00, 0x00, 0x00, 0x00, 0x00, 0x00, 0x00, 0x00,
    0x00, 0x00, 0x00, 0xff, 0xff, 0x00, 0xff, 0xff, 0x00, 0xff, 0xff, 0x00, 0xff, 0xff, 0x00, 0x7e,
    0x00, 0x00, 0x00, 0x00, 0x00, 0xbc, 0xff, 0x00, 0xff, 0xff, 0x00, 0xff, 0xff, 0x00, 0xff, 0xff,
    0x00, 0x07, 0x00, 0x00, 0x00, 0x00, 0x00, 0x00, 0x00, 0x00, 0x00, 0x00, 0x00, 0x00, 0x00, 0x00,
    0x00, 0x00, 0x00, 0x00, 0x00, 0x00, 0x00, 0x00, 0x00, 0x00, 0x03, 0x00, 0xb1, 0xed, 0x00, 0xfd,
    0xec, 0x00, 0x4b, 0x02, 0x00, 0x00, 0x00, 0x00,
};
static const lv_image_dsc_t melt_img_50 = {
    .header.magic = LV_IMAGE_HEADER_MAGIC,
    .header.cf = LV_COLOR_FORMAT_A8,
    .header.flags = 0,
    .header.w = 18,
    .header.h = 28,
    .header.stride = 18,
    .data_size = sizeof melt_img_50_px,
    .data = melt_img_50_px,
};

static const uint8_t melt_img_51_px[] __attribute__((aligned(4))) = {
    0x00, 0x00, 0x00, 0x00, 0x00, 0x00, 0x35, 0xd8, 0x00, 0xf4, 0xf4, 0x00, 0xee, 0x00, 0x00, 0x00,
    0x00, 0x02, 0x00, 0xf8, 0xff, 0x00, 0xff, 0xff, 0x00, 0xf9, 0x00, 0x00, 0x00, 0x00, 0x00, 0x00,
    0x00, 0x00, 0x00, 0x00, 0x00, 0x00, 0x00, 0x00, 0x00, 0x00, 0xda, 0xff, 0x00, 0xff, 0xff, 0x00,
    0xff, 0xff, 0x00, 0xf9, 0x04, 0x6f, 0x00, 0xff, 0xff, 0x00, 0xff, 0xff, 0x00, 0xff, 0xff, 0x00,
    0xf9, 0x00, 0x00, 0x00, 0x00, 0x00, 0x00, 0x00, 0x00, 0x00, 0x00, 0x00, 0x00, 0x00, 0x82, 0xff,
    0x00, 0xff, 0xff, 0x00, 0xff, 0xff, 0x00, 0xff, 0xff, 0x00, 0xf9, 0x10, 0xe4, 0x00, 0xff, 0xff,
    0x00, 0xd7, 0xff, 0x00, 0xff, 0xff, 0x00, 0xf9, 0x00, 0x00, 0x00, 0x00, 0x00, 0x00, 0x00, 0x00,
    0x00, 0x00, 0x00, 0x00, 0x00, 0x00, 0x07, 0x00, 0xef, 0x5a, 0x00, 0x28, 0xff, 0x00, 0xff, 0xff,
    0x00, 0xf9, 0x00, 0x00, 0x00, 0x2d, 0x00, 0x00, 0x28, 0xff, 0x00, 0xff, 0xff, 0x00, 0xf9, 0x00,
    0x00, 0x00, 0x00, 0x00, 0x00, 0x00, 0x00, 0x00, 0x00, 0x00, 0x00, 0x00, 0x00, 0x00, 0x00, 0x00,
    0x00, 0x00, 0x28, 0xff, 0x00, 0xff, 0xff, 0x00, 0xf9, 0x00, 0x00, 0x00, 0x00, 0x00, 0x00, 0x28,
    0xff, 0x00, 0xff, 0xff, 0x00, 0xf9, 0x00, 0x00, 0x00, 0x00, 0x00, 0x00, 0x00, 0x00, 0x00, 0x00,
    0x00, 0x00, 0x00, 0x00, 0x00, 0x00, 0x00, 0x00, 0x00, 0x28, 0xff, 0x00, 0xff, 0xff, 0x00, 0xf9,
    0x00, 0x00, 0x00, 0x00, 0x00, 0x00, 0x28, 0xff, 0x00, 0xff, 0xff, 0x00, 0xf9, 0x00, 0x00, 0x00,
    0x00, 0x00, 0x00, 0x00, 0x00, 0x00, 0x00, 0x00, 0x00, 0x00, 0x00, 0x00, 0x00, 0x00, 0x00, 0x00,
    0x28, 0xff, 0x00, 0xff, 0xff, 0x00, 0xf9, 0x00, 0x00, 0x00, 0x00, 0x00, 0x00, 0x28, 0xff, 0x00,
    0xff, 0xff, 0x00, 0xf9, 0x00, 0x00, 0x00, 0x00, 0x00, 0x00, 0x00, 0x00, 0x00, 0x00, 0x00, 0x00,
    0x00, 0x00, 0x00, 0x00, 0x00, 0x00, 0x00, 0x28, 0xff, 0x00, 0xff, 0xff, 0x00, 0xf9, 0x00, 0x00,
    0x00, 0x00, 0x00, 0x00, 0x28, 0xff, 0x00, 0xff, 0xff, 0x00, 0xf9, 0x00, 0x00, 0x00, 0x00, 0x00,
    0x00, 0x00, 0x00, 0x00, 0x00, 0x00, 0x00, 0x00, 0x00, 0x00, 0x00, 0x00, 0x00, 0x00, 0x28, 0xff,
    0x00, 0xff, 0xff, 0x00, 0xf9, 0x00, 0x00, 0x00, 0x00, 0x00, 0x00, 0x28, 0xff, 0x00, 0xff, 0xff,
    0x00, 0xf9, 0x00, 0x00, 0x00, 0x00, 0x00, 0x00, 0x00, 0x00, 0x00, 0x00, 0x00, 0x00, 0x00, 0x00,
    0x00, 0x00, 0x00, 0x00, 0x00, 0x28, 0xff, 0x00, 0xff, 0xff, 0x00, 0xf9,
};
static const lv_image_dsc_t melt_img_51 = {
    .header.magic = LV_IMAGE_HEADER_MAGIC,
    .header.cf = LV_COLOR_FORMAT_A8,
    .header.flags = 0,
    .header.w = 13,
    .header.h = 28,
    .header.stride = 13,
    .data_size = sizeof melt_img_51_px,
    .data = melt_img_51_px,
};

static const uint8_t melt_img_52_px[] __attribute__((aligned(4))) = {
    0x00, 0x00, 0x00, 0x00, 0x13, 0x00, 0xc1, 0xf2, 0x00, 0xfc, 0xeb, 0x00, 0x58, 0x07, 0x00, 0x00,
    0x00, 0x00, 0x00, 0x00, 0x5c, 0xeb, 0x00, 0xff, 0xff, 0x00, 0xff, 0xff, 0x00, 0xff, 0xd0, 0x00,
    0x00, 0x00, 0x00, 0x00, 0x00, 0x00, 0x00, 0x00, 0x00, 0x00, 0x00, 0x00, 0x00, 0x00, 0x00, 0x00,
    0x00, 0x00, 0x00, 0x00, 0x42, 0x00, 0xff, 0xff, 0x00, 0xff, 0xff, 0x00, 0xff, 0xff, 0x00, 0xff,
    0xff, 0x00, 0xd0, 0x08, 0x03, 0xc9, 0x00, 0xff, 0xff, 0x00, 0xff, 0xff, 0x00, 0xff, 0xff, 0x00,
    0xff, 0xff, 0x00, 0xff, 0x59, 0x00, 0x00, 0x00, 0x00, 0x00, 0x00, 0x00, 0x00, 0x00, 0x00, 0x00,
    0x00, 0x00, 0x00, 0x00, 0x00, 0x00, 0x7e, 0xff, 0x00, 0xff, 0xff, 0x00, 0xba, 0x05, 0x00, 0x00,
    0x78, 0x00, 0xff, 0xff, 0x00, 0xff, 0xeb, 0xb3, 0xff, 0x00, 0xff, 0xff, 0x00, 0x48, 0x00, 0x00,
    0x00, 0x27, 0x00, 0xff, 0xff, 0x00, 0xff, 0xfc, 0x00, 0x00, 0x00, 0x00, 0x00, 0x00, 0x00, 0x00,
    0x00, 0x00, 0x00, 0x00, 0x00, 0x00, 0x00, 0x00, 0x00, 0x00, 0x00, 0x00, 0x00, 0x00, 0x00, 0x00,
    0x00, 0x00, 0x00, 0x44, 0x00, 0xff, 0xff, 0x00, 0xff, 0xf0, 0x00, 0x00, 0x00, 0x00, 0x00, 0x00,
    0x00, 0x00, 0x00, 0x00, 0xa3, 0x00, 0xff, 0xff, 0x00, 0xff, 0xbb, 0x00, 0x00, 0x00, 0x00, 0x00,
    0x00, 0x00, 0x00, 0x00, 0x00, 0x00, 0x00, 0x00, 0x00, 0x00, 0x00, 0x00, 0x00, 0x00, 0x00, 0x00,
    0x00, 0x00, 0x00, 0x00, 0x00, 0xd0, 0xff, 0x00, 0xff, 0xff, 0x00, 0xe7, 0x0e, 0x00, 0x00, 0x00,
    0x00, 0x00, 0x00, 0x00, 0x04, 0x00, 0xff, 0xff, 0x00, 0xff, 0xff, 0x00, 0x68, 0x00, 0x00, 0x00,
    0x00, 0x00, 0x00, 0x00, 0x00, 0x00, 0x00, 0x00, 0x00, 0x00, 0x00, 0x00, 0x00, 0x00, 0x00, 0x00,
    0x00, 0x00, 0x00, 0x00, 0x00, 0x6d, 0xfe, 0x00, 0xff, 0xff, 0x00, 0xff, 0xe4, 0x00, 0x00, 0x00,
    0x00, 0x00, 0x00, 0x00, 0x00, 0x00, 0xfa, 0xff, 0x00, 0xff, 0xff, 0x00, 0xf4, 0x3c, 0x00, 0x00,
    0x00, 0x00, 0x00, 0x00, 0x00, 0x00, 0x00, 0x00, 0x00, 0x00, 0x00, 0x00, 0x00, 0x00, 0x00, 0x00,
    0x00, 0x00, 0x00, 0x00, 0x00, 0x22, 0xe3, 0x00, 0xff, 0xff, 0x00, 0xff, 0xff, 0x00, 0x00, 0x00,
    0x00, 0x00, 0x00, 0x00, 0x00, 0x00, 0xce, 0xff, 0x00, 0xff, 0xff, 0x00, 0xff, 0x9e, 0x00, 0x00,
    0x00, 0x00, 0x00, 0x00, 0x00, 0x00, 0x00, 0x00, 0x00, 0x00, 0x00, 0x00, 0x00, 0x00, 0x00, 0x00,
    0x00, 0x00, 0x00, 0x00, 0x00, 0x02, 0x97, 0x00, 0xff, 0xff, 0x00, 0xff, 0xff, 0x00, 0x15, 0x00,
    0x00, 0x00, 0x00, 0x00, 0x00, 0x00, 0x59, 0xff, 0x00, 0xff, 0xff, 0x00, 0xff, 0xfd, 0x00, 0x69,
    0x69, 0x00, 0x69, 0x69, 0x00, 0x69, 0x4a, 0x00, 0x00, 0x00, 0x00, 0x00, 0x00, 0x00, 0x00, 0x00,
    0x00, 0x00, 0x00, 0x00, 0x00, 0x00, 0x00, 0x00, 0x73, 0xff, 0x00, 0xff, 0xff, 0x00, 0xff, 0xff,
    0x00, 0xff, 0xff, 0x00, 0xff, 0xff, 0x00, 0xff, 0xb3, 0x73, 0xff, 0x00, 0xff, 0xff, 0x00, 0xff,
    0xff, 0x00, 0xff, 0xff, 0x00, 0xff, 0xff, 0x00, 0xff, 0xb3, 0x00, 0x00, 0x00, 0x00, 0x00, 0x00,
    0x00, 0x00, 0x00, 0x00, 0x00, 0x00, 0x00, 0x00, 0x00, 0x00, 0x00, 0x73, 0xff, 0x00, 0xff, 0xff,
    0x00, 0xff, 0xff, 0x00, 0xff, 0xff, 0x00, 0xff, 0xff, 0x00, 0xff, 0xb3,
};
static const lv_image_dsc_t melt_img_52 = {
    .header.magic = LV_IMAGE_HEADER_MAGIC,
    .header.cf = LV_COLOR_FORMAT_A8,
    .header.flags = 0,
    .header.w = 17,
    .header.h = 28,
    .header.stride = 17,
    .data_size = sizeof melt_img_52_px,
    .data = melt_img_52_px,
};

static const uint8_t melt_img_53_px[] __attribute__((aligned(4))) = {
    0x00, 0x00, 0x00, 0x00, 0x0e, 0x00, 0xbe, 0xf1, 0x00, 0xfa, 0xe0, 0x00, 0x39, 0x01, 0x00, 0x00,
    0x00, 0x00, 0x00, 0x00, 0x43, 0xe0, 0x00, 0xff, 0xff, 0x00, 0xff, 0xff, 0x00, 0xfd, 0xa1, 0x00,
    0x00, 0x00, 0x00, 0x00, 0x00, 0x00, 0x00, 0x00, 0x00, 0x00, 0x00, 0x00, 0x00, 0x00, 0x00, 0x00,
    0x00, 0x00, 0x00, 0x00, 0x20, 0x00, 0xff, 0xff, 0x00, 0xff, 0xff, 0x00, 0xff, 0xff, 0x00, 0xff,
    0xff, 0x00, 0x7e, 0x00, 0x00, 0xa0, 0x00, 0xff, 0xff, 0x00, 0xff, 0xff, 0x00, 0xff, 0xff, 0x00,
    0xff, 0xff, 0x00, 0xec, 0x0e, 0x00, 0x00, 0x00, 0x00, 0x00, 0x00, 0x00, 0x00, 0x00, 0x00, 0x00,
    0x00, 0x00, 0x00, 0x00, 0x00, 0x00, 0x26, 0xb5, 0x00, 0xfe, 0xff, 0x00, 0x62, 0x00, 0x00, 0x00,
    0xa1, 0x00, 0xff, 0xff, 0x00, 0xff, 0x71, 0x00, 0x00, 0x00, 0x36, 0x75, 0x00, 0x09, 0x00, 0x00,
    0x00, 0x4a, 0x00, 0xff, 0xff, 0x00, 0xff, 0x78, 0x00, 0x00, 0x00, 0x00, 0x00, 0x00, 0x00, 0x00,
    0x00, 0x00, 0x00, 0x00, 0x00, 0x00, 0x00, 0x00, 0x00, 0x00, 0x00, 0x00, 0x00, 0x00, 0x00, 0x00,
    0x00, 0x00, 0x00, 0x7c, 0x00, 0xff, 0xff, 0x00, 0xff, 0x34, 0x00, 0x00, 0x00, 0x00, 0x00, 0x00,
    0x00, 0x00, 0x00, 0x32, 0xec, 0x00, 0xff, 0xff, 0x00, 0xd5, 0x05, 0x00, 0x00, 0x00, 0x00, 0x00,
    0x00, 0x00, 0x00, 0x00, 0x00, 0x00, 0x00, 0x00, 0x00, 0x00, 0x00, 0x00, 0x00, 0x00, 0x00, 0x00,
    0x00, 0x00, 0xd9, 0xff, 0x00, 0xff, 0xff, 0x00, 0xff, 0xf8, 0x00, 0x01, 0x00, 0x00, 0x00, 0x00,
    0x00, 0x00, 0x00, 0xd9, 0xff, 0x00, 0xff, 0xff, 0x00, 0xf9, 0x76, 0x00, 0x00, 0x00, 0x00, 0x00,
    0x00, 0x00, 0x00, 0x00, 0x00, 0x00, 0x00, 0x00, 0x00, 0x00, 0x00, 0x00, 0x00, 0x00, 0x00, 0x00,
    0x00, 0x00, 0x00, 0x00, 0x00, 0xc2, 0xe5, 0x00, 0xff, 0xff, 0x00, 0xff, 0xff, 0x00, 0xb9, 0x04,
    0x00, 0x00, 0x00, 0x00, 0x00, 0x00, 0x00, 0x02, 0x00, 0x5c, 0xea, 0x00, 0xff, 0xff, 0x00, 0xff,
    0x54, 0x00, 0x00, 0x00, 0x00, 0x00, 0x00, 0x00, 0x00, 0x00, 0x00, 0x00, 0x00, 0x00, 0x00, 0x00,
    0x00, 0x00, 0x00, 0x00, 0x00, 0x00, 0x00, 0x00, 0x00, 0x00, 0x00, 0x00, 0x07, 0x00, 0xff, 0xff,
    0x00, 0xff, 0xec, 0x00, 0x00, 0x00, 0x01, 0x15, 0x00, 0x00, 0x00, 0x00, 0x00, 0x04, 0x00, 0xff,
    0xff, 0x00, 0xff, 0xf8, 0x00, 0x00, 0x00, 0x00, 0x00, 0x00, 0x00, 0x00, 0x00, 0x00, 0x00, 0x00,
    0x00, 0x00, 0x00, 0x00, 0x00, 0xdc, 0xff, 0x00, 0xff, 0xff, 0x00, 0x22, 0x00, 0x00, 0x00, 0x7c,
    0x00, 0xff, 0xff, 0x00, 0xff, 0xd0, 0x9f, 0xff, 0x00, 0xff, 0xff, 0x00, 0xde, 0x6b, 0x00, 0x8e,
    0xfb, 0x00, 0xff, 0xff, 0x00, 0xff, 0x93, 0x00, 0x00, 0x00, 0x00, 0x00, 0x00, 0x00, 0x00, 0x00,
    0x00, 0x00, 0x00, 0x00, 0x00, 0x00, 0x00, 0x00, 0x02, 0xa8, 0x00, 0xff, 0xff, 0x00, 0xff, 0xff,
    0x00, 0xff, 0xff, 0x00, 0xff, 0xff, 0x00, 0xa4, 0x01, 0x00, 0x12, 0x00, 0xff, 0xff, 0x00, 0xff,
    0xff, 0x00, 0xff, 0xff, 0x00, 0xff, 0xff, 0x00, 0x12, 0x00, 0x00, 0x00, 0x00, 0x00, 0x00, 0x00,
    0x00, 0x00, 0x00, 0x00, 0x00, 0x00, 0x00, 0x00, 0x00, 0x00, 0x00, 0x00, 0x00, 0x00, 0x01, 0x31,
    0x00, 0xd4, 0xf7, 0x00, 0xfa, 0xde, 0x00, 0x3e, 0x02, 0x00, 0x00, 0x00,
};
static const lv_image_dsc_t melt_img_53 = {
    .header.magic = LV_IMAGE_HEADER_MAGIC,
    .header.cf = LV_COLOR_FORMAT_A8,
    .header.flags = 0,
    .header.w = 17,
    .header.h = 28,
    .header.stride = 17,
    .data_size = sizeof melt_img_53_px,
    .data = melt_img_53_px,
};

static const uint8_t melt_img_54_px[] __attribute__((aligned(4))) = {
    0x00, 0x00, 0x00, 0x00, 0x00, 0x00, 0x00, 0x0e, 0x00, 0xff, 0xff, 0x00, 0xff, 0xff, 0x00, 0xfb,
    0x09, 0x00, 0x00, 0x00, 0x00, 0x00, 0x00, 0x00, 0x00, 0x00, 0x6e, 0x00, 0xff, 0xff, 0x00, 0xff,
    0xff, 0x00, 0xfb, 0x09, 0x00, 0x00, 0x00, 0x00, 0x00, 0x00, 0x00, 0x00, 0x00, 0x00, 0x00, 0x00,
    0x00, 0x00, 0x00, 0x00, 0x00, 0x00, 0x00, 0x00, 0x00, 0x00, 0x00, 0x00, 0x00, 0x00, 0x00, 0x66,
    0xff, 0x00, 0xff, 0xff, 0x00, 0xff, 0xff, 0x00, 0xfb, 0x09, 0x00, 0x00, 0x00, 0x00, 0x00, 0x00,
    0x00, 0x00, 0xd9, 0xff, 0x00, 0xff, 0xff, 0x00, 0xff, 0xff, 0x00, 0xfb, 0x09, 0x00, 0x00, 0x00,
    0x00, 0x00, 0x00, 0x00, 0x00, 0x00, 0x00, 0x00, 0x00, 0x00, 0x00, 0x00, 0x00, 0x00, 0x00, 0x00,
    0x00, 0x00, 0x00, 0x00, 0x00, 0x00, 0x05, 0x00, 0xff, 0xff, 0x00, 0xff, 0xdd, 0x00, 0xff, 0xff,
    0x00, 0xfb, 0x09, 0x00, 0x00, 0x00, 0x00, 0x00, 0x00, 0x51, 0x00, 0xff, 0xff, 0x00, 0xde, 0x97,
    0x00, 0xff, 0xff, 0x00, 0xfb, 0x09, 0x00, 0x00, 0x00, 0x00, 0x00, 0x00, 0x00, 0x00, 0x00, 0x00,
    0x00, 0x00, 0x00, 0x00, 0x00, 0x00, 0x00, 0x00, 0x00, 0x00, 0x00, 0x00, 0x00, 0x00, 0x49, 0xfe,
    0x00, 0xff, 0xff, 0x00, 0x18, 0x8e, 0x00, 0xff, 0xff, 0x00, 0xfb, 0x09, 0x00, 0x00, 0x00, 0x00,
    0x00, 0xc2, 0xff, 0x00, 0xff, 0xff, 0x00, 0x00, 0x8e, 0x00, 0xff, 0xff, 0x00, 0xfb, 0x09, 0x00,
    0x00, 0x00, 0x00, 0x00, 0x00, 0x00, 0x00, 0x00, 0x00, 0x00, 0x00, 0x00, 0x00, 0x00, 0x00, 0x00,
    0x00, 0x00, 0x00, 0x00, 0x00, 0x01, 0x00, 0xff, 0xff, 0x00, 0xff, 0xb9, 0x00, 0x00, 0x8e, 0x00,
    0xff, 0xff, 0x00, 0xfb, 0x09, 0x00, 0x00, 0x00, 0x35, 0x00, 0xff, 0xff, 0x00, 0xfe, 0x4d, 0x00,
    0x00, 0x8e, 0x00, 0xff, 0xff, 0x00, 0xfb, 0x09, 0x00, 0x00, 0x00, 0x00, 0x00, 0x00, 0x00, 0x00,
    0x00, 0x00, 0x00, 0x00, 0x00, 0x00, 0x00, 0x00, 0x00, 0x00, 0x00, 0x00, 0x00, 0x2e, 0xfd, 0x00,
    0xff, 0xff, 0x00, 0x6e, 0x00, 0x00, 0x00, 0x8e, 0x00, 0xff, 0xff, 0x00, 0xfb, 0x09, 0x00, 0x00,
    0xa6, 0xff, 0x00, 0xff, 0xff, 0x00, 0x17, 0x06, 0x00, 0x06, 0x90, 0x00, 0xff, 0xff, 0x00, 0xfb,
    0x0f, 0x00, 0x06, 0x00, 0x00, 0x00, 0x00, 0x00, 0x00, 0x00, 0x00, 0x00, 0x00, 0x00, 0x00, 0x00,
    0x00, 0x00, 0x00, 0x00, 0x00, 0x00, 0xe6, 0xff, 0x00, 0xff, 0xff, 0x00, 0xff, 0xff, 0x00, 0xff,
    0xff, 0x00, 0xff, 0xff, 0x00, 0xff, 0xff, 0x00, 0xe8, 0xe6, 0xff, 0x00, 0xff, 0xff, 0x00, 0xff,
    0xff, 0x00, 0xff, 0xff, 0x00, 0xff, 0xff, 0x00, 0xff, 0xff, 0x00, 0xe8, 0x00, 0x00, 0x00, 0x00,
    0x00, 0x00, 0x00, 0x00, 0x00, 0x00, 0x00, 0x00, 0x00, 0x00, 0x00, 0x00, 0x00, 0x00, 0x00, 0xe6,
    0xff, 0x00, 0xff, 0xff, 0x00, 0xff, 0xff, 0x00, 0xff, 0xff, 0x00, 0xff, 0xff, 0x00, 0xff, 0xff,
    0x00, 0xe8, 0x50, 0x59, 0x00, 0x59, 0x59, 0x00, 0x59, 0x59, 0x00, 0x59, 0xc1, 0x00, 0xff, 0xff,
    0x00, 0xfd, 0x5f, 0x00, 0x51, 0x00, 0x00, 0x00, 0x00, 0x00, 0x00, 0x00, 0x00, 0x00, 0x00, 0x00,
    0x00, 0x00, 0x00, 0x00, 0x00, 0x00, 0x00, 0x00, 0x00, 0x00, 0x00, 0x00, 0x00, 0x00, 0x00, 0x00,
    0x00, 0x00, 0x9f, 0x00, 0xff, 0xff, 0x00, 0xfb, 0x09, 0x00, 0x00, 0x00, 0x00, 0x00, 0x00, 0x00,
    0x00, 0x00, 0x00, 0x00, 0x00, 0x9f, 0x00, 0xff, 0xff, 0x00, 0xfb, 0x09, 0x00, 0x00, 0x00, 0x00,
    0x00, 0x00, 0x00, 0x00, 0x00, 0x00, 0x00, 0x00, 0x00, 0x00, 0x00, 0x00, 0x00, 0x00, 0x00, 0x00,
    0x00, 0x00, 0x00, 0x00, 0x00, 0x00, 0x00, 0x00, 0x00, 0x00, 0x00, 0x9f, 0x00, 0xff, 0xff, 0x00,
    0xfb, 0x09, 0x00, 0x00,
};
static const lv_image_dsc_t melt_img_54 = {
    .header.magic = LV_IMAGE_HEADER_MAGIC,
    .header.cf = LV_COLOR_FORMAT_A8,
    .header.flags = 0,
    .header.w = 19,
    .header.h = 28,
    .header.stride = 19,
    .data_size = sizeof melt_img_54_px,
    .data = melt_img_54_px,
};

static const uint8_t melt_img_55_px[] __attribute__((aligned(4))) = {
    0x00, 0x00, 0x00, 0xff, 0xff, 0x00, 0xff, 0xff, 0x00, 0xff, 0xff, 0x00, 0xff, 0xff, 0x00, 0xe4,
    0x06, 0x00, 0x00, 0x00, 0xff, 0xff, 0x00, 0xff, 0xff, 0x00, 0xff, 0xff, 0x00, 0xff, 0xff, 0x00,
    0xe4, 0x06, 0x00, 0x00, 0x00, 0x00, 0x00, 0x00, 0x00, 0x00, 0x00, 0x00, 0x00, 0x00, 0x00, 0x00,
    0x00, 0x00, 0x00, 0x00, 0x00, 0x00, 0xff, 0xff, 0x00, 0xff, 0xff, 0x00, 0xff, 0xff, 0x00, 0xff,
    0xff, 0x00, 0xe4, 0x06, 0x00, 0x02, 0x00, 0xff, 0xff, 0x00, 0xff, 0xff, 0x00, 0xff, 0xff, 0x00,
    0xff, 0xff, 0x00, 0xe4, 0x06, 0x00, 0x00, 0x00, 0x00, 0x00, 0x00, 0x00, 0x00, 0x00, 0x00, 0x00,
    0x00, 0x00, 0x00, 0x00, 0x00, 0x00, 0x00, 0x10, 0x00, 0xff, 0xff, 0x00, 0xff, 0x53, 0x00, 0x00,
    0x00, 0x00, 0x00, 0x00, 0x00, 0x00, 0x00, 0x00, 0x14, 0x00, 0xff, 0xff, 0x00, 0xff, 0x4b, 0x00,
    0x00, 0x00, 0x00, 0x00, 0x00, 0x00, 0x00, 0x00, 0x00, 0x00, 0x00, 0x00, 0x00, 0x00, 0x00, 0x00,
    0x00, 0x00, 0x00, 0x00, 0x00, 0x00, 0x00, 0x00, 0x00, 0x00, 0x19, 0x00, 0xff, 0xff, 0x00, 0xff,
    0x54, 0x00, 0x53, 0x46, 0x00, 0x00, 0x00, 0x00, 0x00, 0x00, 0x00, 0x1b, 0x00, 0xff, 0xff, 0x00,
    0xff, 0xfa, 0x00, 0xff, 0xff, 0x00, 0xb4, 0x33, 0x00, 0x00, 0x00, 0x00, 0x00, 0x00, 0x00, 0x00,
    0x00, 0x00, 0x00, 0x00, 0x00, 0x00, 0x00, 0x00, 0x00, 0x00, 0x00, 0x00, 0x00, 0x3a, 0x00, 0xff,
    0xff, 0x00, 0xff, 0xff, 0x00, 0xff, 0xff, 0x00, 0xff, 0xff, 0x00, 0x3f, 0x00, 0x00, 0x43, 0x00,
    0xff, 0xff, 0x00, 0xff, 0xff, 0x00, 0xff, 0xff, 0x00, 0xff, 0xff, 0x00, 0xce, 0x04, 0x00, 0x00,
    0x00, 0x00, 0x00, 0x00, 0x00, 0x00, 0x00, 0x00, 0x00, 0x00, 0x00, 0x00, 0x00, 0x00, 0x00, 0x00,
    0x2c, 0x00, 0x0f, 0x00, 0x00, 0x00, 0x00, 0x00, 0x38, 0xeb, 0x00, 0xff, 0xff, 0x00, 0xff, 0x86,
    0x00, 0x00, 0x00, 0x00, 0x00, 0x00, 0x00, 0x00, 0x00, 0x00, 0x72, 0x00, 0xff, 0xff, 0x00, 0xff,
    0xb5, 0x00, 0x00, 0x00, 0x00, 0x00, 0x00, 0x00, 0x00, 0x00, 0x00, 0x00, 0x00, 0x00, 0x00, 0x00,
    0x00, 0x00, 0x00, 0x00, 0x00, 0x00, 0x00, 0x00, 0x00, 0x00, 0x00, 0x00, 0x1b, 0x00, 0xff, 0xff,
    0x00, 0xff, 0xd7, 0x00, 0x00, 0x00, 0x30, 0x80, 0x00, 0x00, 0x00, 0x00, 0x00, 0x24, 0x00, 0xff,
    0xff, 0x00, 0xff, 0xc3, 0x00, 0x00, 0x00, 0x00, 0x00, 0x00, 0x00, 0x00, 0x00, 0x00, 0x00, 0x00,
    0x00, 0x00, 0x00, 0x00, 0x00, 0xe4, 0xff, 0x00, 0xff, 0xff, 0x00, 0x40, 0x00, 0x00, 0x0a, 0xcd,
    0x00, 0xff, 0xff, 0x00, 0xff, 0x7b, 0x99, 0xff, 0x00, 0xff, 0xff, 0x00, 0xf0, 0x8e, 0x00, 0xcb,
    0xff, 0x00, 0xff, 0xff, 0x00, 0xfe, 0x32, 0x00, 0x00, 0x00, 0x00, 0x00, 0x00, 0x00, 0x00, 0x00,
    0x00, 0x00, 0x00, 0x00, 0x00, 0x00, 0x00, 0x00, 0x01, 0xa3, 0x00, 0xff, 0xff, 0x00, 0xff, 0xff,
    0x00, 0xff, 0xff, 0x00, 0xff, 0xff, 0x00, 0x3e, 0x00, 0x00, 0x12, 0x00, 0xff, 0xff, 0x00, 0xff,
    0xff, 0x00, 0xff, 0xff, 0x00, 0xff, 0xfd, 0x00, 0x01, 0x00, 0x00, 0x00, 0x00, 0x00, 0x00, 0x00,
    0x00, 0x00, 0x00, 0x00, 0x00, 0x00, 0x00, 0x00, 0x00, 0x00, 0x00, 0x00, 0x00, 0x00, 0x01, 0x37,
    0x00, 0xde, 0xfa, 0x00, 0xf5, 0xc7, 0x00, 0x18, 0x00, 0x00, 0x00, 0x00,
};
static const lv_image_dsc_t melt_img_55 = {
    .header.magic = LV_IMAGE_HEADER_MAGIC,
    .header.cf = LV_COLOR_FORMAT_A8,
    .header.flags = 0,
    .header.w = 17,
    .header.h = 28,
    .header.stride = 17,
    .data_size = sizeof melt_img_55_px,
    .data = melt_img_55_px,
};

static const uint8_t melt_img_56_px[] __attribute__((aligned(4))) = {
    0x00, 0x00, 0x00, 0x00, 0x00, 0x00, 0x00, 0x80, 0x00, 0xc9, 0xc9, 0x00, 0xc9, 0xc9, 0x00, 0x00,
    0x00, 0x00, 0x00, 0x00, 0x00, 0x00, 0x00, 0x00, 0x24, 0xf4, 0x00, 0xff, 0xff, 0x00, 0xff, 0xdc,
    0x00, 0x00, 0x00, 0x00, 0x00, 0x00, 0x00, 0x00, 0x00, 0x00, 0x00, 0x00, 0x00, 0x00, 0x00, 0x00,
    0x00, 0x00, 0x00, 0x00, 0x00, 0x00, 0x00, 0x00, 0x00, 0x00, 0x00, 0x00, 0xf8, 0xff, 0x00, 0xff,
    0xff, 0x00, 0xc3, 0x03, 0x00, 0x00, 0x00, 0x00, 0x00, 0x00, 0x00, 0x00, 0x01, 0x00, 0xff, 0xff,
    0x00, 0xff, 0xff, 0x00, 0x3c, 0x00, 0x00, 0x00, 0x00, 0x00, 0x00, 0x00, 0x00, 0x00, 0x00, 0x00,
    0x00, 0x00, 0x00, 0x00, 0x00, 0x00, 0x00, 0x00, 0x00, 0x00, 0x00, 0x00, 0x00, 0x00, 0x00, 0x01,
    0xb9, 0x00, 0xff, 0xff, 0x00, 0xff, 0xf4, 0x00, 0x00, 0x00, 0x00, 0x00, 0x00, 0x00, 0x00, 0x00,
    0x00, 0x43, 0xfe, 0x00, 0xff, 0xff, 0x00, 0xff, 0x8c, 0x00, 0x00, 0x00, 0x00, 0x00, 0x00, 0x00,
    0x00, 0x00, 0x00, 0x00, 0x00, 0x00, 0x00, 0x00, 0x00, 0x00, 0x00, 0x00, 0x00, 0x00, 0x00, 0x00,
    0x00, 0x00, 0x00, 0x00, 0x00, 0xfe, 0xff, 0x00, 0xff, 0xff, 0x00, 0xd7, 0xb7, 0x00, 0x8c, 0x3d,
    0x00, 0x00, 0x00, 0x00, 0x00, 0x05, 0x00, 0xff, 0xff, 0x00, 0xff, 0xff, 0x00, 0xff, 0xff, 0x00,
    0xff, 0xfd, 0x00, 0x12, 0x00, 0x00, 0x00, 0x00, 0x00, 0x00, 0x00, 0x00, 0x00, 0x00, 0x00, 0x00,
    0x00, 0x00, 0x00, 0x00, 0x00, 0x00, 0x00, 0x00, 0x00, 0xb1, 0x00, 0xff, 0xff, 0x00, 0xff, 0xff,
    0x00, 0xff, 0xff, 0x00, 0xff, 0xff, 0x00, 0xff, 0x82, 0x00, 0x18, 0xf7, 0x00, 0xff, 0xff, 0x00,
    0xff, 0xfc, 0x00, 0xc0, 0xf7, 0x00, 0xff, 0xff, 0x00, 0xff, 0xef, 0x00, 0x00, 0x00, 0x00, 0x00,
    0x00, 0x00, 0x00, 0x00, 0x00, 0x00, 0x00, 0x00, 0x00, 0x00, 0x00, 0x00, 0x00, 0x00, 0x91, 0xff,
    0x00, 0xff, 0xff, 0x00, 0xa9, 0x01, 0x00, 0x00, 0x00, 0x00, 0xff, 0xff, 0x00, 0xff, 0xff, 0x00,
    0xb5, 0xff, 0x00, 0xff, 0xff, 0x00, 0x4f, 0x00, 0x00, 0x00, 0x00, 0x00, 0xff, 0xff, 0x00, 0xff,
    0xff, 0x00, 0x00, 0x00, 0x00, 0x00, 0x00, 0x00, 0x00, 0x00, 0x00, 0x00, 0x00, 0x00, 0x00, 0x00,
    0x00, 0x00, 0x00, 0x00, 0xc7, 0xff, 0x00, 0xff, 0xff, 0x00, 0x23, 0x00, 0x00, 0x00, 0x00, 0x00,
    0xfa, 0xff, 0x00, 0xff, 0xff, 0x00, 0xbc, 0xff, 0x00, 0xff, 0xff, 0x00, 0x3f, 0x00, 0x00, 0x00,
    0x00, 0x00, 0xfe, 0xff, 0x00, 0xff, 0xff, 0x00, 0x00, 0x00, 0x00, 0x00, 0x00, 0x00, 0x00, 0x00,
    0x00, 0x00, 0x00, 0x00, 0x00, 0x00, 0x00, 0x00, 0x00, 0x00, 0x6e, 0xff, 0x00, 0xff, 0xff, 0x00,
    0xed, 0x27, 0x00, 0x00, 0x1e, 0x00, 0xff, 0xff, 0x00, 0xff, 0xff, 0x00, 0x23, 0xfb, 0x00, 0xff,
    0xff, 0x00, 0xff, 0xe8, 0x00, 0x7d, 0xe3, 0x00, 0xff, 0xff, 0x00, 0xff, 0xfd, 0x00, 0x00, 0x00,
    0x00, 0x00, 0x00, 0x00, 0x00, 0x00, 0x00, 0x00, 0x00, 0x00, 0x00, 0x00, 0x00, 0x00, 0x00, 0x00,
    0x00, 0x28, 0x00, 0xff, 0xff, 0x00, 0xff, 0xff, 0x00, 0xff, 0xff, 0x00, 0xff, 0xff, 0x00, 0xf4,
    0x31, 0x00, 0x00, 0x00, 0x00, 0xf7, 0xff, 0x00, 0xff, 0xff, 0x00, 0xff, 0xff, 0x00, 0xff, 0xff,
    0x00, 0x59, 0x00, 0x00, 0x00, 0x00, 0x00, 0x00, 0x00, 0x00, 0x00, 0x00, 0x00, 0x00, 0x00, 0x00,
    0x00, 0x00, 0x00, 0x00, 0x00, 0x00, 0x00, 0x00, 0x00, 0x00, 0x0b, 0x00, 0xb5, 0xec, 0x00, 0xfd,
    0xf0, 0x00, 0x69, 0x0d, 0x00, 0x00, 0x00, 0x00,
};
static const lv_image_dsc_t melt_img_56 = {
    .header.magic = LV_IMAGE_HEADER_MAGIC,
    .header.cf = LV_COLOR_FORMAT_A8,
    .header.flags = 0,
    .header.w = 18,
    .header.h = 28,
    .header.stride = 18,
    .data_size = sizeof melt_img_56_px,
    .data = melt_img_56_px,
};

static const uint8_t melt_img_57_px[] __attribute__((aligned(4))) = {
    0xe2, 0xf3, 0x00, 0xf3, 0xf3, 0x00, 0xf3, 0xf3, 0x00, 0xf3, 0xf3, 0x00, 0xf3, 0xf3, 0x00, 0xf3,
    0xd6, 0xee, 0xff, 0x00, 0xff, 0xff, 0x00, 0xff, 0xff, 0x00, 0xff, 0xff, 0x00, 0xff, 0xff, 0x00,
    0xff, 0xe1, 0x00, 0x00, 0x00, 0x00, 0x00, 0x00, 0x00, 0x00, 0x00, 0x00, 0x00, 0x00, 0x00, 0x00,
    0x00, 0x00, 0x00, 0xee, 0xff, 0x00, 0xff, 0xff, 0x00, 0xff, 0xff, 0x00, 0xff, 0xff, 0x00, 0xff,
    0xff, 0x00, 0xff, 0xe1, 0xee, 0xff, 0x00, 0xff, 0xff, 0x00, 0xff, 0xff, 0x00, 0xff, 0xff, 0x00,
    0xff, 0xff, 0x00, 0xff, 0xde, 0x00, 0x00, 0x00, 0x00, 0x00, 0x00, 0x00, 0x00, 0x00, 0x00, 0x00,
    0x00, 0x00, 0x00, 0x00, 0x00, 0x00, 0x00, 0x00, 0x00, 0x00, 0x00, 0x00, 0x00, 0x00, 0x00, 0x85,
    0xff, 0x00, 0xff, 0xff, 0x00, 0xff, 0x42, 0x00, 0x00, 0x00, 0x00, 0x00, 0x00, 0x00, 0x00, 0x00,
    0xe1, 0xff, 0x00, 0xff, 0xff, 0x00, 0xe1, 0x03, 0x00, 0x00, 0x00, 0x00, 0x00, 0x00, 0x00, 0x00,
    0x00, 0x00, 0x00, 0x00, 0x00, 0x00, 0x00, 0x00, 0x00, 0x00, 0x00, 0x00, 0x00, 0x00, 0x00, 0x00,
    0x00, 0x00, 0xff, 0xff, 0x00, 0xff, 0xff, 0x00, 0x2c, 0x00, 0x00, 0x00, 0x00, 0x00, 0x00, 0x00,
    0x00, 0x0f, 0x00, 0xff, 0xff, 0x00, 0xff, 0xff, 0x00, 0x00, 0x00, 0x00, 0x00, 0x00, 0x00, 0x00,
    0x00, 0x00, 0x00, 0x00, 0x00, 0x00, 0x00, 0x00, 0x00, 0x00, 0x00, 0x00, 0x00, 0x00, 0x00, 0x00,
    0x00, 0x00, 0x00, 0xc4, 0x00, 0xff, 0xff, 0x00, 0xff, 0xfb, 0x00, 0x00, 0x00, 0x00, 0x00, 0x00,
    0x00, 0x00, 0x00, 0x24, 0xfd, 0x00, 0xff, 0xff, 0x00, 0xff, 0xbb, 0x00, 0x00, 0x00, 0x00, 0x00,
    0x00, 0x00, 0x00, 0x00, 0x00, 0x00, 0x00, 0x00, 0x00, 0x00, 0x00, 0x00, 0x00, 0x00, 0x00, 0x00,
    0x00, 0x00, 0x00, 0x00, 0x00, 0xe0, 0xff, 0x00, 0xff, 0xff, 0x00, 0xf5, 0x0e, 0x00, 0x00, 0x00,
    0x00, 0x00, 0x00, 0x00, 0x00, 0x00, 0xff, 0xff, 0x00, 0xff, 0xff, 0x00, 0xa5, 0x00, 0x00, 0x00,
    0x00, 0x00, 0x00, 0x00, 0x00, 0x00, 0x00, 0x00, 0x00, 0x00, 0x00, 0x00, 0x00, 0x00, 0x00, 0x00,
    0x00, 0x00, 0x00, 0x00, 0x00, 0x00, 0x0f, 0x00, 0xff, 0xff, 0x00, 0xff, 0xff, 0x00, 0x05, 0x00,
    0x00, 0x00, 0x00, 0x00, 0x00, 0x00, 0x00, 0x62, 0x00, 0xff, 0xff, 0x00, 0xff, 0xff, 0x00, 0x00,
    0x00, 0x00, 0x00, 0x00, 0x00, 0x00, 0x00, 0x00, 0x00, 0x00, 0x00, 0x00, 0x00, 0x00, 0x00, 0x00,
    0x00, 0x00, 0x00, 0x00, 0x00, 0x00, 0x00, 0x00, 0x24, 0xfd, 0x00, 0xff, 0xff, 0x00, 0xff, 0xd6,
    0x00, 0x00, 0x00, 0x00, 0x00, 0x00, 0x00, 0x00, 0x00, 0x82, 0xff, 0x00, 0xff, 0xff, 0x00, 0xff,
    0x7d, 0x00, 0x00, 0x00, 0x00, 0x00, 0x00, 0x00, 0x00, 0x00, 0x00, 0x00, 0x00, 0x00, 0x00, 0x00,
    0x00, 0x00, 0x00, 0x00, 0x00, 0x00, 0x00, 0x00, 0x00, 0x00, 0x00, 0xff, 0xff, 0x00, 0xff, 0xff,
    0x00, 0xc4, 0x00, 0x00, 0x00, 0x00, 0x00, 0x00, 0x00, 0x00, 0x00, 0x00, 0xff, 0xff, 0x00, 0xff,
    0xff, 0x00, 0x65, 0x00, 0x00, 0x00, 0x00, 0x00, 0x00, 0x00, 0x00, 0x00, 0x00, 0x00, 0x00, 0x00,
    0x00, 0x00, 0x00, 0x00, 0x00, 0x00, 0x00, 0x00, 0x00, 0x00, 0x00, 0x00, 0x5e, 0x00, 0xff, 0xff,
    0x00, 0xff, 0xff, 0x00, 0x00, 0x00, 0x00, 0x00, 0x00, 0x00, 0x00, 0x00,
};
static const lv_image_dsc_t melt_img_57 = {
    .header.magic = LV_IMAGE_HEADER_MAGIC,
    .header.cf = LV_COLOR_FORMAT_A8,
    .header.flags = 0,
    .header.w = 17,
    .header.h = 28,
    .header.stride = 17,
    .data_size = sizeof melt_img_57_px,
    .data = melt_img_57_px,
};

static const uint8_t melt_img_58_px[] __attribute__((aligned(4))) = {
    0x00, 0x00, 0x00, 0x00, 0x0c, 0x00, 0xa8, 0xd3, 0x00, 0xe8, 0xca, 0x00, 0x4d, 0x05, 0x00, 0x00,
    0x00, 0x00, 0x00, 0x00, 0x00, 0x56, 0xe2, 0x00, 0xff, 0xff, 0x00, 0xff, 0xff, 0x00, 0xff, 0xd1,
    0x00, 0x00, 0x00, 0x00, 0x00, 0x00, 0x00, 0x00, 0x00, 0x00, 0x00, 0x00, 0x00, 0x00, 0x00, 0x00,
    0x00, 0x00, 0x00, 0x00, 0x00, 0x00, 0x00, 0x41, 0x00, 0xff, 0xff, 0x00, 0xff, 0xff, 0x00, 0xff,
    0xff, 0x00, 0xff, 0xff, 0x00, 0xf4, 0x30, 0x00, 0x02, 0xc3, 0x00, 0xff, 0xff, 0x00, 0xff, 0xe7,
    0x00, 0x9f, 0xf3, 0x00, 0xff, 0xff, 0x00, 0xff, 0xb1, 0x00, 0x00, 0x00, 0x00, 0x00, 0x00, 0x00,
    0x00, 0x00, 0x00, 0x00, 0x00, 0x00, 0x00, 0x00, 0x00, 0x00, 0x00, 0x00, 0x51, 0xff, 0x00, 0xff,
    0xff, 0x00, 0xa6, 0x00, 0x00, 0x00, 0x00, 0x00, 0xff, 0xff, 0x00, 0xff, 0xff, 0x00, 0x68, 0xff,
    0x00, 0xff, 0xff, 0x00, 0x76, 0x00, 0x00, 0x00, 0x00, 0x00, 0xff, 0xff, 0x00, 0xff, 0xff, 0x00,
    0x00, 0x00, 0x00, 0x00, 0x00, 0x00, 0x00, 0x00, 0x00, 0x00, 0x00, 0x00, 0x00, 0x00, 0x00, 0x00,
    0x00, 0x00, 0x24, 0xfd, 0x00, 0xff, 0xff, 0x00, 0xbf, 0x00, 0x00, 0x00, 0x06, 0x00, 0xff, 0xff,
    0x00, 0xff, 0xfb, 0x00, 0x02, 0xc2, 0x00, 0xff, 0xff, 0x00, 0xfc, 0x50, 0x00, 0x00, 0x76, 0x00,
    0xff, 0xff, 0x00, 0xff, 0xb8, 0x00, 0x00, 0x00, 0x00, 0x00, 0x00, 0x00, 0x00, 0x00, 0x00, 0x00,
    0x00, 0x00, 0x00, 0x00, 0x00, 0x00, 0x00, 0x00, 0x00, 0x00, 0x00, 0xe5, 0xff, 0x00, 0xff, 0xff,
    0x00, 0xff, 0xff, 0x00, 0xff, 0xff, 0x00, 0x3d, 0x00, 0x00, 0x00, 0x00, 0x00, 0x4d, 0xf0, 0x00,
    0xff, 0xff, 0x00, 0xff, 0xff, 0x00, 0xff, 0xf0, 0x00, 0x01, 0x00, 0x00, 0x00, 0x00, 0x00, 0x00,
    0x00, 0x00, 0x00, 0x00, 0x00, 0x00, 0x00, 0x00, 0x00, 0x00, 0x00, 0x00, 0x00, 0x00, 0x00, 0x86,
    0x00, 0xff, 0xff, 0x00, 0xff, 0xfe, 0x00, 0xe6, 0xff, 0x00, 0xff, 0xff, 0x00, 0xff, 0x80, 0x00,
    0x2b, 0xfa, 0x00, 0xff, 0xff, 0x00, 0xf9, 0x52, 0x00, 0x03, 0x7e, 0x00, 0xff, 0xff, 0x00, 0xff,
    0xf9, 0x00, 0x00, 0x00, 0x00, 0x00, 0x00, 0x00, 0x00, 0x00, 0x00, 0x00, 0x00, 0x00, 0x00, 0x00,
    0x00, 0x00, 0x00, 0x00, 0xd0, 0xff, 0x00, 0xff, 0xff, 0x00, 0x4b, 0x00, 0x00, 0x00, 0x00, 0x00,
    0xff, 0xff, 0x00, 0xff, 0xff, 0x00, 0xee, 0xff, 0x00, 0xff, 0xff, 0x00, 0x33, 0x00, 0x00, 0x00,
    0x00, 0x00, 0xff, 0xff, 0x00, 0xff, 0xff, 0x00, 0x00, 0x00, 0x00, 0x00, 0x00, 0x00, 0x00, 0x00,
    0x00, 0x00, 0x00, 0x00, 0x00, 0x00, 0x00, 0x00, 0x00, 0x00, 0xc9, 0xff, 0x00, 0xff, 0xff, 0x00,
    0x85, 0x00, 0x00, 0x00, 0x00, 0x00, 0xff, 0xff, 0x00, 0xff, 0xff, 0x00, 0x8d, 0xff, 0x00, 0xff,
    0xff, 0x00, 0xee, 0x2d, 0x00, 0x00, 0x4d, 0x00, 0xff, 0xff, 0x00, 0xff, 0xff, 0x00, 0x00, 0x00,
    0x00, 0x00, 0x00, 0x00, 0x00, 0x00, 0x00, 0x00, 0x00, 0x00, 0x00, 0x00, 0x00, 0x00, 0x00, 0x00,
    0x00, 0x94, 0x00, 0xff, 0xff, 0x00, 0xff, 0xff, 0x00, 0xff, 0xff, 0x00, 0xff, 0xff, 0x00, 0xff,
    0x7f, 0x00, 0x00, 0x0b, 0x00, 0xff, 0xff, 0x00, 0xff, 0xff, 0x00, 0xff, 0xff, 0x00, 0xff, 0xff,
    0x00, 0xa5, 0x06, 0x00, 0x00, 0x00, 0x00, 0x00, 0x00, 0x00, 0x00, 0x00, 0x00, 0x00, 0x00, 0x00,
    0x00, 0x00, 0x00, 0x00, 0x00, 0x00, 0x00, 0x00, 0x00, 0x00, 0x22, 0x00, 0xc8, 0xf3, 0x00, 0xfc,
    0xef, 0x00, 0x74, 0x18, 0x00, 0x00, 0x00, 0x00,
};
static const lv_image_dsc_t melt_img_58 = {
    .header.magic = LV_IMAGE_HEADER_MAGIC,
    .header.cf = LV_COLOR_FORMAT_A8,
    .header.flags = 0,
    .header.w = 18,
    .header.h = 28,
    .header.stride = 18,
    .data_size = sizeof melt_img_58_px,
    .data = melt_img_58_px,
};

static const uint8_t melt_img_59_px[] __attribute__((aligned(4))) = {
    0x00, 0x00, 0x00, 0x00, 0x0b, 0x00, 0xb6, 0xed, 0x00, 0xfd, 0xee, 0x00, 0x62, 0x0a, 0x00, 0x00,
    0x00, 0x00, 0x00, 0x00, 0x00, 0x48, 0xe1, 0x00, 0xff, 0xff, 0x00, 0xff, 0xff, 0x00, 0xff, 0xdf,
    0x00, 0x00, 0x00, 0x00, 0x00, 0x00, 0x00, 0x00, 0x00, 0x00, 0x00, 0x00, 0x00, 0x00, 0x00, 0x00,
    0x00, 0x00, 0x00, 0x00, 0x00, 0x00, 0x00, 0x31, 0x00, 0xff, 0xff, 0x00, 0xff, 0xff, 0x00, 0xff,
    0xff, 0x00, 0xff, 0xff, 0x00, 0xf2, 0x2c, 0x00, 0x02, 0xba, 0x00, 0xff, 0xff, 0x00, 0xff, 0xff,
    0x00, 0xff, 0xff, 0x00, 0xff, 0xff, 0x00, 0xff, 0xb1, 0x00, 0x00, 0x00, 0x00, 0x00, 0x00, 0x00,
    0x00, 0x00, 0x00, 0x00, 0x00, 0x00, 0x00, 0x00, 0x00, 0x00, 0x00, 0x00, 0x7a, 0xff, 0x00, 0xff,
    0xff, 0x00, 0xdf, 0x14, 0x00, 0x00, 0x1a, 0x00, 0xff, 0xff, 0x00, 0xff, 0xff, 0x00, 0xb0, 0xff,
    0x00, 0xff, 0xff, 0x00, 0x6f, 0x00, 0x00, 0x00, 0x00, 0x00, 0xff, 0xff, 0x00, 0xff, 0xff, 0x00,
    0x00, 0x00, 0x00, 0x00, 0x00, 0x00, 0x00, 0x00, 0x00, 0x00, 0x00, 0x00, 0x00, 0x00, 0x00, 0x00,
    0x00, 0x00, 0xdc, 0xff, 0x00, 0xff, 0xff, 0x00, 0x1e, 0x00, 0x00, 0x00, 0x00, 0x00, 0xfc, 0xff,
    0x00, 0xff, 0xff, 0x00, 0xd2, 0xff, 0x00, 0xff, 0xff, 0x00, 0x21, 0x00, 0x00, 0x00, 0x00, 0x00,
    0xfd, 0xff, 0x00, 0xff, 0xff, 0x00, 0x00, 0x00, 0x00, 0x00, 0x00, 0x00, 0x00, 0x00, 0x00, 0x00,
    0x00, 0x00, 0x00, 0x00, 0x00, 0x00, 0x00, 0x00, 0x8f, 0xff, 0x00, 0xff, 0xff, 0x00, 0xa2, 0x00,
    0x00, 0x00, 0x03, 0x00, 0xff, 0xff, 0x00, 0xff, 0xff, 0x00, 0x4e, 0xff, 0x00, 0xff, 0xff, 0x00,
    0xfa, 0x65, 0x00, 0x06, 0x85, 0x00, 0xff, 0xff, 0x00, 0xff, 0xff, 0x00, 0x00, 0x00, 0x00, 0x00,
    0x00, 0x00, 0x00, 0x00, 0x00, 0x00, 0x00, 0x00, 0x00, 0x00, 0x00, 0x00, 0x00, 0x00, 0x00, 0x65,
    0x00, 0xff, 0xff, 0x00, 0xff, 0xff, 0x00, 0xff, 0xff, 0x00, 0xff, 0xff, 0x00, 0xff, 0xb2, 0x00,
    0x00, 0x03, 0x00, 0xfe, 0xff, 0x00, 0xff, 0xff, 0x00, 0xff, 0xff, 0x00, 0xff, 0xff, 0x00, 0xfe,
    0x4c, 0x00, 0x00, 0x00, 0x00, 0x00, 0x00, 0x00, 0x00, 0x00, 0x00, 0x00, 0x00, 0x00, 0x00, 0x00,
    0x00, 0x00, 0x00, 0x00, 0x00, 0x00, 0x00, 0x00, 0x13, 0x00, 0x83, 0x88, 0x00, 0xff, 0xff, 0x00,
    0xff, 0xff, 0x00, 0x54, 0x00, 0x00, 0x00, 0x00, 0x00, 0x00, 0x00, 0x00, 0x00, 0x16, 0x00, 0xff,
    0xff, 0x00, 0xff, 0xff, 0x00, 0x04, 0x00, 0x00, 0x00, 0x00, 0x00, 0x00, 0x00, 0x00, 0x00, 0x00,
    0x00, 0x00, 0x00, 0x00, 0x00, 0x00, 0x00, 0x00, 0x00, 0x00, 0x00, 0x00, 0x00, 0x00, 0x00, 0x00,
    0x21, 0xf3, 0x00, 0xff, 0xff, 0x00, 0xff, 0xc6, 0x00, 0x00, 0x00, 0x00, 0x00, 0x00, 0x00, 0x00,
    0x00, 0x00, 0xa0, 0xff, 0x00, 0xff, 0xff, 0x00, 0xfe, 0x43, 0x00, 0x00, 0x00, 0x00, 0x00, 0x00,
    0x00, 0x00, 0x00, 0x00, 0x00, 0x00, 0x00, 0x00, 0x00, 0x00, 0x00, 0x00, 0x00, 0x00, 0x00, 0x00,
    0x00, 0x00, 0x00, 0x00, 0x01, 0x00, 0xff, 0xff, 0x00, 0xff, 0xff, 0x00, 0x3f, 0x00, 0x00, 0x00,
    0x00, 0x00, 0x00, 0x00, 0x00, 0x00, 0x40, 0x00, 0xff, 0xff, 0x00, 0xff, 0xff, 0x00, 0x02, 0x00,
    0x00, 0x00, 0x00, 0x00, 0x00, 0x00, 0x00, 0x00, 0x00, 0x00, 0x00, 0x00, 0x00, 0x00, 0x00, 0x00,
    0x00, 0x00, 0x00, 0x00, 0x00, 0x00, 0x00, 0x00, 0x00, 0x58, 0xfe, 0x00, 0xff, 0xff, 0x00, 0xff,
    0xb1, 0x00, 0x00, 0x00, 0x00, 0x00, 0x00, 0x00,
};
static const lv_image_dsc_t melt_img_59 = {
    .header.magic = LV_IMAGE_HEADER_MAGIC,
    .header.cf = LV_COLOR_FORMAT_A8,
    .header.flags = 0,
    .header.w = 18,
    .header.h = 28,
    .header.stride = 18,
    .data_size = sizeof melt_img_59_px,
    .data = melt_img_59_px,
};

static const uint8_t melt_img_60_px[] __attribute__((aligned(4))) = {
    0x00, 0x00, 0x00, 0x00, 0x00, 0x00, 0x00, 0x9f, 0x00, 0xe8, 0xe8, 0x00, 0x00, 0x00, 0x00, 0x00,
    0x00, 0x00, 0x00, 0x00, 0x00, 0x00, 0x00, 0x00, 0x00, 0x00, 0xb0, 0x00, 0xff, 0xff, 0x00, 0x00,
    0x00, 0x00, 0x00, 0x00, 0x00, 0x00, 0x00, 0x00, 0x00, 0x00, 0x00, 0x00, 0x00, 0x00, 0x00, 0x00,
    0x00, 0x00, 0x00, 0x00, 0x00, 0x00, 0x00, 0x00, 0x00, 0x00, 0x00, 0x00, 0x00, 0x00, 0x00, 0x00,
    0xb0, 0x00, 0xff, 0xff, 0x00, 0x00, 0x00, 0x00, 0x00, 0x00, 0x00, 0x00, 0x00, 0x00, 0x00, 0x00,
    0x00, 0x00, 0x00, 0xb0, 0x00, 0xff, 0xff, 0x00, 0x00, 0x00, 0x00, 0x00, 0x00, 0x00, 0x00, 0x00,
    0x00, 0x00, 0x00, 0x00, 0x00, 0x00, 0x00, 0x00, 0x00, 0x00, 0x00, 0x00, 0x00, 0x00, 0x00, 0x00,
    0x00, 0x00, 0x00, 0x00, 0x00, 0x00, 0x00, 0x00, 0x00, 0xb0, 0x00, 0xff, 0xff, 0x00, 0x00, 0x00,
    0x00, 0x00, 0x00, 0x00, 0x00, 0x8c, 0xaa, 0x00, 0xaa, 0xaa, 0x00, 0xaa, 0xe4, 0x00, 0xff, 0xff,
    0x00, 0xaa, 0xaa, 0x00, 0xaa, 0xaa, 0x00, 0xa5, 0x00, 0x00, 0x00, 0x00, 0x00, 0x00, 0x00, 0x00,
    0x00, 0x00, 0x00, 0x00, 0x00, 0x00, 0x00, 0x00, 0x00, 0x00, 0x00, 0xd3, 0xff, 0x00, 0xff, 0xff,
    0x00, 0xff, 0xff, 0x00, 0xff, 0xff, 0x00, 0xff, 0xff, 0x00, 0xff, 0xff, 0x00, 0xf9, 0xd3, 0xff,
    0x00, 0xff, 0xff, 0x00, 0xff, 0xff, 0x00, 0xff, 0xff, 0x00, 0xff, 0xff, 0x00, 0xff, 0xff, 0x00,
    0xf9, 0x00, 0x00, 0x00, 0x00, 0x00, 0x00, 0x00, 0x00, 0x00, 0x00, 0x00, 0x00, 0x00, 0x00, 0x00,
    0x00, 0x00, 0x00, 0x00, 0x00, 0x00, 0x00, 0x00, 0x00, 0x00, 0x00, 0x9a, 0x00, 0xff, 0xff, 0x00,
    0x00, 0x00, 0x00, 0x00, 0x00, 0x00, 0x00, 0x00, 0x00, 0x00, 0x00, 0x00, 0x00, 0x00, 0x9a, 0x00,
    0xff, 0xff, 0x00, 0x00, 0x00, 0x00, 0x00, 0x00, 0x00, 0x00, 0x00, 0x00, 0x00, 0x00, 0x00, 0x00,
    0x00, 0x00, 0x00, 0x00, 0x00, 0x00, 0x00, 0x00, 0x00, 0x00, 0x00, 0x00, 0x00, 0x00, 0x00, 0x00,
    0x00, 0x00, 0x00, 0x00, 0x9a, 0x00, 0xff, 0xff, 0x00, 0x00, 0x00, 0x00, 0x00, 0x00, 0x00, 0x00,
    0x00, 0x00, 0x00, 0x00, 0x00, 0x00, 0x00, 0x9a, 0x00, 0xff, 0xff, 0x00, 0x00, 0x00, 0x00, 0x00,
    0x00, 0x00, 0x00, 0x00, 0x00, 0x00, 0x00, 0x00, 0x00, 0x00, 0x00, 0x00, 0x00, 0x00, 0x00, 0x00,
    0x00, 0x00, 0x00, 0x00, 0x00, 0x00, 0x00, 0x00, 0x00, 0x00, 0x00, 0x00, 0x00, 0x9a, 0x00, 0xff,
    0xff, 0x00, 0x00, 0x00, 0x00, 0x00, 0x00, 0x00, 0x00,
};
static const lv_image_dsc_t melt_img_60 = {
    .header.magic = LV_IMAGE_HEADER_MAGIC,
    .header.cf = LV_COLOR_FORMAT_A8,
    .header.flags = 0,
    .header.w = 19,
    .header.h = 19,
    .header.stride = 19,
    .data_size = sizeof melt_img_60_px,
    .data = melt_img_60_px,
};

static const uint8_t melt_img_61_px[] __attribute__((aligned(4))) = {
    0x48, 0x67, 0x00, 0x6a, 0x6a, 0x00, 0x6a, 0x6a, 0x00, 0x6a, 0x6a, 0x00, 0x6a, 0x6a, 0x00, 0x6a,
    0x6a, 0x00, 0x6a, 0x6a, 0x00, 0x6a, 0x6a, 0x00, 0x6a, 0x6a, 0x00, 0x6a, 0x65, 0x00, 0xa7, 0xeb,
    0x00, 0xf0, 0xf0, 0x00, 0xf0, 0xf0, 0x00, 0xf0, 0xf0, 0x00, 0xf0, 0xf0, 0x00, 0xf0, 0xf0, 0x00,
    0xf0, 0xf0, 0x00, 0xf0, 0xf0, 0x00, 0xf0, 0xf0, 0x00, 0xf0, 0xe6, 0x00, 0x00, 0x00, 0x00, 0x00,
    0x00, 0x00, 0x00, 0x00, 0x00, 0x00, 0x00, 0x00, 0x00, 0x00, 0x00, 0x00, 0x00, 0x00, 0x00, 0x00,
    0x00, 0x00, 0x00, 0x00, 0x00, 0x00, 0x00, 0x00, 0x00, 0x00, 0xb2, 0xfa, 0x00, 0xff, 0xff, 0x00,
    0xff, 0xff, 0x00, 0xff, 0xff, 0x00, 0xff, 0xff, 0x00, 0xff, 0xff, 0x00, 0xff, 0xff, 0x00, 0xff,
    0xff, 0x00, 0xff, 0xff, 0x00, 0xff, 0xf4, 0x00, 0xb2, 0xfa, 0x00, 0xff, 0xff, 0x00, 0xff, 0xff,
    0x00, 0xff, 0xff, 0x00, 0xff, 0xff, 0x00, 0xff, 0xff, 0x00, 0xff, 0xff, 0x00, 0xff, 0xff, 0x00,
    0xff, 0xff, 0x00, 0xff, 0xf4, 0x00, 0x00, 0x00, 0x00, 0x00, 0x00, 0x00, 0x00, 0x00, 0x00, 0x00,
    0x00, 0x00, 0x00, 0x00, 0x00, 0x00, 0x00, 0x00, 0x00, 0x00, 0x00, 0x00, 0x00, 0x00, 0x00, 0x00,
    0x00, 0x00, 0x00, 0x00, 0xb2, 0xfa, 0x00, 0xff, 0xff, 0x00, 0xff, 0xff, 0x00, 0xff, 0xff, 0x00,
    0xff, 0xff, 0x00, 0xff, 0xff, 0x00, 0xff, 0xff, 0x00, 0xff, 0xff, 0x00, 0xff, 0xff, 0x00, 0xff,
    0xf4, 0x00, 0xb2, 0xfa, 0x00, 0xff, 0xff, 0x00, 0xff, 0xff, 0x00, 0xff, 0xff, 0x00, 0xff, 0xff,
    0x00, 0xff, 0xff, 0x00, 0xff, 0xff, 0x00, 0xff, 0xff, 0x00, 0xff, 0xff, 0x00, 0xff, 0xf4, 0x00,
    0x00, 0x00, 0x00, 0x00, 0x00, 0x00, 0x00, 0x00, 0x00, 0x00, 0x00, 0x00, 0x00, 0x00, 0x00, 0x00,
    0x00, 0x00, 0x00, 0x00, 0x00, 0x00, 0x00, 0x00, 0x00, 0x00, 0x00, 0x00, 0x00, 0x00, 0xb2, 0xfa,
    0x00, 0xff, 0xff, 0x00, 0xff, 0xff, 0x00, 0xff, 0xff, 0x00, 0xff, 0xff, 0x00, 0xff, 0xff, 0x00,
    0xff, 0xff, 0x00, 0xff, 0xff, 0x00, 0xff, 0xff, 0x00, 0xff, 0xf4, 0x00, 0xb2, 0xfa, 0x00, 0xff,
    0xff, 0x00, 0xff, 0xff, 0x00, 0xff, 0xff, 0x00, 0xff, 0xff, 0x00, 0xff, 0xff, 0x00, 0xff, 0xff,
    0x00, 0xff, 0xff, 0x00, 0xff, 0xff, 0x00, 0xff, 0xf4, 0x00, 0x00, 0x00, 0x00, 0x00, 0x00, 0x00,
    0x00, 0x00, 0x00, 0x00, 0x00, 0x00, 0x00, 0x00, 0x00, 0x00, 0x00, 0x00, 0x00, 0x00, 0x00, 0x00,
    0x00, 0x00, 0x00, 0x00, 0x00, 0x00, 0x00, 0x00, 0xb2, 0xfa, 0x00, 0xff, 0xff, 0x00, 0xff, 0xff,
    0x00, 0xff, 0xff, 0x00, 0xff, 0xff, 0x00, 0xff, 0xff, 0x00, 0xff, 0xff, 0x00, 0xff, 0xff, 0x00,
    0xff, 0xff, 0x00, 0xff, 0xf4, 0x00, 0xb2, 0xfa, 0x00, 0xff, 0xff, 0x00, 0xff, 0xff, 0x00, 0xff,
    0xff, 0x00, 0xff, 0xff, 0x00, 0xff, 0xff, 0x00, 0xff, 0xff, 0x00, 0xff, 0xff, 0x00, 0xff, 0xff,
    0x00, 0xff, 0xf4, 0x00, 0x00, 0x00, 0x00, 0x00, 0x00, 0x00, 0x00, 0x00, 0x00, 0x00, 0x00, 0x00,
    0x00, 0x00, 0x00, 0x00, 0x00, 0x00, 0x00, 0x00, 0x00, 0x00, 0x00, 0x00, 0x00, 0x00, 0x00, 0x00,
    0x00, 0x00, 0xb2, 0xfa, 0x00, 0xff, 0xff, 0x00, 0xff, 0xff, 0x00, 0xff, 0xff, 0x00, 0xff, 0xff,
    0x00, 0xff, 0xff, 0x00, 0xff, 0xff, 0x00, 0xff, 0xff, 0x00, 0xff, 0xff, 0x00, 0xff, 0xf4, 0x00,
    0xb2, 0xfa, 0x00, 0xff, 0xff, 0x00, 0xff, 0xff, 0x00, 0xff, 0xff, 0x00, 0xff, 0xff, 0x00, 0xff,
    0xff, 0x00, 0xff, 0xff, 0x00, 0xff, 0xff, 0x00, 0xff, 0xff, 0x00, 0xff, 0xf4, 0x00, 0x00, 0x00,
    0x00, 0x00, 0x00, 0x00, 0x00, 0x00, 0x00, 0x00, 0x00, 0x00, 0x00, 0x00, 0x00, 0x00, 0x00, 0x00,
    0x00, 0x00, 0x00, 0x00, 0x00, 0x00, 0x00, 0x00, 0x00, 0x00, 0x00, 0x00, 0x9d, 0xdc, 0x00, 0xe1,
    0xe1, 0x00, 0xe1, 0xe1, 0x00, 0xe1, 0xe1, 0x00, 0xe1, 0xe1, 0x00, 0xe1, 0xe1, 0x00, 0xe1, 0xe1,
    0x00, 0xe1, 0xe1, 0x00, 0xe1, 0xe1, 0x00, 0xe1, 0xd7, 0x00,
};
static const lv_image_dsc_t melt_img_61 = {
    .header.magic = LV_IMAGE_HEADER_MAGIC,
    .header.cf = LV_COLOR_FORMAT_A8,
    .header.flags = 0,
    .header.w = 30,
    .header.h = 19,
    .header.stride = 30,
    .data_size = sizeof melt_img_61_px,
    .data = melt_img_61_px,
};

static const uint8_t melt_img_62_px[] __attribute__((aligned(4))) = {
    0x00, 0x00, 0x00, 0x00, 0x00, 0x00, 0x00, 0x00, 0x00, 0x00, 0x00, 0x00, 0x00, 0x00, 0x00, 0x00,
    0x00, 0x00, 0x00, 0x00, 0x05, 0x00, 0x00, 0x00, 0x6a, 0x60, 0x00, 0x00, 0x00, 0x00, 0x00, 0x00,
    0x00, 0x1c, 0xa7, 0x00, 0x09, 0x13, 0x3f, 0xee, 0x29, 0x00, 0x00, 0x00, 0x00, 0x00, 0x40, 0xc4,
    0xff, 0x00, 0x75, 0xad, 0x00, 0x92, 0x9e, 0x00, 0x00, 0xc3, 0xac, 0xc3, 0xd6, 0xff, 0xe0, 0x00,
    0x0b, 0xe2, 0x4a, 0x4f, 0xc1, 0x00, 0x00, 0xe0, 0xff, 0xe0, 0xff, 0xe0, 0xff, 0x00, 0x00, 0x92,
    0x90, 0x14, 0xf7, 0x00, 0x00, 0xff, 0xe0, 0xff, 0xe0, 0xff, 0xe0, 0x00, 0x00, 0xa8, 0x7f, 0x1b,
    0xd9, 0x00, 0x00, 0xac, 0xc3, 0xac, 0xf3, 0xe0, 0xff, 0x00, 0x0a, 0xc6, 0x56, 0x49, 0xde, 0x00,
    0x00, 0x00, 0x00, 0x00, 0x38, 0xde, 0xe0, 0x00, 0x67, 0xc6, 0x00, 0xaa, 0x8e, 0x00, 0x00, 0x00,
    0x00, 0x00, 0x00, 0x19, 0xbe, 0x00, 0x08, 0x0d, 0x49, 0xd2, 0x30, 0x00, 0x00, 0x00, 0x00, 0x00,
    0x00, 0x00, 0x04, 0x00, 0x00, 0x00, 0x5f, 0x6d, 0x00, 0x00, 0x00, 0x00, 0x00, 0x00, 0x00, 0x00,
    0x00, 0x00, 0x00, 0x00, 0x00, 0x00, 0x00, 0x00,
};
static const lv_image_dsc_t melt_img_62 = {
    .header.magic = LV_IMAGE_HEADER_MAGIC,
    .header.cf = LV_COLOR_FORMAT_A8,
    .header.flags = 0,
    .header.w = 14,
    .header.h = 12,
    .header.stride = 14,
    .data_size = sizeof melt_img_62_px,
    .data = melt_img_62_px,
};

static const uint8_t melt_img_63_px[] __attribute__((aligned(4))) = {
    0x00, 0x00, 0x00, 0x00, 0x00, 0x00, 0x00, 0x00, 0x00, 0x00, 0x00, 0x00, 0x00, 0x00, 0x00, 0x00,
    0x00, 0x00, 0x00, 0x00, 0x00, 0x00, 0x00, 0x00, 0x00, 0x4c, 0x4b, 0x00, 0x00, 0x00, 0x00, 0x00,
    0x00, 0x00, 0x00, 0x00, 0x00, 0x00, 0x79, 0xeb, 0x46, 0x00, 0x00, 0x00, 0x00, 0x00, 0x00, 0x00,
    0x00, 0x00, 0x15, 0xa0, 0xd8, 0x2e, 0x00, 0x00, 0x00, 0x00, 0x00, 0x00, 0x00, 0x00, 0x00, 0x35,
    0xbe, 0xb5, 0x13, 0x00, 0x00, 0x00, 0x00, 0x00, 0x00, 0x00, 0x00, 0x00, 0x5c, 0xcf, 0x89, 0x00,
    0x00, 0x00, 0x00, 0x00, 0x00, 0x00, 0x00, 0x00, 0x00, 0x89, 0xcf, 0x5b, 0x00, 0x00, 0x00, 0x00,
    0x00, 0x00, 0x00, 0x00, 0x00, 0x13, 0xb5, 0xbe, 0x34, 0x00, 0x00, 0x00, 0x00, 0x00, 0x00, 0x00,
    0x00, 0x00, 0x2f, 0xd8, 0xa0, 0x15, 0x00, 0x00, 0x00, 0x00, 0x00, 0x00, 0x00, 0x00, 0x00, 0x46,
    0xeb, 0x79, 0x00, 0x00, 0x00, 0x00, 0x00, 0x00, 0x00, 0x00, 0x00, 0x00, 0x00, 0x4f, 0x4e, 0x00,
    0x00, 0x00, 0x00, 0x00, 0x00, 0x00, 0x00, 0x00, 0x00, 0x00, 0x00, 0x00, 0x00, 0x00, 0x00, 0x00,
    0x00, 0x00, 0x00, 0x00, 0x00, 0x00, 0x00, 0x00,
};
static const lv_image_dsc_t melt_img_63 = {
    .header.magic = LV_IMAGE_HEADER_MAGIC,
    .header.cf = LV_COLOR_FORMAT_A8,
    .header.flags = 0,
    .header.w = 14,
    .header.h = 12,
    .header.stride = 14,
    .data_size = sizeof melt_img_63_px,
    .data = melt_img_63_px,
};

static const uint8_t melt_img_64_px[] __attribute__((aligned(4))) = {
    0x1a, 0xaa, 0xb6, 0xcf, 0xb6, 0xcf, 0xb6, 0xcf, 0xb6, 0xcf, 0xb6, 0xcf, 0xb6, 0xcf, 0xb6, 0xcf,
    0xb6, 0xcf, 0xb6, 0xcf, 0xb6, 0xce, 0x95, 0x1e, 0xab, 0x9e, 0x5f, 0x53, 0x5e, 0x53, 0x5e, 0x53,
    0x5e, 0x53, 0x5e, 0x53, 0x5e, 0x53, 0x5e, 0x53, 0x5e, 0x53, 0x5e, 0x53, 0x5e, 0x54, 0xb4, 0x95,
    0xb6, 0x5f, 0x00, 0x00, 0x00, 0x00, 0x00, 0x00, 0x00, 0x00, 0x00, 0x00, 0x00, 0x00, 0x00, 0x00,
    0x00, 0x00, 0x00, 0x00, 0x00, 0x00, 0x54, 0xce, 0xcf, 0x53, 0x00, 0x00, 0x00, 0x00, 0x00, 0x00,
    0x00, 0x00, 0x00, 0x00, 0x00, 0x00, 0x00, 0x00, 0x00, 0x00, 0x00, 0x00, 0x00, 0x00, 0x5e, 0xb6,
    0xb6, 0x5e, 0x00, 0x00, 0x00, 0x00, 0x00, 0xff, 0xe0, 0xff, 0x00, 0x00, 0xe0, 0x00, 0x00, 0x00,
    0xe0, 0x00, 0x00, 0x00, 0x00, 0x00, 0x53, 0xcf, 0xcf, 0x53, 0x00, 0x00, 0x00, 0x00, 0xff, 0x00,
    0x00, 0x00, 0xff, 0x00, 0xff, 0x00, 0x00, 0xe0, 0x00, 0x00, 0x00, 0x00, 0x00, 0x00, 0x5e, 0xb6,
    0xb6, 0x5e, 0x00, 0x00, 0x00, 0x00, 0xe0, 0x00, 0x00, 0x00, 0xe0, 0x00, 0xe0, 0x00, 0xe0, 0x00,
    0x00, 0x00, 0x00, 0x00, 0x00, 0x00, 0x53, 0xcf, 0xcf, 0x53, 0x00, 0x00, 0x00, 0x00, 0xff, 0x00,
    0x00, 0x00, 0xff, 0x00, 0xff, 0xe0, 0x00, 0x00, 0x00, 0x00, 0x00, 0x00, 0x00, 0x00, 0x5e, 0xb6,
    0xb6, 0x5e, 0x00, 0x00, 0x00, 0x00, 0xe0, 0x00, 0x00, 0x00, 0xe0, 0x00, 0xe0, 0x00, 0xe0, 0x00,
    0x00, 0x00, 0x00, 0x00, 0x00, 0x00, 0x53, 0xcf, 0xcf, 0x53, 0x00, 0x00, 0x00, 0x00, 0xff, 0x00,
    0x00, 0x00, 0xff, 0x00, 0xff, 0x00, 0x00, 0xe0, 0x00, 0x00, 0x00, 0x00, 0x00, 0x00, 0x5e, 0xb6,
    0xb6, 0x5e, 0x00, 0x00, 0x00, 0x00, 0x00, 0xff, 0xe0, 0xff, 0x00, 0x00, 0xe0, 0x00, 0x00, 0x00,
    0xe0, 0x00, 0x00, 0x00, 0x00, 0x00, 0x53, 0xcf, 0xcf, 0x53, 0x00, 0x00, 0x00, 0x00, 0x00, 0x00,
    0x00, 0x00, 0x00, 0x00, 0x00, 0x00, 0x00, 0x00, 0x00, 0x00, 0x00, 0x00, 0x00, 0x00, 0x5e, 0xb6,
    0xb6, 0x5e, 0x00, 0x00, 0x00, 0x00, 0x00, 0x00, 0x00, 0x00, 0x00, 0x00, 0x00, 0x00, 0x00, 0x00,
    0x00, 0x00, 0x00, 0x00, 0x00, 0x00, 0x53, 0xcf, 0xce, 0x54, 0x00, 0x00, 0x00, 0x00, 0x00, 0x00,
    0x00, 0x00, 0x00, 0x00, 0x00, 0x00, 0x00, 0x00, 0x00, 0x00, 0x00, 0x00, 0x00, 0x00, 0x5f, 0xb6,
    0x92, 0xb4, 0x54, 0x5e, 0x53, 0x5e, 0x53, 0x5e, 0x53, 0x5e, 0x53, 0x5e, 0x53, 0x5e, 0x53, 0x5e,
    0x53, 0x5e, 0x53, 0x5e, 0x53, 0x5f, 0x9e, 0xa6, 0x1e, 0x95, 0xce, 0xb6, 0xcf, 0xb6, 0xcf, 0xb6,
    0xcf, 0xb6, 0xcf, 0xb6, 0xcf, 0xb6, 0xcf, 0xb6, 0xcf, 0xb6, 0xcf, 0xb6, 0xcf, 0xb6, 0xaa, 0x1a,
};
static const lv_image_dsc_t melt_img_64 = {
    .header.magic = LV_IMAGE_HEADER_MAGIC,
    .header.cf = LV_COLOR_FORMAT_A8,
    .header.flags = 0,
    .header.w = 24,
    .header.h = 16,
    .header.stride = 24,
    .data_size = sizeof melt_img_64_px,
    .data = melt_img_64_px,
};

static const uint8_t melt_img_65_px[] __attribute__((aligned(4))) = {
    0x00, 0x00, 0x43, 0xa3, 0x00, 0x00, 0x00, 0x00, 0x00, 0x56, 0x5d, 0x00, 0x00, 0x00, 0x00, 0x95,
    0x7e, 0x00, 0x00, 0x00, 0x00, 0xa6, 0x6c, 0x00, 0x00, 0x00, 0x00, 0x00, 0x00, 0x7e, 0x00, 0x00,
    0x00, 0x00, 0x00, 0x00, 0x00, 0x00, 0x00, 0x00, 0x00, 0x00, 0x19, 0xe7, 0x00, 0x00, 0x00, 0x40,
    0xb8, 0x00, 0x00, 0x00, 0x00, 0x00, 0x00, 0x00, 0x5e, 0xb1, 0x00, 0x00, 0x00, 0x00, 0x61, 0xcd,
    0x51, 0x00, 0x00, 0x00, 0x00, 0x89, 0x94, 0x00, 0x0f, 0x11, 0x13, 0x70, 0xc1, 0x11, 0x13, 0x11,
    0x00, 0x00, 0x00, 0xe0, 0x00, 0x00, 0x62, 0xa9, 0xc0, 0xa9, 0xc0, 0xa9, 0xc0, 0x8a, 0x00, 0x00,
    0x1e, 0xd4, 0x00, 0x00, 0x00, 0xab, 0xe6, 0xaa, 0xc1, 0xa5, 0x33, 0x00, 0x00, 0x00, 0x53, 0xc9,
    0x00, 0x00, 0x0b, 0x99, 0xcd, 0x4b, 0x00, 0x00, 0x00, 0x00, 0x00, 0x9b, 0x82, 0x00, 0xb3, 0xdb,
    0xb6, 0xcf, 0xb6, 0xcf, 0xb6, 0xf9, 0x13, 0x00, 0x00, 0xff, 0x00, 0x00, 0x2a, 0x5e, 0x63, 0xe9,
    0x53, 0x5e, 0x7c, 0xcf, 0x00, 0x00, 0x1a, 0xf1, 0x00, 0x00, 0x6e, 0xd2, 0x52, 0x5d, 0x94, 0xd8,
    0x09, 0x00, 0x00, 0x00, 0x5e, 0xb1, 0x05, 0x63, 0xe2, 0xa8, 0x24, 0x00, 0x00, 0x00, 0x00, 0x67,
    0xdc, 0xd2, 0xed, 0xc1, 0xcc, 0x4f, 0x00, 0x95, 0x08, 0x00, 0x00, 0xcb, 0x15, 0x00, 0x00, 0xe0,
    0x55, 0x7b, 0x90, 0x00, 0x41, 0xbc, 0x00, 0x00, 0x5e, 0xb6, 0x00, 0x9e, 0xde, 0xde, 0xdc, 0x8a,
    0xf9, 0x78, 0x74, 0x6f, 0xf3, 0x7a, 0x5d, 0x00, 0x00, 0x00, 0x53, 0xc9, 0x20, 0xbe, 0x57, 0x00,
    0x00, 0x00, 0x00, 0x00, 0x00, 0x00, 0x00, 0x9b, 0x82, 0x00, 0x86, 0x43, 0x4a, 0xdb, 0x00, 0x00,
    0x00, 0x9a, 0x0b, 0x88, 0xb9, 0xff, 0xae, 0x99, 0x44, 0x00, 0x4a, 0xcf, 0x00, 0x00, 0x53, 0xce,
    0x00, 0x00, 0x1a, 0xf1, 0x00, 0x4a, 0xc8, 0xa6, 0x7f, 0xfe, 0x7f, 0xae, 0xb6, 0x00, 0x96, 0x84,
    0xb2, 0xc8, 0x96, 0x84, 0x96, 0x84, 0x96, 0x84, 0x96, 0x84, 0x37, 0x00, 0x00, 0x89, 0x94, 0x0b,
    0x78, 0x6a, 0xc3, 0xa8, 0x78, 0x6a, 0x78, 0x6a, 0x2c, 0x4b, 0x3e, 0xe0, 0x00, 0x00, 0x00, 0x00,
    0x5d, 0xb0, 0x00, 0x00, 0x67, 0xaf, 0x00, 0x00, 0x1e, 0xd4, 0x00, 0x00, 0xcf, 0x40, 0x00, 0xde,
    0x00, 0x52, 0xcf, 0x00, 0x88, 0x9b, 0xa0, 0xe5, 0x89, 0x9b, 0xde, 0x9b, 0x89, 0x9b, 0x89, 0x9b,
    0x32, 0x00, 0x00, 0x9b, 0x82, 0x59, 0x93, 0xa6, 0xda, 0x9a, 0x88, 0xbd, 0xc9, 0x9a, 0x32, 0x00,
    0x00, 0xff, 0x00, 0x00, 0x00, 0x00, 0x73, 0xa6, 0x00, 0x00, 0x60, 0xb3, 0x00, 0x00, 0x1a, 0xf4,
    0x81, 0x50, 0xb6, 0x49, 0x00, 0xfe, 0x00, 0x5d, 0xb6, 0x00, 0x00, 0x00, 0x5e, 0xb1, 0x00, 0x00,
    0xbe, 0x72, 0x00, 0x00, 0x00, 0x00, 0x00, 0x13, 0x6f, 0xb8, 0xfb, 0xb0, 0x37, 0x86, 0xaa, 0x00,
    0x00, 0x90, 0x96, 0x00, 0x00, 0x00, 0x00, 0xe0, 0x00, 0x00, 0x00, 0x00, 0xb0, 0x72, 0x00, 0x00,
    0x89, 0x8e, 0x00, 0x7d, 0xe1, 0xdd, 0x97, 0x59, 0xdb, 0x71, 0x60, 0xd6, 0x5e, 0x7b, 0xdb, 0x42,
    0x00, 0x00, 0x53, 0xc9, 0x00, 0x00, 0x36, 0xed, 0x30, 0x00, 0x00, 0x00, 0x00, 0x87, 0xa9, 0xcc,
    0x82, 0x00, 0x1f, 0xf3, 0x67, 0x00, 0x0d, 0xeb, 0x37, 0x00, 0x00, 0x00, 0x00, 0xff, 0x2b, 0x9c,
    0xb1, 0x05, 0xcd, 0x3b, 0x00, 0x00, 0x87, 0x9c, 0x00, 0x6f, 0x45, 0xf1, 0x00, 0x96, 0xa3, 0xb9,
    0xc2, 0xff, 0xad, 0xb9, 0xa3, 0x95, 0x00, 0x00, 0x5e, 0xb1, 0x00, 0x00, 0x00, 0x75, 0xe0, 0x29,
    0x00, 0x00, 0x00, 0x00, 0x00, 0x89, 0x94, 0x00, 0x00, 0x4e, 0xd2, 0xaf, 0xad, 0xa2, 0x00, 0x00,
    0x00, 0x00, 0x48, 0xe0, 0xea, 0x7f, 0x21, 0x67, 0xd1, 0x00, 0x00, 0x00, 0xa1, 0x86, 0x00, 0x00,
    0x1e, 0xd4, 0x00, 0x00, 0x00, 0x1c, 0xe5, 0x95, 0xb1, 0x00, 0x00, 0x00, 0x00, 0x00, 0x53, 0xc9,
    0x00, 0x2c, 0x67, 0x0d, 0x82, 0xef, 0x5c, 0x00, 0x00, 0x00, 0x00, 0x9b, 0x82, 0x00, 0x00, 0x00,
    0x00, 0xc8, 0xe0, 0xb5, 0x1d, 0x00, 0x00, 0x00, 0x49, 0x8c, 0x0f, 0x00, 0x28, 0xed, 0x4f, 0x00,
    0x00, 0x00, 0xad, 0x6a, 0x00, 0x00, 0x1a, 0xf1, 0x00, 0x00, 0x1d, 0xd1, 0x7a, 0x00, 0xaf, 0x90,
    0x00, 0x00, 0x00, 0x00, 0x88, 0xd2, 0xdf, 0xcd, 0xb1, 0x24, 0x00, 0x5c, 0xea, 0xbf, 0x51, 0x00,
    0x00, 0x89, 0x94, 0x00, 0x26, 0x6f, 0xdd, 0xa5, 0x31, 0x8f, 0xed, 0x5d, 0x00, 0x00, 0x00, 0x00,
    0x00, 0x41, 0xe2, 0x81, 0x00, 0x29, 0x5e, 0x5a, 0xf5, 0x33, 0x00, 0x00, 0x26, 0xd4, 0x00, 0x5c,
    0xe2, 0x78, 0x00, 0x00, 0x1c, 0xb1, 0xc0, 0x2e, 0x00, 0x00, 0x82, 0x92, 0x3b, 0x00, 0x00, 0x00,
    0x00, 0x00, 0x0d, 0x78, 0x17, 0x11, 0xd2, 0xde, 0x4a, 0x00, 0xaa, 0xaf, 0x43, 0x00, 0x00, 0x00,
    0x49, 0xc7, 0x0b, 0x00, 0x00, 0x00, 0x00, 0x8f, 0x71, 0x00, 0x00, 0x47, 0xb4, 0xcc, 0x76, 0x00,
    0x00, 0x61, 0xce, 0xa1, 0x4f, 0xc8, 0x3f, 0x00, 0x00, 0x00, 0x00, 0x00, 0x7d, 0xaa,
};
static const lv_image_dsc_t melt_img_65 = {
    .header.magic = LV_IMAGE_HEADER_MAGIC,
    .header.cf = LV_COLOR_FORMAT_A8,
    .header.flags = 0,
    .header.w = 54,
    .header.h = 13,
    .header.stride = 54,
    .data_size = sizeof melt_img_65_px,
    .data = melt_img_65_px,
};

static const uint8_t melt_img_66_px[] __attribute__((aligned(4))) = {
    0x00, 0x00, 0x51, 0xc0, 0x00, 0x00, 0x00, 0x0a, 0xb6, 0x13, 0x00, 0x00, 0x00, 0x00, 0x00, 0x00,
    0x00, 0x00, 0x00, 0x1e, 0xce, 0x29, 0x00, 0x00, 0x00, 0x00, 0x00, 0x88, 0x9a, 0xc4, 0xcc, 0xaf,
    0x9a, 0x35, 0x74, 0xeb, 0x97, 0xad, 0x43, 0x00, 0x00, 0x00, 0x7a, 0xab, 0x96, 0xab, 0x96, 0xea,
    0xb1, 0xab, 0x96, 0xab, 0x96, 0x40, 0x24, 0x34, 0x66, 0xca, 0x2e, 0x34, 0x33, 0xe6, 0x58, 0x69,
    0xd2, 0x33, 0x00, 0x00, 0x00, 0x4d, 0x53, 0xbf, 0x72, 0x5e, 0x53, 0x5e, 0x53, 0xd2, 0x71, 0x5e,
    0x1f, 0x6f, 0xaa, 0xd1, 0xd0, 0xc1, 0xa2, 0xd5, 0x93, 0x5e, 0xa0, 0xb4, 0x53, 0x23, 0x00, 0x00,
    0x00, 0x00, 0x77, 0xba, 0x00, 0x00, 0x00, 0x49, 0xce, 0x0d, 0x00, 0x00, 0x6e, 0x7f, 0x8f, 0xdb,
    0x70, 0x7f, 0x67, 0xbc, 0xb6, 0xea, 0xa5, 0xe8, 0x53, 0x00, 0x3e, 0x5e, 0x53, 0x73, 0xce, 0x5e,
    0x53, 0x5e, 0xad, 0xad, 0x53, 0x5e, 0x52, 0x7b, 0x6e, 0x7d, 0x6e, 0x7d, 0x6e, 0x34, 0x00, 0x62,
    0xa9, 0x00, 0xa6, 0x5e, 0x00, 0x75, 0x89, 0x9b, 0x89, 0x9b, 0x89, 0x9b, 0x89, 0x9b, 0x89, 0x9b,
    0x89, 0x9a, 0x1d, 0xcf, 0xb6, 0xcf, 0xb6, 0x94, 0xb5, 0xcf, 0xc2, 0xf0, 0xb6, 0xef, 0xc1, 0x3c,
    0x00, 0x00, 0x38, 0x52, 0x48, 0x52, 0x48, 0x52, 0x48, 0x52, 0x48, 0x0f, 0x00, 0x29, 0xba, 0x00,
    0x00, 0x5e, 0xa1, 0x13, 0x11, 0x68, 0xaa, 0x13, 0xa8, 0x63, 0x04, 0x00, 0x00, 0xc7, 0xba, 0xc5,
    0xad, 0xc5, 0xad, 0xc5, 0xad, 0xfd, 0x2a, 0x00, 0x24, 0xf4, 0xb6, 0xce, 0xc0, 0xb7, 0x1f, 0x5f,
    0x7e, 0xd1, 0x54, 0xce, 0x53, 0x00, 0x00, 0x00, 0xaf, 0x5e, 0x00, 0x00, 0x00, 0x00, 0x00, 0x00,
    0xda, 0x30, 0x00, 0x29, 0xc4, 0x5e, 0x53, 0x8d, 0xa1, 0x39, 0x89, 0xb7, 0xc5, 0x9b, 0xc4, 0x5e,
    0x00, 0x00, 0x00, 0xc7, 0xc0, 0xce, 0xb5, 0xce, 0xb5, 0xce, 0xb5, 0xfd, 0x2a, 0x00, 0x24, 0xe9,
    0x88, 0x9a, 0xa0, 0xb7, 0x00, 0x00, 0x57, 0xc0, 0x00, 0x00, 0x00, 0x00, 0x00, 0x00, 0xaf, 0x5e,
    0x00, 0x00, 0x00, 0x00, 0x00, 0x00, 0xda, 0x30, 0x00, 0x29, 0xba, 0x00, 0x00, 0x5e, 0xa1, 0x00,
    0x00, 0x62, 0xa8, 0x00, 0x00, 0x00, 0x00, 0x00, 0x00, 0xc7, 0x9b, 0x92, 0x80, 0x92, 0x80, 0x92,
    0x80, 0xfb, 0x2a, 0x00, 0x23, 0xce, 0x00, 0xa2, 0xbd, 0x7e, 0x0b, 0xeb, 0xca, 0x7d, 0x00, 0x00,
    0x00, 0x00, 0x00, 0x00, 0xae, 0xaa, 0x7a, 0x8a, 0x7a, 0x8a, 0x7a, 0x8a, 0xd5, 0x2f, 0x00,
};
static const lv_image_dsc_t melt_img_66 = {
    .header.magic = LV_IMAGE_HEADER_MAGIC,
    .header.cf = LV_COLOR_FORMAT_A8,
    .header.flags = 0,
    .header.w = 27,
    .header.h = 13,
    .header.stride = 27,
    .data_size = sizeof melt_img_66_px,
    .data = melt_img_66_px,
};

static const uint8_t melt_img_67_px[] __attribute__((aligned(4))) = {
    0x00, 0x00, 0x80, 0x76, 0x00, 0x00, 0x00, 0x8d, 0x6d, 0x00, 0x00, 0x00, 0x00, 0x00, 0x59, 0x56,
    0x00, 0x00, 0x00, 0x00, 0x5c, 0x9c, 0x00, 0x00, 0x00, 0x00, 0x13, 0xec, 0x30, 0x00, 0x00, 0x00,
    0x33, 0xcf, 0x00, 0x00, 0x00, 0x00, 0x00, 0x39, 0xc2, 0x6b, 0x00, 0x00, 0x00, 0x70, 0x92, 0x00,
    0x00, 0x00, 0x00, 0x8f, 0x96, 0x1e, 0x2f, 0xcf, 0xb6, 0xf5, 0xc1, 0xcf, 0xb6, 0xba, 0x00, 0x00,
    0x00, 0x33, 0xa8, 0x00, 0x00, 0x00, 0x62, 0xa6, 0x00, 0x00, 0x00, 0x2c, 0xc8, 0x24, 0x8e, 0x90,
    0x00, 0x62, 0xbf, 0x0d, 0x63, 0x26, 0x00, 0x00, 0x00, 0x00, 0x00, 0x00, 0x00, 0x00, 0x00, 0x70,
    0x92, 0x00, 0x00, 0x00, 0xb4, 0xdb, 0xb3, 0xe4, 0x17, 0x2d, 0xca, 0x3d, 0x00, 0x67, 0xae, 0x00,
    0x00, 0xba, 0xb6, 0xcf, 0x2b, 0x75, 0x89, 0x9b, 0xa6, 0xd5, 0x89, 0x9b, 0x89, 0x6b, 0x54, 0xe5,
    0x4f, 0x41, 0xc7, 0xe7, 0xb6, 0xd1, 0xbc, 0xe6, 0x6e, 0x00, 0x00, 0x00, 0xb6, 0x3c, 0x3e, 0x5e,
    0x53, 0x98, 0xa7, 0x5e, 0x53, 0x5e, 0x00, 0xac, 0x84, 0x0f, 0x32, 0x68, 0xa7, 0x2f, 0x3f, 0x6f,
    0x24, 0x90, 0x00, 0x00, 0x00, 0xcf, 0x35, 0x00, 0x00, 0x00, 0x62, 0xa6, 0x00, 0x00, 0x00, 0x8d,
    0xe0, 0xdb, 0xbd, 0x58, 0x00, 0xda, 0x0b, 0x65, 0x89, 0x00, 0x00, 0x00, 0x00, 0x00, 0xb6, 0x3c,
    0x00, 0x00, 0x00, 0x70, 0x92, 0x00, 0x00, 0x00, 0x67, 0x60, 0x11, 0x00, 0x00, 0x05, 0xd4, 0x00,
    0x58, 0x9b, 0x00, 0x00, 0x00, 0x00, 0x00, 0xcf, 0x35, 0x29, 0x00, 0x00, 0x62, 0xa6, 0x00, 0x00,
    0x00, 0x00, 0x1d, 0x78, 0x9f, 0x77, 0x5b, 0xbd, 0x00, 0x65, 0x89, 0x00, 0x7f, 0x00, 0x00, 0x00,
    0xb6, 0xac, 0xbe, 0x00, 0x00, 0x70, 0x92, 0x00, 0x00, 0x00, 0x9e, 0xe2, 0x91, 0x5a, 0x43, 0xe7,
    0x45, 0x00, 0x58, 0xa2, 0x07, 0xda, 0x00, 0x00, 0x2e, 0xf3, 0x98, 0x19, 0x00, 0x00, 0x62, 0xa6,
    0x00, 0x00, 0x00, 0x29, 0x00, 0x00, 0x23, 0xd1, 0x4e, 0x00, 0x00, 0x39, 0xb3, 0xcf, 0x82, 0x00,
    0x00, 0x29, 0x69, 0x00, 0x00, 0x00, 0x00, 0x70, 0x92, 0x00, 0x00, 0x00,
};
static const lv_image_dsc_t melt_img_67 = {
    .header.magic = LV_IMAGE_HEADER_MAGIC,
    .header.cf = LV_COLOR_FORMAT_A8,
    .header.flags = 0,
    .header.w = 25,
    .header.h = 12,
    .header.stride = 25,
    .data_size = sizeof melt_img_67_px,
    .data = melt_img_67_px,
};

static const uint8_t melt_img_68_px[] __attribute__((aligned(4))) = {
    0x1a, 0xaa, 0xb6, 0xcf, 0xb6, 0xcf, 0xb6, 0xcf, 0xb6, 0xce, 0x95, 0x1e, 0xab, 0x9e, 0x5f, 0x53,
    0x5e, 0x53, 0x5e, 0x53, 0x5e, 0x54, 0xb4, 0x95, 0xb6, 0x5f, 0x00, 0x00, 0x00, 0x00, 0x00, 0x00,
    0x00, 0x00, 0x54, 0xce, 0xcf, 0x53, 0x00, 0x00, 0x00, 0x00, 0x00, 0x00, 0x00, 0x00, 0x5e, 0xb6,
    0xb6, 0x5e, 0x00, 0x00, 0x00, 0x82, 0x72, 0x00, 0x00, 0x00, 0x53, 0xcf, 0xcf, 0x53, 0x00, 0x00,
    0x85, 0xca, 0xe5, 0x75, 0x00, 0x00, 0x5e, 0xb6, 0xb6, 0x5e, 0x00, 0x81, 0xcb, 0x37, 0x31, 0xe8,
    0x71, 0x00, 0x53, 0xcf, 0xcf, 0x53, 0x00, 0x94, 0x3c, 0x00, 0x00, 0x35, 0xa7, 0x00, 0x5e, 0xb6,
    0xb6, 0x5e, 0x00, 0x00, 0x00, 0x00, 0x00, 0x00, 0x00, 0x00, 0x53, 0xcf, 0xce, 0x54, 0x00, 0x00,
    0x00, 0x00, 0x00, 0x00, 0x00, 0x00, 0x5f, 0xb6, 0x92, 0xb4, 0x54, 0x5e, 0x53, 0x5e, 0x53, 0x5e,
    0x53, 0x5f, 0x9e, 0xa6, 0x1e, 0x95, 0xce, 0xb6, 0xcf, 0xb6, 0xcf, 0xb6, 0xcf, 0xb6, 0xaa, 0x1a,
};
static const lv_image_dsc_t melt_img_68 = {
    .header.magic = LV_IMAGE_HEADER_MAGIC,
    .header.cf = LV_COLOR_FORMAT_A8,
    .header.flags = 0,
    .header.w = 12,
    .header.h = 12,
    .header.stride = 12,
    .data_size = sizeof melt_img_68_px,
    .data = melt_img_68_px,
};

static const uint8_t melt_img_69_px[] __attribute__((aligned(4))) = {
    0x11, 0x6c, 0x00, 0x89, 0x91, 0x00, 0x5d, 0x39, 0x00, 0x7c, 0x60, 0x00, 0x00, 0x00, 0x00, 0x00,
    0x00, 0x00, 0xaf, 0x55, 0x00, 0x19, 0x44, 0x4e, 0x44, 0x4e, 0x44, 0x4e, 0x44, 0x4e, 0x19, 0x00,
    0x00, 0x00, 0x00, 0xc8, 0x47, 0x00, 0x00, 0x00, 0x00, 0xba, 0x61, 0x00, 0x00, 0x00, 0x00, 0x00,
    0x00, 0x05, 0x71, 0x0f, 0x00, 0x00, 0x00, 0x00, 0x00, 0x77, 0xa6, 0x00, 0x00, 0x00, 0x00, 0x05,
    0xc0, 0x5a, 0x80, 0xaf, 0x1f, 0xeb, 0x31, 0x00, 0xae, 0x7a, 0x00, 0x00, 0x00, 0x00, 0x00, 0x00,
    0x00, 0xd5, 0x50, 0x00, 0x48, 0xfb, 0xb6, 0xcf, 0xb6, 0xcf, 0xb6, 0xcf, 0xd6, 0x5e, 0x00, 0x00,
    0x00, 0x63, 0xda, 0x27, 0x00, 0x00, 0x00, 0x00, 0x73, 0xdb, 0x00, 0x00, 0x00, 0x00, 0x00, 0x00,
    0x19, 0xca, 0xb5, 0x1e, 0x00, 0x00, 0x00, 0x00, 0x73, 0xcf, 0x00, 0x00, 0x00, 0x00, 0x00, 0x76,
    0x92, 0x92, 0x9a, 0x8f, 0x78, 0x00, 0x00, 0xea, 0x3d, 0x00, 0x00, 0x00, 0x00, 0x00, 0x00, 0x00,
    0xbc, 0x5b, 0x00, 0x52, 0xd2, 0x00, 0x00, 0x00, 0x00, 0x00, 0x00, 0xcf, 0x53, 0x00, 0x00, 0x00,
    0xb7, 0xa0, 0x00, 0x00, 0x86, 0x9b, 0x89, 0xa5, 0xcd, 0x9e, 0x89, 0x9b, 0x6d, 0x00, 0x00, 0x00,
    0x0f, 0xc4, 0xb8, 0x00, 0x00, 0x00, 0x00, 0x83, 0xb6, 0x00, 0x00, 0x00, 0x00, 0xa8, 0xb8, 0xcf,
    0xca, 0xec, 0xb6, 0xcf, 0xb6, 0x37, 0xe0, 0xcf, 0xb6, 0xcf, 0xb6, 0x92, 0x00, 0x9a, 0x95, 0xed,
    0xa8, 0xa9, 0x48, 0xef, 0x17, 0x1b, 0x17, 0x1b, 0x17, 0x1b, 0xb8, 0x5e, 0x00, 0x00, 0x5a, 0xf0,
    0x1f, 0x4a, 0x37, 0x96, 0x87, 0xb1, 0xe0, 0xa7, 0x87, 0x99, 0x87, 0x79, 0x00, 0x00, 0x00, 0x00,
    0x13, 0x7b, 0x00, 0x00, 0x00, 0x00, 0x73, 0xcf, 0x00, 0x00, 0x00, 0x00, 0x19, 0x23, 0x4c, 0xf7,
    0xdd, 0xa6, 0x24, 0x23, 0x76, 0xe2, 0x53, 0x5e, 0xb1, 0xb1, 0x3a, 0x00, 0x75, 0x92, 0xcd, 0xae,
    0x80, 0x52, 0xe0, 0xf3, 0xd6, 0xf3, 0xe0, 0xf6, 0xd6, 0xf3, 0x4f, 0x00, 0x16, 0xe4, 0x6c, 0x05,
    0xbb, 0xa0, 0x00, 0x05, 0xb7, 0xac, 0x00, 0x5b, 0x76, 0x00, 0x00, 0x00, 0x00, 0x00, 0x00, 0x00,
    0x00, 0x00, 0x00, 0x00, 0x00, 0x83, 0xb6, 0x00, 0x00, 0x00, 0x00, 0x00, 0x45, 0xe9, 0xae, 0xb2,
    0x92, 0xdc, 0x3e, 0xd9, 0xde, 0x0d, 0x00, 0xd3, 0x58, 0x00, 0x00, 0x00, 0x00, 0xd5, 0x50, 0x00,
    0x48, 0xed, 0x00, 0x00, 0x00, 0xef, 0x4e, 0x00, 0x00, 0x00, 0x00, 0xbd, 0xd6, 0xac, 0xbb, 0xe5,
    0x16, 0x00, 0x8a, 0xdd, 0x13, 0x00, 0x2a, 0xf0, 0x4b, 0x00, 0x00, 0xa4, 0xb6, 0xcf, 0xb6, 0x00,
    0x52, 0x9a, 0x88, 0x9a, 0xad, 0xe8, 0x88, 0x9a, 0x88, 0x97, 0x82, 0xee, 0x54, 0x92, 0x9a, 0x00,
    0x63, 0x72, 0xd0, 0xd4, 0x4a, 0x00, 0xda, 0x2c, 0x00, 0x00, 0x00, 0x00, 0xbc, 0x5b, 0x00, 0x55,
    0xd0, 0x5e, 0x53, 0x5e, 0xd6, 0x89, 0x53, 0x5e, 0x47, 0x00, 0x89, 0xa3, 0x8f, 0xfd, 0x50, 0x19,
    0x7f, 0xfe, 0x91, 0x97, 0x8f, 0xb6, 0xce, 0xe5, 0x14, 0x00, 0x41, 0x5e, 0x67, 0xff, 0x00, 0x67,
    0x95, 0xa9, 0x95, 0xcd, 0xce, 0xa9, 0x95, 0xa9, 0x92, 0x63, 0x2e, 0x00, 0x96, 0x46, 0x00, 0x00,
    0x9e, 0x86, 0x83, 0x9f, 0x50, 0xe1, 0x00, 0x00, 0x00, 0x00, 0x00, 0xd5, 0x94, 0xc2, 0x4f, 0xf7,
    0xb6, 0xcf, 0xb6, 0xfb, 0xc0, 0xcf, 0xb6, 0xb3, 0x00, 0x00, 0x09, 0xd2, 0x8a, 0x00, 0x1d, 0xe6,
    0xb7, 0xb9, 0x8b, 0x91, 0x67, 0x5c, 0xb4, 0x99, 0x00, 0x00, 0x00, 0x38, 0xe0, 0x00, 0x00, 0x00,
    0x00, 0x00, 0x73, 0xcf, 0x00, 0x00, 0x00, 0x00, 0x55, 0xa2, 0x9c, 0xf9, 0x8f, 0xa2, 0x8f, 0x39,
    0x04, 0x49, 0xc8, 0xaa, 0x8f, 0x00, 0x00, 0x00, 0x7e, 0xd0, 0xdf, 0xd2, 0x75, 0x65, 0xbb, 0x00,
    0x00, 0x00, 0xd2, 0x59, 0x00, 0x00, 0x00, 0x00, 0x00, 0xae, 0xb5, 0x4b, 0x6e, 0x55, 0x00, 0x6a,
    0xb8, 0x00, 0x52, 0xd5, 0x00, 0x2d, 0x1a, 0x00, 0x00, 0x00, 0x31, 0xff, 0x00, 0x00, 0x00, 0x00,
    0x00, 0x83, 0xb6, 0x00, 0x00, 0x00, 0x00, 0x53, 0x7c, 0xf5, 0x91, 0x8d, 0x88, 0xf9, 0x1d, 0x00,
    0x00, 0xdd, 0xdb, 0x41, 0x00, 0x00, 0x00, 0xb7, 0x74, 0xdf, 0x50, 0x00, 0x7a, 0xc8, 0x43, 0x5e,
    0x53, 0xf3, 0x79, 0x5e, 0x53, 0x23, 0x00, 0x9f, 0xe0, 0xfe, 0xca, 0xba, 0x4b, 0x00, 0x6e, 0xcb,
    0x00, 0x5d, 0xbc, 0x00, 0x00, 0x00, 0x00, 0x00, 0x00, 0x38, 0xe0, 0x00, 0x00, 0x00, 0x00, 0x00,
    0x73, 0xcf, 0x00, 0x00, 0x00, 0x00, 0x00, 0x79, 0xc8, 0x05, 0x00, 0xab, 0x90, 0x00, 0x00, 0x00,
    0x92, 0xe2, 0x00, 0x00, 0x00, 0x00, 0x00, 0x00, 0xbc, 0x5b, 0x00, 0xaa, 0x88, 0xd0, 0xc0, 0xcf,
    0xb6, 0xcf, 0xb6, 0xf3, 0x53, 0x00, 0x66, 0x77, 0x29, 0x00, 0x00, 0x00, 0x00, 0x99, 0x98, 0x00,
    0x52, 0xd5, 0x00, 0x00, 0x00, 0x00, 0x00, 0x00, 0x31, 0xff, 0x00, 0x15, 0x00, 0x00, 0x00, 0x83,
    0xb6, 0x00, 0x00, 0x00, 0x00, 0x00, 0x52, 0xc5, 0xc8, 0xa9, 0xc4, 0x1b, 0x00, 0x00, 0x44, 0xf0,
    0xc9, 0x80, 0x00, 0x00, 0x00, 0x00, 0x00, 0xd5, 0x50, 0x00, 0xc0, 0x6e, 0xb7, 0x5a, 0x00, 0x00,
    0x00, 0x00, 0xb6, 0x5e, 0x00, 0x00, 0x00, 0x00, 0x31, 0x85, 0x5c, 0x00, 0xc0, 0x7d, 0x00, 0x5d,
    0xbc, 0x00, 0x24, 0x67, 0x00, 0x00, 0x00, 0x38, 0xe0, 0x51, 0xc6, 0x5c, 0x00, 0x00, 0x73, 0xcf,
    0x00, 0x00, 0x00, 0x00, 0x00, 0x00, 0x1d, 0xc6, 0xd5, 0xe2, 0x52, 0x00, 0x43, 0xf0, 0x67, 0x56,
    0xd7, 0x58, 0x00, 0x00, 0x00, 0x00, 0xbc, 0x5b, 0x36, 0xfa, 0x19, 0xd0, 0x4f, 0x00, 0x00, 0x00,
    0x00, 0xce, 0x53, 0x00, 0x4f, 0xa6, 0xc5, 0xf6, 0xa4, 0x57, 0x67, 0xf2, 0x1c, 0x00, 0x52, 0xd5,
    0x00, 0x49, 0xbe, 0x00, 0x00, 0x00, 0x43, 0xff, 0xd8, 0x83, 0x00, 0x00, 0x00, 0x83, 0xb6, 0x00,
    0x00, 0x00, 0x00, 0x57, 0x92, 0xef, 0x95, 0x1c, 0x5f, 0x6c, 0x7f, 0xf4, 0x6d, 0x00, 0x00, 0x7a,
    0xd9, 0x89, 0x00, 0x42, 0x51, 0xe1, 0x4f, 0xaf, 0xa3, 0x00, 0xb7, 0xdb, 0xb6, 0xcf, 0xb6, 0xcf,
    0xd6, 0x5e, 0x00, 0xaa, 0x98, 0x65, 0x09, 0x23, 0x89, 0xf8, 0x61, 0x00, 0x00, 0x5b, 0xd0, 0x8d,
    0x99, 0xc4, 0x00, 0x00, 0x00, 0xbe, 0xc2, 0x44, 0x00, 0x00, 0x00, 0x00, 0x73, 0xcf, 0x00, 0x00,
    0x00, 0x00, 0x7a, 0x92, 0x2a, 0x00, 0x00, 0x00, 0x2d, 0xcc, 0x44, 0x00, 0x00, 0x00, 0x00, 0x62,
    0x72, 0x00, 0x62, 0xcf, 0xa5, 0x19, 0x9a, 0x41, 0x00, 0xc6, 0x76, 0x5d, 0x52, 0x5d, 0x52, 0xc4,
    0x49, 0x00, 0x00, 0x00, 0x00, 0x00, 0x21, 0xba, 0x43, 0x00, 0x00, 0x00, 0x09, 0x96, 0x91, 0xa3,
    0x40, 0x00, 0x00, 0x00, 0x43, 0x19, 0x00, 0x00, 0x00, 0x00, 0x00, 0x7a, 0xab, 0x00, 0x00, 0x00,
    0x00,
};
static const lv_image_dsc_t melt_img_69 = {
    .header.magic = LV_IMAGE_HEADER_MAGIC,
    .header.cf = LV_COLOR_FORMAT_A8,
    .header.flags = 0,
    .header.w = 63,
    .header.h = 15,
    .header.stride = 63,
    .data_size = sizeof melt_img_69_px,
    .data = melt_img_69_px,
};

static const uint8_t melt_img_70_px[] __attribute__((aligned(4))) = {
    0x00, 0x7f, 0x04, 0x00, 0x00, 0x00, 0x00, 0x00, 0x00, 0x00, 0x00, 0x00, 0x00, 0x00, 0x00, 0x00,
    0x00, 0x00, 0x00, 0x00, 0x00, 0x00, 0x00, 0x33, 0x2d, 0x00, 0x00, 0x00, 0x1a, 0xcf, 0x00, 0x00,
    0x00, 0x00, 0x00, 0x00, 0x00, 0x00, 0x00, 0x00, 0x00, 0x00, 0x00, 0x00, 0x00, 0x00, 0x00, 0x00,
    0x00, 0xcd, 0x17, 0x00, 0x00, 0x00, 0x00, 0x4d, 0x74, 0x00, 0x00, 0x00, 0x00, 0x00, 0x00, 0x00,
    0x00, 0x7b, 0x58, 0x00, 0x6f, 0x0a, 0x00, 0xab, 0x00, 0x0a, 0x00, 0x00, 0x00, 0xa2, 0x1c, 0x00,
    0x00, 0x00, 0xb3, 0x00, 0x00, 0x00, 0x00, 0x00, 0x00, 0x00, 0x00, 0xb7, 0x51, 0x00, 0x00, 0x00,
    0x00, 0x00, 0x00, 0x00, 0x58, 0x9c, 0x00, 0x00, 0x00, 0x08, 0xb8, 0x21, 0x00, 0x00, 0x71, 0xbe,
    0x09, 0xa0, 0xb6, 0xcf, 0xb6, 0xcf, 0xba, 0x00, 0x43, 0xcf, 0xb6, 0xcf, 0xb6, 0xf3, 0xb8, 0xcf,
    0xb6, 0xcf, 0xb6, 0x0f, 0x41, 0xdc, 0x32, 0x20, 0x1d, 0x21, 0x9b, 0x6b, 0x1d, 0x21, 0x16, 0x00,
    0x00, 0x00, 0x00, 0x00, 0x00, 0x00, 0x00, 0x00, 0x00, 0x00, 0x00, 0x5e, 0x89, 0x9b, 0xbc, 0xba,
    0x89, 0x7e, 0x38, 0x69, 0x53, 0xa2, 0x00, 0x00, 0x00, 0x00, 0x00, 0x00, 0x00, 0x00, 0xb8, 0x27,
    0x00, 0xcf, 0x92, 0x34, 0xb1, 0x0d, 0xa8, 0x00, 0x00, 0x2f, 0xb0, 0x00, 0x33, 0xbb, 0xa5, 0xef,
    0xa5, 0xbb, 0x00, 0x00, 0x00, 0x00, 0x00, 0x24, 0xc9, 0x08, 0x00, 0x00, 0x00, 0x00, 0x00, 0x0d,
    0x14, 0x17, 0xb6, 0x3d, 0x14, 0x17, 0x80, 0x9f, 0x14, 0x17, 0x00, 0x00, 0x72, 0x34, 0x00, 0x00,
    0x00, 0x00, 0x00, 0xd3, 0x00, 0x00, 0x00, 0x00, 0x00, 0x00, 0xb6, 0x19, 0x00, 0x00, 0x00, 0x00,
    0x00, 0x00, 0x46, 0x8b, 0xb0, 0xcf, 0xb6, 0xcf, 0xb6, 0xf3, 0xb9, 0x9f, 0x00, 0x00, 0x00, 0x00,
    0x00, 0x00, 0x00, 0x00, 0x00, 0x00, 0x00, 0x00, 0x32, 0x5e, 0x93, 0xba, 0x53, 0x5e, 0x43, 0x5e,
    0x89, 0x5e, 0x8f, 0x00, 0x00, 0x00, 0x00, 0x00, 0x00, 0x00, 0x56, 0xa9, 0x23, 0x42, 0xb6, 0x4a,
    0x7c, 0xca, 0x6d, 0x67, 0x00, 0x00, 0x95, 0x58, 0x4b, 0x00, 0x00, 0x00, 0xb6, 0x00, 0x00, 0x0a,
    0x00, 0x98, 0xcf, 0xe6, 0xcb, 0xe9, 0xca, 0xe6, 0xca, 0xe6, 0xcc, 0x00, 0x67, 0xcf, 0xb6, 0xcf,
    0xb6, 0xcf, 0xb6, 0xcf, 0xb6, 0xcf, 0xb6, 0x5e, 0x53, 0x4d, 0x00, 0x00, 0x00, 0x00, 0x00, 0x00,
    0xba, 0x00, 0x00, 0x00, 0x00, 0x00, 0x00, 0xcf, 0x41, 0x00, 0x00, 0x00, 0x00, 0x00, 0x00, 0x00,
    0x00, 0x4d, 0x5d, 0x00, 0x00, 0x19, 0xc2, 0x00, 0x00, 0x00, 0x00, 0x00, 0x00, 0x00, 0x00, 0x00,
    0x00, 0x00, 0x00, 0x00, 0x00, 0x00, 0x36, 0xd1, 0x19, 0x21, 0xa2, 0x00, 0x53, 0x9b, 0x53, 0xa2,
    0x00, 0x00, 0x00, 0x00, 0x00, 0x00, 0x04, 0xcb, 0x2a, 0xb1, 0x5b, 0xcf, 0x51, 0x85, 0xbd, 0x84,
    0x53, 0x17, 0x3f, 0xba, 0x30, 0xc7, 0x70, 0xc1, 0xaa, 0xc1, 0xaa, 0xdb, 0x7f, 0x00, 0x89, 0x62,
    0x00, 0x00, 0x00, 0x00, 0x00, 0x00, 0x00, 0xe9, 0x00, 0x00, 0x40, 0x5e, 0x53, 0x5e, 0x32, 0x00,
    0x39, 0x00, 0x68, 0x2c, 0x89, 0xa1, 0xb6, 0x00, 0x31, 0x5e, 0x53, 0x5e, 0x53, 0xd3, 0x00, 0x00,
    0x00, 0x00, 0x00, 0x00, 0xb6, 0xcf, 0xa6, 0x39, 0x00, 0x00, 0x00, 0x7e, 0x89, 0x5e, 0x19, 0xb2,
    0x99, 0x15, 0x83, 0x8c, 0x00, 0x00, 0x19, 0x4f, 0x45, 0x4f, 0x45, 0x4f, 0x45, 0x4f, 0x45, 0x4f,
    0x45, 0x2d, 0x09, 0xe9, 0xbc, 0xcf, 0xc5, 0x66, 0x00, 0x5e, 0x89, 0x5e, 0x8f, 0x00, 0x00, 0x00,
    0x00, 0x00, 0x00, 0x5a, 0xb6, 0xd2, 0xa8, 0x00, 0xb6, 0x98, 0x94, 0xff, 0x95, 0x9b, 0x21, 0xa3,
    0xb3, 0xf3, 0x43, 0x00, 0x6b, 0x6f, 0xa3, 0x1c, 0xa0, 0x37, 0x00, 0x9b, 0x57, 0x23, 0x89, 0x9b,
    0x89, 0x9b, 0x53, 0x00, 0xcd, 0x00, 0x00, 0xc8, 0x88, 0x9a, 0xa0, 0x9b, 0x00, 0xcf, 0x00, 0xc3,
    0x3f, 0x00, 0x1f, 0xcf, 0x00, 0x97, 0xad, 0x9b, 0x89, 0x9b, 0xba, 0x00, 0x00, 0x00, 0x00, 0x00,
    0x00, 0xcf, 0x16, 0x69, 0xc6, 0x98, 0x00, 0x00, 0x43, 0x8b, 0x89, 0x00, 0x00, 0x7b, 0xb9, 0xd3,
    0x09, 0x00, 0x00, 0x4b, 0xb6, 0xcf, 0xb6, 0xcf, 0xb6, 0xcf, 0xb6, 0xcf, 0xb6, 0xcf, 0x67, 0x00,
    0x3e, 0x0f, 0x98, 0x98, 0x2e, 0x78, 0x53, 0x9b, 0x53, 0xa2, 0x00, 0x00, 0x00, 0x00, 0x00, 0x00,
    0x00, 0x1e, 0xb7, 0x24, 0x00, 0xcf, 0x00, 0x9d, 0xc9, 0xc1, 0x0d, 0x00, 0x00, 0x6c, 0x8a, 0x00,
    0x50, 0x82, 0x71, 0xd0, 0x16, 0x34, 0x00, 0x00, 0x89, 0x62, 0x31, 0xcd, 0x53, 0x5e, 0x7c, 0x9b,
    0x00, 0xe9, 0x00, 0x00, 0xb0, 0x6f, 0x61, 0x98, 0x89, 0x00, 0xb6, 0x00, 0xac, 0x48, 0x00, 0x23,
    0xb6, 0x00, 0x85, 0x83, 0x00, 0x00, 0x00, 0x34, 0x00, 0x00, 0x00, 0x00, 0x00, 0x00, 0xb6, 0x19,
    0x00, 0x1e, 0x98, 0x43, 0x00, 0x00, 0x51, 0x9b, 0x00, 0x00, 0x44, 0xe0, 0xc0, 0x66, 0x00, 0x00,
    0x00, 0x00, 0x00, 0x00, 0x00, 0x00, 0x00, 0x00, 0x00, 0x00, 0x00, 0x00, 0x00, 0x27, 0xab, 0x98,
    0x07, 0xce, 0x46, 0x5e, 0x89, 0x5e, 0x8f, 0x00, 0x00, 0x00, 0x00, 0x00, 0x00, 0x11, 0xab, 0xc0,
    0xa3, 0x77, 0xb6, 0x4b, 0x9a, 0xca, 0x4e, 0xb1, 0x00, 0x46, 0xd1, 0xbd, 0x97, 0x00, 0x72, 0x38,
    0xb6, 0x00, 0x00, 0x00, 0x00, 0x9b, 0x57, 0x38, 0xa5, 0x00, 0x00, 0x5e, 0x89, 0x00, 0xcd, 0x00,
    0x00, 0xc8, 0x53, 0x5e, 0x7c, 0x9b, 0x00, 0xcf, 0x00, 0xc3, 0x3f, 0x00, 0x1f, 0xcf, 0x00, 0x97,
    0x73, 0x00, 0x00, 0x00, 0x11, 0x00, 0x00, 0x00, 0x00, 0x00, 0x00, 0xcf, 0x16, 0x00, 0x00, 0x00,
    0x00, 0x00, 0x00, 0x5c, 0x89, 0x2a, 0x8c, 0xd4, 0x33, 0x23, 0xbe, 0x86, 0x00, 0x00, 0x00, 0x00,
    0x00, 0x00, 0x00, 0x00, 0x00, 0x00, 0x00, 0x00, 0x00, 0x33, 0xc4, 0x65, 0x04, 0xb6, 0x72, 0x00,
    0x51, 0x99, 0x53, 0xa2, 0x00, 0x00, 0x00, 0x00, 0x00, 0x00, 0x2f, 0xa1, 0x58, 0x20, 0x00, 0xcf,
    0x9d, 0x23, 0xb1, 0x00, 0x5f, 0x00, 0x6b, 0x7b, 0x26, 0x00, 0x9b, 0xcf, 0xc0, 0xf2, 0xb6, 0xcf,
    0x94, 0x00, 0x89, 0x62, 0x31, 0xdb, 0x82, 0x93, 0x9b, 0x9b, 0x00, 0xe9, 0x00, 0x00, 0xb0, 0x9b,
    0x89, 0xb5, 0x89, 0x00, 0xb6, 0x00, 0xac, 0x48, 0x00, 0x23, 0xc1, 0xc2, 0x92, 0x83, 0x00, 0x00,
    0x00, 0x56, 0x90, 0x00, 0x00, 0x00, 0x00, 0x00, 0xb6, 0x19, 0x00, 0x00, 0x00, 0x00, 0x00, 0x00,
    0x61, 0xac, 0x97, 0x82, 0x04, 0x00, 0x00, 0x1b, 0x95, 0x17, 0x00, 0x00, 0x00, 0x00, 0x00, 0x00,
    0x00, 0x00, 0x00, 0x00, 0x00, 0x00, 0x00, 0x05, 0x21, 0xc7, 0x9e, 0xc9, 0x19, 0x00, 0x00, 0x5e,
    0x8f, 0x00, 0x57, 0x78, 0x00, 0x00, 0x00, 0x00, 0x04, 0x4e, 0x79, 0x78, 0xb6, 0x00, 0x00, 0xc7,
    0x00, 0x00, 0x00, 0x00, 0x46, 0xac, 0xaa, 0x00, 0x00, 0xb5, 0x74, 0xb0, 0x1f, 0x00, 0x00, 0x9b,
    0x57, 0x38, 0xb4, 0x5e, 0x53, 0x5e, 0x32, 0x00, 0xcd, 0x00, 0x00, 0xc8, 0x49, 0x53, 0x76, 0x9b,
    0x00, 0x9a, 0x00, 0xc3, 0x3f, 0x00, 0x64, 0xe7, 0x4a, 0x8b, 0x97, 0x5e, 0x53, 0x5e, 0x89, 0x90,
    0x00, 0x00, 0x00, 0x00, 0x00, 0xcf, 0x16, 0x00, 0x00, 0x00, 0x00, 0x00, 0x76, 0xd9, 0x97, 0xcb,
    0x74, 0x5e, 0x53, 0x5e, 0x53, 0x78, 0x68, 0x00, 0x00, 0x00, 0x00, 0x00, 0x00, 0x00, 0x00, 0x00,
    0x00, 0x00, 0x00, 0x05, 0x71, 0xde, 0x55, 0x00, 0x67, 0xc6, 0x00, 0x00, 0x53, 0xa2, 0x00, 0x92,
    0xd0, 0x00, 0x00, 0x00, 0x43, 0xd3, 0x92, 0x6b, 0x1c, 0xea, 0x92, 0xa6, 0x92, 0xa6, 0x92, 0x3c,
    0x87, 0xac, 0x3f, 0x00, 0x29, 0xc0, 0x89, 0x00, 0x43, 0xd0, 0x3f, 0x00, 0x89, 0x62, 0x11, 0x42,
    0x00, 0x00, 0x04, 0x00, 0x00, 0xe9, 0x00, 0x00, 0xb0, 0x00, 0x00, 0x5e, 0x89, 0x00, 0x04, 0x00,
    0xae, 0x46, 0x00, 0x4a, 0x1f, 0x00, 0x1f, 0x9f, 0x99, 0xae, 0x99, 0xa1, 0x1d, 0x00, 0x00, 0x00,
    0x00, 0x00, 0x94, 0x15, 0x00, 0x00, 0x00, 0x00, 0x00, 0x77, 0x1c, 0x00, 0x31, 0x89, 0x89, 0x9b,
    0x89, 0x9b, 0x88, 0x6e, 0x00, 0x00, 0x00, 0x00, 0x00, 0x00, 0x00, 0x00, 0x00, 0x00, 0x00, 0x00,
    0x37, 0xa1, 0x1c, 0x00, 0x00, 0x00, 0x1d, 0x00, 0xaa, 0xcc, 0x54, 0x00, 0x1f, 0xc3, 0x00, 0x00,
    0x00, 0x00, 0x00, 0x00, 0x00, 0x00, 0x2a, 0x30, 0x2a, 0x30, 0x2a, 0x30, 0x0f, 0x00, 0x00, 0x00,
    0x00, 0xac, 0x51, 0x00, 0x00, 0x00, 0x29, 0x8f, 0x00, 0x7e, 0x46, 0x00, 0x00, 0x00, 0x00, 0x05,
    0xb3, 0xcf, 0x85, 0x00, 0x00, 0xa1, 0x00, 0x90, 0xb1, 0x5c, 0x00, 0x51, 0xb6, 0xb6, 0x11, 0x00,
    0x00, 0x00, 0x00, 0x00, 0x00, 0x00, 0x00, 0x00, 0x00, 0x00, 0x00, 0x00, 0x00, 0x00, 0x00, 0x00,
    0x00, 0x00, 0x00, 0x00, 0x00, 0x00, 0x00, 0x00, 0x00, 0x00, 0x00, 0x00, 0x00, 0x00, 0x00, 0x00,
    0x00, 0x00, 0x00, 0x00, 0x00, 0x00, 0x00, 0x00, 0x00, 0x00, 0x00, 0x00, 0x00, 0x00, 0x00, 0x00,
    0x00, 0x00, 0x00, 0x00, 0x00, 0x00, 0x00, 0x00, 0x00, 0xb1, 0x3e, 0x00, 0x00, 0x00, 0x00, 0x00,
    0x00, 0x00, 0x00, 0x00, 0x00, 0x00, 0x00, 0x00, 0x00, 0x00, 0x00, 0x00, 0x00, 0x00, 0x00, 0x00,
    0x00, 0x00, 0x00, 0x00, 0x00, 0x00, 0x00, 0x00, 0x00, 0x00, 0x00, 0x00, 0x00, 0x00, 0x00, 0x00,
    0x00, 0x00, 0x00, 0x00, 0x00, 0x00, 0x00, 0x00, 0x00, 0x00, 0x00, 0x00,
};
static const lv_image_dsc_t melt_img_70 = {
    .header.magic = LV_IMAGE_HEADER_MAGIC,
    .header.cf = LV_COLOR_FORMAT_A8,
    .header.flags = 0,
    .header.w = 109,
    .header.h = 12,
    .header.stride = 109,
    .data_size = sizeof melt_img_70_px,
    .data = melt_img_70_px,
};

static const uint8_t melt_img_71_px[] __attribute__((aligned(4))) = {
    0x00, 0x00, 0x00, 0x00, 0x00, 0x00, 0x1a, 0xd5, 0x52, 0x00, 0x00, 0x00, 0x00, 0x00, 0x00, 0x00,
    0x00, 0x00, 0x00, 0x00, 0x00, 0x00, 0x00, 0x00, 0x00, 0x00, 0x00, 0x00, 0x00, 0x00, 0x00, 0x00,
    0x00, 0x3d, 0x32, 0x00, 0x00, 0x00, 0x00, 0xef, 0x3c, 0x00, 0x00, 0x00, 0x19, 0x5e, 0x00, 0x00,
    0x00, 0x7c, 0x62, 0x00, 0x00, 0x00, 0x00, 0x00, 0x00, 0xbc, 0x4b, 0x00, 0x00, 0x00, 0x00, 0x00,
    0x00, 0x00, 0x00, 0x00, 0x07, 0xc4, 0xda, 0xc5, 0x0d, 0x00, 0x00, 0x00, 0x00, 0x00, 0x00, 0x00,
    0x00, 0x8c, 0xb6, 0xcf, 0xb6, 0xcf, 0xb6, 0xcf, 0xb6, 0xcf, 0xb6, 0xbb, 0x00, 0x00, 0x00, 0x00,
    0x91, 0x9a, 0x00, 0x00, 0x00, 0x00, 0xde, 0x48, 0x00, 0x00, 0x00, 0x4e, 0xe0, 0x00, 0x00, 0x00,
    0x51, 0xe5, 0xae, 0x2a, 0x45, 0xcf, 0xb6, 0xcf, 0xd6, 0xdb, 0xb6, 0xcf, 0x94, 0x00, 0x00, 0x00,
    0x00, 0x00, 0x0b, 0xbd, 0xc6, 0x34, 0xb6, 0xc8, 0x19, 0x00, 0x00, 0x00, 0x00, 0x00, 0x00, 0x00,
    0x98, 0xb5, 0x53, 0x5e, 0x53, 0x5e, 0x53, 0x5e, 0x53, 0x8d, 0xcb, 0x00, 0x00, 0x00, 0x00, 0xa5,
    0x8d, 0x20, 0x1c, 0x20, 0x1c, 0xfd, 0x4b, 0x20, 0x1c, 0x20, 0x4f, 0xff, 0x00, 0x00, 0x00, 0x00,
    0x17, 0xb8, 0x91, 0x60, 0xb7, 0x13, 0x11, 0xd1, 0x58, 0x13, 0x58, 0xcf, 0x00, 0x00, 0x00, 0x00,
    0x23, 0xcf, 0xc5, 0x31, 0x00, 0x19, 0xae, 0xdc, 0x39, 0x00, 0x00, 0x00, 0x00, 0x00, 0x00, 0xac,
    0x89, 0x00, 0x00, 0x00, 0x00, 0x00, 0x00, 0x00, 0x53, 0xe7, 0x00, 0x00, 0x00, 0x00, 0x8b, 0xf3,
    0xd6, 0xf3, 0xd6, 0xf3, 0xd6, 0xf3, 0xd6, 0xf3, 0xd6, 0xf3, 0xd6, 0x00, 0x00, 0x00, 0x00, 0x00,
    0x00, 0x0f, 0x55, 0xe8, 0x89, 0x9b, 0xcc, 0xb5, 0x89, 0xb5, 0xb6, 0x00, 0x00, 0x00, 0x5a, 0xec,
    0xb5, 0x2f, 0x86, 0x26, 0x00, 0x08, 0x96, 0xf6, 0x78, 0x05, 0x00, 0x00, 0x00, 0x00, 0x98, 0x9b,
    0x00, 0x00, 0x00, 0x00, 0x00, 0x00, 0x00, 0x5e, 0xcb, 0x00, 0x00, 0x00, 0x00, 0x00, 0x00, 0x00,
    0x00, 0x00, 0x00, 0x00, 0x00, 0x00, 0x00, 0x00, 0x00, 0x00, 0x00, 0x00, 0x19, 0x23, 0x00, 0x00,
    0x00, 0x2f, 0x6d, 0x7b, 0x6d, 0xe1, 0x8c, 0x7b, 0x6d, 0x65, 0x00, 0x42, 0xa9, 0xfb, 0x86, 0x08,
    0x09, 0xac, 0xcd, 0x4d, 0x00, 0x00, 0x64, 0xf2, 0xbf, 0x65, 0x00, 0x00, 0x00, 0xac, 0x89, 0x00,
    0x00, 0x00, 0x00, 0x00, 0x00, 0x00, 0x53, 0xe7, 0x00, 0x00, 0x00, 0x00, 0x88, 0xfb, 0xda, 0xf8,
    0xdc, 0xcc, 0x00, 0x9b, 0xdd, 0xf8, 0xda, 0xf8, 0xde, 0x00, 0x00, 0x7e, 0xd5, 0x92, 0x09, 0x82,
    0xad, 0xc5, 0xad, 0xc5, 0xd4, 0xd4, 0xad, 0xc5, 0xad, 0xc2, 0x8f, 0xca, 0x3e, 0x00, 0x00, 0x00,
    0x00, 0x86, 0xd7, 0x61, 0x00, 0x00, 0x25, 0xb5, 0x85, 0x00, 0x00, 0x00, 0x98, 0xb1, 0x48, 0x52,
    0x48, 0x52, 0x48, 0x52, 0x48, 0x85, 0xcb, 0x00, 0x00, 0x00, 0x00, 0x9a, 0x88, 0x00, 0x00, 0x75,
    0xb3, 0x00, 0x89, 0x9b, 0x00, 0x00, 0x33, 0xfd, 0x00, 0x00, 0x00, 0x50, 0xbe, 0xa3, 0x37, 0x5e,
    0x53, 0x5e, 0x53, 0x5e, 0x53, 0x5e, 0x53, 0x5e, 0x52, 0x00, 0x00, 0x00, 0x00, 0x00, 0x00, 0x00,
    0x00, 0x79, 0x3d, 0x00, 0x00, 0x00, 0x00, 0x00, 0x00, 0x00, 0x00, 0xac, 0xdb, 0xf3, 0xd6, 0xf3,
    0xd6, 0xf3, 0xd6, 0xf3, 0xd9, 0xe7, 0x00, 0x00, 0x00, 0x00, 0x88, 0xc9, 0x7b, 0x8c, 0xa0, 0xcc,
    0x00, 0x9b, 0xb1, 0x8c, 0x7b, 0x9d, 0xde, 0x00, 0x00, 0x00, 0x00, 0x08, 0x1f, 0x00, 0x46, 0xf3,
    0xd4, 0xf1, 0xd4, 0xf1, 0xd4, 0xf2, 0xac, 0x00, 0x00, 0x00, 0xc9, 0xf3, 0xd6, 0xf3, 0xd6, 0xf3,
    0xd6, 0xf3, 0xd6, 0xf3, 0xca, 0x1e, 0x00, 0x00, 0x00, 0x00, 0x98, 0x9b, 0x00, 0x00, 0x00, 0x00,
    0x00, 0x00, 0x00, 0x5e, 0xcb, 0x00, 0x00, 0x00, 0x00, 0x9b, 0xb6, 0x9b, 0x89, 0xbf, 0xb3, 0x00,
    0x89, 0xcf, 0x89, 0x9b, 0x95, 0xfd, 0x00, 0x00, 0x00, 0x00, 0x00, 0x00, 0x00, 0x53, 0xcc, 0x00,
    0x00, 0x15, 0x09, 0x00, 0x7e, 0xcc, 0x00, 0x00, 0x00, 0x56, 0x50, 0x5b, 0x50, 0x5b, 0x50, 0x5b,
    0x50, 0x78, 0xdd, 0x88, 0x00, 0x00, 0x00, 0x00, 0x00, 0xac, 0x89, 0x00, 0x00, 0x00, 0x00, 0x00,
    0x00, 0x00, 0x53, 0xe7, 0x00, 0x00, 0x00, 0x00, 0x8c, 0x99, 0x00, 0x00, 0x67, 0xcc, 0x00, 0x9b,
    0x89, 0x00, 0x00, 0x3b, 0xde, 0x00, 0x00, 0x00, 0x00, 0x00, 0x8d, 0x37, 0x49, 0xe8, 0x00, 0x00,
    0xb3, 0x6a, 0x00, 0x8f, 0xb3, 0x00, 0x00, 0x00, 0x00, 0x00, 0x00, 0x00, 0x00, 0x00, 0x00, 0x15,
    0xbd, 0xba, 0x00, 0x00, 0x00, 0x00, 0x00, 0x00, 0x98, 0x9b, 0x00, 0x00, 0x00, 0x00, 0x00, 0x00,
    0x00, 0x5e, 0xcb, 0x00, 0x00, 0x00, 0x00, 0xb1, 0xcb, 0xcf, 0xb6, 0xe0, 0xb3, 0x00, 0x9d, 0xe8,
    0xb6, 0xce, 0xbc, 0xfd, 0x00, 0x00, 0x00, 0x00, 0x45, 0xf6, 0x23, 0x53, 0xcc, 0x00, 0x00, 0xcd,
    0x59, 0x00, 0x7e, 0xcc, 0x00, 0x00, 0x00, 0x00, 0x00, 0x00, 0x00, 0x00, 0x00, 0x00, 0xa0, 0xdd,
    0x16, 0x00, 0x00, 0x00, 0x00, 0x00, 0x00, 0xac, 0x89, 0x00, 0x00, 0x00, 0x00, 0x00, 0x00, 0x00,
    0x53, 0xe7, 0x00, 0x00, 0x00, 0x00, 0xbb, 0x88, 0x4f, 0x5a, 0x86, 0xcc, 0x00, 0xd3, 0x7a, 0x5e,
    0x53, 0x78, 0xde, 0x00, 0x00, 0x00, 0x00, 0xca, 0x8e, 0x00, 0x49, 0xe8, 0x00, 0x13, 0xd0, 0x47,
    0x00, 0x8f, 0xb3, 0x00, 0x00, 0x00, 0x00, 0x00, 0x00, 0x00, 0x00, 0x00, 0x7b, 0xf3, 0x32, 0x00,
    0x00, 0x00, 0x00, 0x00, 0x00, 0x00, 0x98, 0xc9, 0x7c, 0x8d, 0x7c, 0x8d, 0x7c, 0x8d, 0x7c, 0xac,
    0xcb, 0x00, 0x00, 0x00, 0x1d, 0xfa, 0x1d, 0x00, 0x00, 0x75, 0xb3, 0x1c, 0xdc, 0x24, 0x00, 0x00,
    0x33, 0xfd, 0x00, 0x00, 0x00, 0x66, 0xd7, 0x27, 0x00, 0x13, 0x30, 0x19, 0xa3, 0xc2, 0x82, 0xa2,
    0x3f, 0x30, 0x00, 0x00, 0x00, 0x00, 0x00, 0x00, 0x00, 0x00, 0x5b, 0xfc, 0x55, 0x00, 0x00, 0x00,
    0x00, 0x00, 0x00, 0x00, 0x00, 0xac, 0xca, 0xca, 0xb2, 0xca, 0xb2, 0xca, 0xb2, 0xca, 0xbe, 0xe7,
    0x00, 0x00, 0x00, 0x92, 0xb0, 0x00, 0x1d, 0x5e, 0x8b, 0xca, 0x82, 0xc6, 0x00, 0x11, 0x51, 0x78,
    0xdd, 0x00, 0x00, 0x11, 0xc8, 0x93, 0x00, 0x00, 0x37, 0x95, 0xd0, 0xb7, 0x17, 0x2f, 0x89, 0xed,
    0x9b, 0x26, 0x00, 0x00, 0x00, 0x00, 0x00, 0x00, 0x00, 0xba, 0x79, 0x00, 0x00, 0x00, 0x00, 0x00,
    0x00, 0x00, 0x00, 0x00, 0x7b, 0x7e, 0x00, 0x00, 0x00, 0x00, 0x00, 0x00, 0x00, 0x47, 0x98, 0x00,
    0x00, 0x00, 0x8c, 0x53, 0x00, 0x0a, 0xb3, 0xc4, 0x58, 0xab, 0x45, 0x00, 0x00, 0xc1, 0xb6, 0x91,
    0x00, 0x00, 0x00, 0x7b, 0x13, 0x00, 0x19, 0xd0, 0x97, 0x4a, 0x00, 0x00, 0x00, 0x00, 0x1d, 0xa7,
    0x54,
};
static const lv_image_dsc_t melt_img_71 = {
    .header.magic = LV_IMAGE_HEADER_MAGIC,
    .header.cf = LV_COLOR_FORMAT_A8,
    .header.flags = 0,
    .header.w = 63,
    .header.h = 15,
    .header.stride = 63,
    .data_size = sizeof melt_img_71_px,
    .data = melt_img_71_px,
};

static const uint8_t melt_img_72_px[] __attribute__((aligned(4))) = {
    0x00, 0x00, 0x00, 0x00, 0x00, 0x00, 0x00, 0x00, 0x00, 0x00, 0x00, 0x00, 0x00, 0x00, 0x00, 0x77,
    0x68, 0x00, 0x00, 0x77, 0x6a, 0x00, 0x11, 0x21, 0x1d, 0x21, 0x1d, 0x21, 0x04, 0x00, 0x00, 0x00,
    0x00, 0x00, 0x00, 0x00, 0x4c, 0xdd, 0x00, 0x00, 0x00, 0x00, 0x00, 0x00, 0x00, 0x00, 0x00, 0x00,
    0x00, 0x00, 0x00, 0x00, 0x00, 0x05, 0xbc, 0x39, 0x00, 0x00, 0x00, 0x00, 0x00, 0x00, 0x00, 0x05,
    0x6c, 0x08, 0x00, 0x00, 0x00, 0x00, 0x00, 0x91, 0x83, 0x00, 0x00, 0x00, 0x00, 0xca, 0xb6, 0xcf,
    0xb6, 0xcf, 0xb6, 0xcf, 0xb6, 0xcf, 0xb6, 0x7e, 0x00, 0x00, 0x00, 0x00, 0x89, 0x9b, 0x00, 0x00,
    0x88, 0x9e, 0x00, 0x91, 0xdd, 0xf3, 0xd6, 0xf3, 0xe0, 0x2c, 0x00, 0x00, 0x00, 0x00, 0x00, 0x00,
    0x00, 0x5d, 0xd3, 0x00, 0x00, 0x00, 0x00, 0x00, 0x00, 0x00, 0x00, 0xca, 0xdf, 0xfe, 0xdf, 0xfe,
    0xb1, 0x00, 0x64, 0xfa, 0x8c, 0xa0, 0x8c, 0x6b, 0x00, 0x00, 0x00, 0x00, 0x1c, 0xd5, 0xac, 0x17,
    0x00, 0x00, 0x00, 0x00, 0x89, 0x9f, 0x00, 0x00, 0x00, 0x00, 0xdb, 0x8a, 0x53, 0x5e, 0x53, 0x5e,
    0x53, 0x5e, 0x53, 0xd3, 0x89, 0x00, 0x00, 0x00, 0xad, 0xe8, 0xcc, 0xcf, 0xb6, 0xe8, 0xcc, 0xa8,
    0x7f, 0xb9, 0x00, 0x00, 0x00, 0xf8, 0x26, 0x00, 0x00, 0x39, 0x53, 0x5e, 0x53, 0x5e, 0x7b, 0xf3,
    0x53, 0x5e, 0x53, 0x5e, 0x53, 0x2c, 0x00, 0x00, 0x00, 0x00, 0xc6, 0x56, 0x00, 0x00, 0x0b, 0xe2,
    0x90, 0x8d, 0x7c, 0xf3, 0x82, 0x00, 0x00, 0x00, 0x00, 0x00, 0x19, 0xd1, 0xaa, 0x00, 0x00, 0x00,
    0x00, 0xa2, 0x8c, 0x00, 0x00, 0x00, 0x00, 0xf9, 0x4f, 0x00, 0x00, 0x00, 0x00, 0x00, 0x00, 0x00,
    0xac, 0x9b, 0x00, 0x00, 0x00, 0x59, 0xa0, 0xb5, 0x53, 0x5e, 0xa0, 0xb8, 0x43, 0x91, 0xa3, 0x00,
    0x00, 0x00, 0xdb, 0x2c, 0x00, 0x00, 0x81, 0xef, 0xd2, 0xef, 0xd2, 0xf3, 0xdf, 0xef, 0xd2, 0xef,
    0xd2, 0xef, 0x61, 0x00, 0x00, 0x00, 0x1d, 0xf9, 0x09, 0x00, 0x00, 0x9f, 0xb2, 0x00, 0x00, 0x8d,
    0xb9, 0x0a, 0x00, 0x00, 0x00, 0x00, 0x00, 0x00, 0x1a, 0x50, 0x00, 0x00, 0x00, 0x00, 0x97, 0x9e,
    0x00, 0x00, 0x00, 0x00, 0xdb, 0x5a, 0x00, 0x00, 0x00, 0x00, 0x00, 0x00, 0x00, 0xc3, 0x89, 0x00,
    0x00, 0x00, 0x00, 0x9b, 0xa0, 0x5e, 0x53, 0xb5, 0x8b, 0x00, 0x7f, 0xd7, 0x77, 0x88, 0x77, 0xfb,
    0x26, 0x00, 0x00, 0x00, 0x00, 0x00, 0x00, 0x00, 0x52, 0xf0, 0x00, 0x00, 0x00, 0x00, 0x00, 0x00,
    0x00, 0x00, 0x00, 0x71, 0xb5, 0x00, 0x00, 0x78, 0xe0, 0xdd, 0xb6, 0xcf, 0xde, 0xdc, 0xb6, 0xcf,
    0x43, 0x00, 0x00, 0x00, 0x00, 0x00, 0x00, 0x00, 0x00, 0x00, 0x00, 0xb1, 0x88, 0x00, 0x00, 0x00,
    0x00, 0xf9, 0x4f, 0x00, 0x00, 0x00, 0x00, 0x00, 0x00, 0x00, 0xac, 0x9b, 0x00, 0x00, 0x00, 0x00,
    0x89, 0xe6, 0xb3, 0xcc, 0xca, 0x9e, 0x00, 0x91, 0xc6, 0xa9, 0x95, 0xa9, 0xde, 0x2c, 0x00, 0x00,
    0x00, 0x00, 0x00, 0x00, 0x00, 0x5d, 0xd3, 0x00, 0x00, 0x00, 0x00, 0x00, 0x00, 0x00, 0x00, 0x00,
    0xa0, 0x94, 0x1c, 0x20, 0xaf, 0xc9, 0x9d, 0x47, 0x6f, 0xd8, 0x3e, 0x47, 0xc8, 0x5e, 0x00, 0xb1,
    0xb6, 0xcf, 0xb6, 0x00, 0x00, 0x00, 0x00, 0x00, 0xae, 0x9b, 0x00, 0x00, 0x00, 0x00, 0xdb, 0x82,
    0x48, 0x52, 0x48, 0x52, 0x48, 0x52, 0x48, 0xd0, 0x89, 0x00, 0x00, 0x00, 0x00, 0x9b, 0x89, 0x00,
    0x00, 0x9a, 0x8b, 0x00, 0x7f, 0xb9, 0x00, 0x00, 0x00, 0xf8, 0x26, 0x00, 0x42, 0x5e, 0x53, 0x5e,
    0x53, 0x5e, 0x7b, 0xf3, 0x53, 0x5e, 0x53, 0x5e, 0x53, 0x5e, 0x30, 0x00, 0x20, 0xf8, 0xd9, 0xf3,
    0xde, 0x4e, 0x87, 0xa1, 0x00, 0x5e, 0xb6, 0x00, 0x00, 0xde, 0x53, 0x00, 0x46, 0x5e, 0x53, 0xff,
    0x00, 0x00, 0x00, 0x00, 0x00, 0xcf, 0xaf, 0x00, 0x00, 0x00, 0x00, 0xf9, 0xd9, 0xf3, 0xd6, 0xf3,
    0xd6, 0xf3, 0xd6, 0xf3, 0xdd, 0x9b, 0x00, 0x00, 0x00, 0x00, 0x89, 0xe6, 0xb3, 0xcc, 0xca, 0x9e,
    0x00, 0x93, 0x9c, 0x00, 0x00, 0x00, 0xdb, 0x2c, 0x00, 0xc1, 0xd2, 0xef, 0xd2, 0xef, 0xd2, 0xff,
    0xe0, 0xf9, 0xd2, 0xef, 0xd2, 0xef, 0xd2, 0x8b, 0x00, 0x9b, 0xe0, 0x75, 0x00, 0xcf, 0x44, 0x99,
    0xdb, 0xf3, 0xd8, 0xfc, 0xd6, 0xf3, 0xde, 0x5e, 0x00, 0x00, 0x00, 0x00, 0xe0, 0x00, 0x00, 0x00,
    0x00, 0x00, 0xd8, 0xf0, 0x04, 0x00, 0x00, 0x00, 0xdb, 0x5a, 0x00, 0x00, 0x00, 0x00, 0x00, 0x00,
    0x00, 0xc3, 0x89, 0x00, 0x00, 0x00, 0x00, 0x9b, 0xa0, 0x5e, 0x53, 0xb5, 0x8b, 0x00, 0x86, 0xd9,
    0x95, 0xa9, 0x95, 0xfc, 0x26, 0x00, 0x00, 0x00, 0x00, 0x00, 0x00, 0x87, 0xdb, 0xf9, 0xd4, 0x3d,
    0x00, 0x00, 0x00, 0x00, 0x00, 0x05, 0xcf, 0xe0, 0x67, 0x00, 0xb6, 0x4e, 0x87, 0xa1, 0x00, 0x5e,
    0xb6, 0x00, 0x00, 0xde, 0x53, 0x00, 0x00, 0x00, 0x00, 0xff, 0x00, 0x00, 0x00, 0x00, 0x30, 0xfc,
    0xc8, 0x4f, 0x00, 0x00, 0x00, 0xf9, 0x4f, 0x00, 0x00, 0x00, 0x00, 0x00, 0x00, 0x00, 0xac, 0x9b,
    0x00, 0x00, 0x07, 0x1e, 0x8d, 0xa0, 0x1a, 0x1e, 0x8c, 0xa3, 0x16, 0x9f, 0xaf, 0x88, 0x77, 0x88,
    0xdd, 0x2c, 0x00, 0x00, 0x00, 0x00, 0x00, 0x6b, 0xd5, 0x8a, 0xd3, 0x89, 0xc8, 0x30, 0x00, 0x00,
    0x00, 0x00, 0x00, 0x47, 0xa8, 0x75, 0x00, 0xcf, 0x44, 0x9e, 0x88, 0x00, 0x53, 0xcf, 0x00, 0x00,
    0xc3, 0x5e, 0x00, 0x00, 0x00, 0x00, 0xe0, 0x00, 0x00, 0x00, 0x00, 0x7f, 0xbc, 0xa5, 0x93, 0x00,
    0x00, 0x00, 0xdb, 0x5a, 0x00, 0x00, 0x00, 0x00, 0x00, 0x00, 0x00, 0xc3, 0x89, 0x00, 0x00, 0x3c,
    0xd6, 0xf3, 0xd6, 0xf3, 0xd6, 0xf3, 0xd6, 0xd0, 0xa4, 0x8a, 0x00, 0x00, 0x00, 0xf8, 0x26, 0x00,
    0x00, 0x00, 0x00, 0x76, 0xd7, 0x63, 0x52, 0xf0, 0x00, 0xa6, 0xc8, 0x40, 0x00, 0x00, 0x00, 0x00,
    0x00, 0xbe, 0x67, 0x00, 0xb6, 0x4e, 0x9c, 0xfd, 0xdd, 0xfc, 0xe0, 0xfb, 0xdd, 0xfe, 0x53, 0x00,
    0x00, 0x00, 0x00, 0xff, 0x00, 0x41, 0x2e, 0x00, 0xb6, 0x8e, 0x38, 0xf3, 0x1c, 0x00, 0x00, 0xf9,
    0x4f, 0x00, 0x00, 0x00, 0x00, 0x00, 0x00, 0x00, 0xac, 0x9b, 0x00, 0x00, 0x00, 0x00, 0x16, 0xb2,
    0x20, 0x51, 0x72, 0x00, 0x00, 0xde, 0x53, 0x00, 0x00, 0x00, 0xdb, 0x2c, 0x00, 0x00, 0x09, 0xa0,
    0xd6, 0x60, 0x00, 0x5d, 0xd3, 0x00, 0x00, 0x9d, 0xd6, 0x6d, 0x00, 0x00, 0x00, 0x00, 0xa8, 0x95,
    0x49, 0xda, 0x44, 0xdb, 0x56, 0x00, 0x53, 0xcf, 0x00, 0x00, 0xc3, 0x5e, 0x00, 0x00, 0x00, 0x00,
    0xe0, 0x8f, 0xd2, 0x59, 0x4c, 0xf8, 0x26, 0x00, 0xad, 0xa3, 0x00, 0x00, 0xdb, 0xaa, 0x7c, 0x8d,
    0x7c, 0x8d, 0x7c, 0x8d, 0x7c, 0xde, 0x89, 0x00, 0x00, 0x00, 0x00, 0xa5, 0xb3, 0x00, 0x26, 0xef,
    0x54, 0x33, 0xdd, 0x13, 0x00, 0x00, 0x00, 0xf8, 0x26, 0x00, 0x59, 0xde, 0xc4, 0x47, 0x00, 0x00,
    0x52, 0xf0, 0x00, 0x00, 0x00, 0x77, 0xd8, 0xbe, 0x33, 0x00, 0x00, 0xbe, 0xc5, 0xcf, 0xb6, 0x65,
    0xdb, 0x15, 0x00, 0x5e, 0xb6, 0x00, 0x00, 0xde, 0x53, 0x00, 0x00, 0x00, 0x4b, 0xff, 0xbb, 0x3c,
    0x19, 0xe0, 0x8a, 0x00, 0x00, 0x41, 0xd9, 0x61, 0x00, 0xf9, 0xbd, 0xca, 0xb2, 0xca, 0xb2, 0xca,
    0xb2, 0xca, 0xd2, 0x9b, 0x00, 0x00, 0x00, 0x77, 0xd6, 0x38, 0x00, 0x00, 0x65, 0xdd, 0x85, 0xc4,
    0x00, 0x19, 0x53, 0x5e, 0xdd, 0x2a, 0x07, 0xbe, 0x89, 0x13, 0x00, 0x00, 0x00, 0x5d, 0xd3, 0x00,
    0x00, 0x00, 0x00, 0x39, 0xad, 0x84, 0x00, 0x00, 0xa8, 0x75, 0x00, 0x00, 0xa7, 0xae, 0x00, 0x00,
    0x53, 0xcf, 0x3e, 0x5c, 0xcb, 0x5d, 0x00, 0x00, 0x00, 0xc1, 0x8b, 0x08, 0x1d, 0xd0, 0xba, 0x0a,
    0x00, 0x00, 0x00, 0x7d, 0xd9, 0x6a, 0xb2, 0x49, 0x00, 0x00, 0x00, 0x00, 0x00, 0x00, 0x00, 0x92,
    0x66, 0x00, 0x00, 0x00, 0x9e, 0x59, 0x00, 0x00, 0x00, 0x00, 0x26, 0xa6, 0x52, 0x00, 0x07, 0xca,
    0xb6, 0xb1, 0x04, 0x00, 0x00, 0x00, 0x00, 0x00, 0x00, 0x00, 0x4d, 0xe1, 0x00, 0x00, 0x00, 0x00,
    0x00, 0x00, 0x00, 0x00, 0x00, 0x37, 0x1d, 0x00, 0x23, 0xc6, 0x21, 0x00, 0x00, 0x2f, 0x5b, 0x79,
    0xb6, 0xbd, 0x1c, 0x00, 0x00, 0x00, 0x0d, 0x00, 0x00, 0x4f, 0xaa, 0x21, 0x00, 0x00, 0x00, 0x00,
    0x00, 0x7e, 0x89,
};
static const lv_image_dsc_t melt_img_72 = {
    .header.magic = LV_IMAGE_HEADER_MAGIC,
    .header.cf = LV_COLOR_FORMAT_A8,
    .header.flags = 0,
    .header.w = 77,
    .header.h = 15,
    .header.stride = 77,
    .data_size = sizeof melt_img_72_px,
    .data = melt_img_72_px,
};

static const uint8_t melt_img_73_px[] __attribute__((aligned(4))) = {
    0x00, 0x00, 0x00, 0x00, 0x00, 0x00, 0x00, 0x00, 0x00, 0x00, 0x00, 0x00, 0x00, 0x00, 0x00, 0x7d,
    0x70, 0x00, 0x00, 0x78, 0x78, 0x00, 0x2a, 0x5c, 0x51, 0x5c, 0x51, 0x5c, 0x16, 0x00, 0x23, 0x5e,
    0x53, 0x5e, 0x53, 0x5e, 0x53, 0x5e, 0x53, 0x5e, 0x53, 0x5e, 0x53, 0x5e, 0x0f, 0x00, 0x00, 0x00,
    0xc4, 0x5c, 0x00, 0x00, 0x26, 0x48, 0x00, 0xa1, 0x71, 0x0a, 0x3b, 0x00, 0x00, 0xe6, 0xd0, 0xec,
    0xd0, 0xec, 0xd0, 0xec, 0xd0, 0xec, 0xd0, 0x8f, 0x00, 0x00, 0x00, 0x00, 0x88, 0x9c, 0x00, 0x00,
    0x82, 0xa8, 0x00, 0x84, 0xd3, 0xcf, 0xb6, 0xcf, 0xde, 0x43, 0x00, 0x6b, 0xd9, 0xcf, 0xb6, 0xcf,
    0xb6, 0xcf, 0xb6, 0xcf, 0xb6, 0xcf, 0xb6, 0xd1, 0xe0, 0x2d, 0x00, 0x00, 0x00, 0xe1, 0x52, 0x00,
    0x00, 0x89, 0xad, 0x00, 0xb8, 0x78, 0x38, 0xeb, 0x55, 0x00, 0xdb, 0x8a, 0x53, 0x5e, 0x53, 0x5e,
    0x53, 0x5e, 0x53, 0xd0, 0x89, 0x00, 0x00, 0x00, 0xab, 0xe8, 0xcc, 0xcf, 0xb6, 0xe6, 0xce, 0xa8,
    0x74, 0xbf, 0x00, 0x00, 0x00, 0xf3, 0x3b, 0x00, 0x5e, 0xdb, 0x00, 0x00, 0x00, 0x00, 0x00, 0x00,
    0x00, 0x00, 0x00, 0x00, 0x13, 0xff, 0x28, 0x00, 0x00, 0x00, 0xc6, 0x5d, 0x00, 0x00, 0xba, 0x79,
    0x09, 0xfc, 0x3b, 0x00, 0x45, 0xe4, 0x13, 0xf9, 0x4f, 0x00, 0x00, 0x00, 0x00, 0x00, 0x00, 0x00,
    0xa8, 0x9b, 0x00, 0x00, 0x00, 0x51, 0x9e, 0xb4, 0x4c, 0x57, 0x98, 0xbd, 0x3e, 0x84, 0xa8, 0x00,
    0x00, 0x00, 0xd6, 0x43, 0x00, 0x6b, 0xc0, 0x00, 0x00, 0x00, 0x00, 0x00, 0x00, 0x00, 0x00, 0x00,
    0x00, 0x15, 0xe0, 0x2d, 0x00, 0xa8, 0xb6, 0xf8, 0xc1, 0xb1, 0x4b, 0xf6, 0x4b, 0x78, 0xd9, 0x4f,
    0x45, 0x4f, 0x4d, 0x41, 0xdb, 0x5a, 0x00, 0x00, 0x00, 0x00, 0x00, 0x00, 0x00, 0xbf, 0x89, 0x00,
    0x00, 0x00, 0x00, 0x9a, 0xa1, 0x5e, 0x53, 0xb1, 0x94, 0x00, 0x74, 0xdf, 0x85, 0x97, 0x85, 0xf8,
    0x3b, 0x00, 0x5e, 0xdb, 0x00, 0x00, 0x70, 0x9b, 0x89, 0x9b, 0x89, 0x9b, 0x51, 0x00, 0x13, 0xff,
    0x28, 0x00, 0x54, 0x76, 0xcf, 0x9b, 0x58, 0xa7, 0xce, 0xd4, 0xd1, 0xea, 0xba, 0xd3, 0xba, 0xd3,
    0x97, 0xf9, 0x4f, 0x00, 0x00, 0x00, 0x00, 0x00, 0x00, 0x00, 0xa8, 0x9b, 0x00, 0x00, 0x00, 0x00,
    0x88, 0xde, 0xa3, 0xba, 0xc0, 0xa8, 0x00, 0x84, 0xc5, 0x9b, 0x89, 0x9b, 0xdb, 0x43, 0x00, 0x6b,
    0xc0, 0x00, 0x00, 0xd1, 0x9c, 0x91, 0x7f, 0x91, 0xc1, 0x98, 0x00, 0x15, 0xe0, 0x2d, 0x00, 0x00,
    0x00, 0xe1, 0x52, 0x00, 0x00, 0x00, 0x00, 0xd9, 0x6d, 0x00, 0x00, 0x00, 0x00, 0x00, 0xdb, 0x88,
    0x50, 0x5b, 0x50, 0x5b, 0x50, 0x5b, 0x50, 0xcf, 0x89, 0x00, 0x00, 0x00, 0x00, 0x9a, 0x89, 0x00,
    0x00, 0x93, 0x94, 0x00, 0x74, 0xbf, 0x00, 0x00, 0x00, 0xf3, 0x3b, 0x00, 0x5e, 0xdb, 0x00, 0x00,
    0xb8, 0x65, 0x00, 0x00, 0x00, 0xbc, 0x86, 0x00, 0x13, 0xff, 0x28, 0x00, 0x00, 0x00, 0xc6, 0x5d,
    0x00, 0x00, 0x00, 0x42, 0xe0, 0x9f, 0x81, 0x92, 0x81, 0x78, 0x00, 0xf9, 0xca, 0xdd, 0xc2, 0xdd,
    0xc2, 0xdd, 0xc2, 0xdd, 0xd7, 0x9b, 0x00, 0x00, 0x00, 0x00, 0x88, 0xe8, 0xb6, 0xce, 0xca, 0xa8,
    0x00, 0x88, 0xa3, 0x00, 0x00, 0x00, 0xd6, 0x43, 0x00, 0x6b, 0xc0, 0x00, 0x00, 0xd1, 0x58, 0x00,
    0x00, 0x00, 0xa5, 0x98, 0x00, 0x15, 0xe0, 0x2d, 0x00, 0x00, 0x00, 0xe1, 0x95, 0xc5, 0x00, 0x00,
    0x99, 0xdb, 0x89, 0x9b, 0x89, 0xd3, 0xaf, 0x00, 0xdb, 0x5a, 0x00, 0x00, 0x00, 0x00, 0x00, 0x00,
    0x00, 0xbf, 0x89, 0x00, 0x00, 0x00, 0x00, 0x9a, 0x9c, 0x50, 0x46, 0xab, 0x94, 0x00, 0x81, 0xe7,
    0xa9, 0xc0, 0xa9, 0xfb, 0x3b, 0x00, 0x5e, 0xdb, 0x00, 0x00, 0xb8, 0x65, 0x00, 0x00, 0x00, 0xbc,
    0x86, 0x00, 0x13, 0xff, 0x28, 0x00, 0x80, 0xd1, 0xe0, 0xd1, 0x6e, 0x00, 0x2e, 0xf9, 0xd2, 0x23,
    0x00, 0x0f, 0xcc, 0x70, 0x00, 0xf9, 0x4f, 0x00, 0x00, 0x00, 0x00, 0x00, 0x00, 0x00, 0xa8, 0x9b,
    0x00, 0x00, 0x09, 0x37, 0x93, 0xa9, 0x30, 0x37, 0x8e, 0xb3, 0x2a, 0x9c, 0xa9, 0x74, 0x66, 0x74,
    0xd9, 0x43, 0x00, 0x6b, 0xc0, 0x00, 0x00, 0xd1, 0xc0, 0xcb, 0xb3, 0xcb, 0xd1, 0x98, 0x00, 0x15,
    0xe0, 0x2d, 0x00, 0xab, 0x70, 0xe8, 0x52, 0x00, 0x00, 0xc6, 0xa0, 0xa6, 0x9b, 0x00, 0x84, 0xda,
    0x04, 0x00, 0xdb, 0x5a, 0x00, 0x00, 0x00, 0x00, 0x00, 0x00, 0x00, 0xbf, 0x89, 0x00, 0x00, 0x30,
    0xcb, 0xe7, 0xcb, 0xe7, 0xcb, 0xe7, 0xcb, 0xc9, 0xa0, 0x92, 0x00, 0x00, 0x00, 0xf3, 0x3b, 0x00,
    0x5e, 0xdb, 0x00, 0x00, 0x43, 0x5e, 0x53, 0x5e, 0x53, 0x5e, 0x31, 0x00, 0x13, 0xff, 0x28, 0x00,
    0x00, 0x00, 0xc6, 0x5d, 0x00, 0x8a, 0xd3, 0x27, 0x1d, 0xe9, 0x8e, 0xf8, 0x46, 0x00, 0x00, 0xf9,
    0x4f, 0x00, 0x00, 0x00, 0x00, 0x00, 0x00, 0x00, 0xa8, 0x9b, 0x00, 0x00, 0x00, 0x00, 0x14, 0xb8,
    0x23, 0x50, 0x7b, 0x00, 0x00, 0xdb, 0x53, 0x00, 0x00, 0x00, 0xd6, 0x43, 0x00, 0x6b, 0xc0, 0x00,
    0x00, 0x00, 0x00, 0x00, 0x00, 0x00, 0x00, 0x00, 0x00, 0x15, 0xe0, 0x2d, 0x00, 0x00, 0x00, 0xe1,
    0x52, 0x7c, 0xdd, 0x5c, 0x00, 0x00, 0x75, 0xff, 0x94, 0x00, 0x00, 0x00, 0xdb, 0xb1, 0x84, 0x96,
    0x84, 0x96, 0x84, 0x96, 0x84, 0xde, 0x89, 0x00, 0x00, 0x00, 0x00, 0xa2, 0xb4, 0x00, 0x21, 0xed,
    0x5a, 0x2d, 0xde, 0x1c, 0x00, 0x00, 0x00, 0xf3, 0x3b, 0x00, 0x5e, 0xdb, 0x13, 0x15, 0x13, 0x15,
    0x13, 0x15, 0x13, 0x15, 0x13, 0x15, 0x1d, 0xff, 0x28, 0x00, 0x00, 0x00, 0xc6, 0x5d, 0x9e, 0x77,
    0x00, 0x08, 0x7c, 0xf8, 0x9a, 0xf8, 0x76, 0x00, 0x00, 0xf9, 0xbd, 0xca, 0xb1, 0xca, 0xb1, 0xca,
    0xb1, 0xca, 0xd2, 0x9b, 0x00, 0x00, 0x00, 0x75, 0xd6, 0x3b, 0x00, 0x00, 0x5f, 0xe1, 0x81, 0xc8,
    0x00, 0x15, 0x53, 0x5e, 0xda, 0x41, 0x00, 0x6b, 0xe0, 0xff, 0xe0, 0xff, 0xe0, 0xff, 0xe0, 0xff,
    0xe0, 0xff, 0xe0, 0xff, 0xe0, 0x2d, 0x00, 0x38, 0x51, 0xea, 0x51, 0x00, 0x0b, 0x77, 0xc2, 0xe8,
    0x51, 0x00, 0x55, 0xf0, 0xb3, 0x55, 0xb2, 0x49, 0x00, 0x00, 0x00, 0x00, 0x00, 0x00, 0x00, 0x8f,
    0x66, 0x00, 0x00, 0x00, 0x9d, 0x5b, 0x00, 0x00, 0x00, 0x00, 0x25, 0xa1, 0x58, 0x00, 0x00, 0xc6,
    0xb6, 0xb4, 0x04, 0x00, 0x57, 0xcb, 0x00, 0x00, 0x00, 0x00, 0x00, 0x00, 0x00, 0x00, 0x00, 0x00,
    0x11, 0xed, 0x25, 0x00, 0x58, 0xe8, 0xac, 0x1e, 0x00, 0x15, 0xb2, 0x8e, 0x13, 0x00, 0x00, 0x00,
    0x23, 0xb0, 0x98,
};
static const lv_image_dsc_t melt_img_73 = {
    .header.magic = LV_IMAGE_HEADER_MAGIC,
    .header.cf = LV_COLOR_FORMAT_A8,
    .header.flags = 0,
    .header.w = 61,
    .header.h = 15,
    .header.stride = 61,
    .data_size = sizeof melt_img_73_px,
    .data = melt_img_73_px,
};

static const uint8_t melt_img_74_px[] __attribute__((aligned(4))) = {
    0x00, 0x00, 0x00, 0x00, 0x00, 0x00, 0x00, 0xfc, 0x43, 0x00, 0x00, 0x00, 0x00, 0x00, 0x00, 0x00,
    0x00, 0x00, 0x00, 0x00, 0x7e, 0xc4, 0x00, 0x00, 0x00, 0x00, 0x00, 0x00, 0x00, 0x00, 0x00, 0x00,
    0x00, 0x00, 0x00, 0xe4, 0x4e, 0x00, 0x00, 0x00, 0x00, 0x00, 0xd0, 0x51, 0x00, 0x00, 0x00, 0x00,
    0x00, 0x00, 0x00, 0x00, 0x00, 0x00, 0xe0, 0x4e, 0x00, 0x00, 0x00, 0x00, 0x00, 0x00, 0x00, 0x00,
    0x09, 0x05, 0x00, 0x91, 0xaf, 0x00, 0x84, 0x9b, 0x89, 0x9b, 0x89, 0x9b, 0x89, 0x5e, 0x00, 0x00,
    0x00, 0x00, 0xc8, 0x59, 0x00, 0x72, 0x89, 0x00, 0x00, 0xf2, 0x49, 0x00, 0x62, 0xc0, 0x00, 0x2c,
    0x53, 0x5e, 0x53, 0x5e, 0x53, 0xfe, 0x72, 0x5e, 0x53, 0x5e, 0x53, 0x4a, 0x00, 0x00, 0x00, 0xcc,
    0x6d, 0x00, 0x7f, 0xc6, 0x00, 0xa2, 0x93, 0xa7, 0x93, 0xa7, 0x93, 0xe2, 0x89, 0x00, 0x00, 0x00,
    0x00, 0xe4, 0x4e, 0x00, 0x2e, 0xf6, 0x1d, 0x00, 0xd5, 0x53, 0x00, 0xbd, 0x81, 0x00, 0x56, 0xd0,
    0xb7, 0xd0, 0xb7, 0xd0, 0xe0, 0xd9, 0xb7, 0xd0, 0xb7, 0xd0, 0x90, 0x00, 0x00, 0x00, 0xb3, 0x7c,
    0x00, 0x91, 0xaf, 0x00, 0x00, 0x00, 0x00, 0x00, 0x00, 0x00, 0xa5, 0x9b, 0x00, 0x39, 0x89, 0x9b,
    0xd5, 0xb4, 0x89, 0x3e, 0xaa, 0x89, 0x00, 0xf2, 0x49, 0x31, 0xd7, 0x23, 0x00, 0x00, 0x00, 0x00,
    0x00, 0x00, 0x00, 0xfe, 0x44, 0x00, 0x00, 0x00, 0x00, 0x00, 0x00, 0x00, 0x00, 0xcc, 0x6d, 0x00,
    0x7f, 0xc6, 0x00, 0x00, 0x00, 0x00, 0x00, 0x00, 0x00, 0xbb, 0x89, 0x00, 0x36, 0xa5, 0x98, 0xff,
    0xa5, 0xa5, 0x3b, 0x72, 0xb6, 0x00, 0xd5, 0x53, 0x93, 0xa0, 0x00, 0x00, 0x00, 0x00, 0x00, 0x00,
    0x00, 0x00, 0xe0, 0x4e, 0x00, 0x00, 0x00, 0x00, 0x00, 0x00, 0x00, 0x00, 0xb3, 0x7c, 0x00, 0x91,
    0xaf, 0x00, 0x00, 0x00, 0x00, 0x00, 0x00, 0x00, 0xa5, 0x9b, 0x00, 0x00, 0x00, 0x6a, 0xe0, 0x95,
    0x00, 0x00, 0x0d, 0x11, 0x00, 0xf2, 0x49, 0x2f, 0x1d, 0x00, 0x32, 0x5e, 0x53, 0x5e, 0x53, 0x5e,
    0x53, 0xfe, 0x72, 0x5e, 0x53, 0x5e, 0x53, 0x5e, 0x43, 0x00, 0x00, 0xcc, 0x6d, 0x00, 0x80, 0xc6,
    0x00, 0x37, 0x53, 0x5e, 0x53, 0x5e, 0x53, 0xcd, 0x89, 0x00, 0x00, 0x00, 0x99, 0xff, 0xd6, 0x57,
    0xad, 0xff, 0xe0, 0xff, 0xe0, 0xff, 0xe0, 0xff, 0xc0, 0x85, 0xc1, 0xdb, 0xc1, 0xdb, 0xc1, 0xf6,
    0xe0, 0xfd, 0xc1, 0xdb, 0xc1, 0xdb, 0xc1, 0xb2, 0x00, 0x00, 0xb3, 0x7c, 0x00, 0x94, 0xaa, 0x00,
    0x71, 0xdb, 0xc1, 0xdb, 0xc1, 0xdb, 0xd6, 0x9b, 0x00, 0x00, 0x09, 0xe5, 0xcc, 0x92, 0xcb, 0x1e,
    0x00, 0x00, 0x00, 0x00, 0x00, 0x00, 0x53, 0xda, 0x00, 0x00, 0x00, 0x00, 0x00, 0x53, 0xd7, 0xff,
    0xd7, 0x82, 0x00, 0x00, 0x00, 0x00, 0x00, 0x00, 0x00, 0xcc, 0x6d, 0x00, 0x8a, 0xb0, 0x00, 0x00,
    0x00, 0x00, 0x00, 0x00, 0x00, 0xbb, 0x89, 0x00, 0x00, 0x75, 0xa1, 0xe4, 0x4e, 0xa5, 0x28, 0x00,
    0x00, 0x00, 0x00, 0x00, 0x00, 0x5e, 0xc0, 0x00, 0x00, 0x00, 0x00, 0x44, 0xd3, 0x78, 0xe0, 0x7a,
    0xd5, 0x6f, 0x00, 0x00, 0x00, 0x00, 0x00, 0x00, 0x9f, 0x6e, 0x00, 0xbc, 0x88, 0x00, 0x00, 0x00,
    0x00, 0x00, 0x00, 0x00, 0xa5, 0x9b, 0x00, 0x05, 0xbf, 0x5c, 0xc8, 0x59, 0x00, 0x7c, 0xb4, 0xcd,
    0xb4, 0xcd, 0xb4, 0xcd, 0xc0, 0xda, 0x00, 0x00, 0x00, 0x50, 0xd2, 0x8f, 0x00, 0xfe, 0x44, 0x5e,
    0xd7, 0x7c, 0x00, 0x00, 0x00, 0x00, 0x00, 0x00, 0x00, 0x00, 0xcc, 0x6b, 0x00, 0x00, 0x00, 0x00,
    0x00, 0x00, 0x00, 0xbb, 0x89, 0x00, 0x6a, 0xd8, 0x00, 0xe4, 0x4e, 0x00, 0x32, 0x5e, 0x53, 0x5e,
    0x53, 0x5e, 0x53, 0x8d, 0xc0, 0x00, 0x00, 0x82, 0xd9, 0x87, 0x00, 0x00, 0xe0, 0x4e, 0x00, 0x5a,
    0xd6, 0xa8, 0x13, 0x00, 0x00, 0x00, 0x00, 0x00, 0x53, 0xf8, 0x17, 0x00, 0x00, 0x00, 0x00, 0x00,
    0x00, 0x00, 0xa5, 0x9b, 0x00, 0x4d, 0x51, 0x00, 0xc8, 0x59, 0x00, 0x00, 0x00, 0x00, 0x00, 0x00,
    0x00, 0x00, 0x53, 0xda, 0x46, 0xce, 0xd4, 0x63, 0x00, 0x00, 0x00, 0xfe, 0x44, 0x00, 0x00, 0x42,
    0xc0, 0xe4, 0x61, 0x05, 0x00, 0x00, 0x11, 0xdc, 0x91, 0x00, 0x39, 0xb2, 0x9d, 0xb2, 0x9d, 0xb2,
    0x9d, 0xe5, 0x89, 0x00, 0x00, 0x00, 0x00, 0xe4, 0x4e, 0x00, 0x6d, 0x7c, 0x6d, 0x7c, 0x6d, 0x7c,
    0x6d, 0xa0, 0xc0, 0xa0, 0xa0, 0x26, 0x00, 0x00, 0x00, 0x00, 0xe0, 0x4e, 0x00, 0x00, 0x00, 0x0f,
    0x86, 0xc3, 0x0d, 0x00, 0x11, 0xbe, 0xc6, 0x20, 0x00, 0x35, 0x82, 0x94, 0x82, 0x94, 0x82, 0x94,
    0xc2, 0x9b, 0x00, 0x00, 0x00, 0x00, 0xc8, 0x59, 0x00, 0xcf, 0xb6, 0xcf, 0xb6, 0xcf, 0xb6, 0xcf,
    0xc1, 0xda, 0x00, 0x00, 0x00, 0x00, 0x00, 0x00, 0x00, 0xef, 0x40, 0x00, 0x00, 0x00, 0x00, 0x00,
    0x00, 0x00, 0x00, 0x3b, 0xae, 0x35, 0x00, 0x00, 0x00, 0x00, 0x00, 0x00, 0x00, 0x00, 0x00, 0x79,
    0x58, 0x00, 0x00, 0x00, 0x00, 0xd4, 0x48, 0x00, 0x00, 0x00, 0x00, 0x00, 0x00, 0x00, 0x00, 0x4d,
    0x9c,
};
static const lv_image_dsc_t melt_img_74 = {
    .header.magic = LV_IMAGE_HEADER_MAGIC,
    .header.cf = LV_COLOR_FORMAT_A8,
    .header.flags = 0,
    .header.w = 47,
    .header.h = 15,
    .header.stride = 47,
    .data_size = sizeof melt_img_74_px,
    .data = melt_img_74_px,
};

static const uint8_t melt_img_75_px[] __attribute__((aligned(4))) = {
    0x00, 0x00, 0x00, 0x00, 0x00, 0x63, 0xac, 0x00, 0x00, 0x00, 0x00, 0x00, 0x00, 0x9e, 0xa0, 0x29,
    0x00, 0x00, 0x8f, 0xa6, 0x00, 0x00, 0x00, 0x00, 0x00, 0x00, 0x09, 0x99, 0xd2, 0x56, 0x00, 0xe2,
    0xa5, 0x9b, 0x89, 0x9b, 0x89, 0xa0, 0x45, 0x00, 0x00, 0x5a, 0x32, 0x52, 0xce, 0x8a, 0x7a, 0x8a,
    0x7a, 0x8a, 0xcc, 0x70, 0x00, 0x00, 0x00, 0x00, 0xa9, 0x98, 0x00, 0x96, 0x84, 0x00, 0x28, 0xf0,
    0x0d, 0x00, 0x00, 0x00, 0x51, 0xf2, 0x1f, 0x00, 0x89, 0x99, 0x00, 0x98, 0x92, 0x00, 0x00, 0x00,
    0x26, 0x3c, 0x37, 0x00, 0x00, 0xb7, 0x9d, 0x00, 0x58, 0x30, 0x00, 0x00, 0x00, 0xc0, 0x87, 0x00,
    0x00, 0x00, 0xc6, 0xed, 0x07, 0x00, 0x00, 0x00, 0x00, 0x72, 0xc8, 0x13, 0x00, 0x00, 0x4d, 0xed,
    0xa7, 0x72, 0x00, 0x00, 0x00, 0x34, 0xd6, 0x59, 0x00, 0x00, 0x11, 0xda, 0x7b, 0x53, 0xc7, 0x1b,
    0x00, 0x00, 0xb8, 0xa5, 0x00, 0x00, 0x13, 0xc1, 0xb0, 0x00, 0x00, 0xad, 0xa8, 0x0f, 0x00, 0x4f,
    0x13, 0x00, 0x46, 0xdb, 0xa8, 0x19, 0x00, 0x00, 0x09, 0xc1, 0xbe, 0x58, 0x00, 0x00, 0x14, 0xd1,
    0x72, 0x00, 0x00, 0x00, 0x00, 0x00, 0x04, 0x88, 0x81,
};
static const lv_image_dsc_t melt_img_75 = {
    .header.magic = LV_IMAGE_HEADER_MAGIC,
    .header.cf = LV_COLOR_FORMAT_A8,
    .header.flags = 0,
    .header.w = 13,
    .header.h = 13,
    .header.stride = 13,
    .data_size = sizeof melt_img_75_px,
    .data = melt_img_75_px,
};

static const uint8_t melt_img_76_px[] __attribute__((aligned(4))) = {
    0x00, 0x00, 0x00, 0x00, 0x00, 0x00, 0x87, 0xa0, 0x00, 0x00, 0x00, 0x00, 0x00, 0x00, 0x00, 0x00,
    0x0b, 0x5e, 0x53, 0x5e, 0x53, 0x5e, 0x53, 0x5e, 0x53, 0x5e, 0x53, 0x5c, 0x00, 0x00, 0x00, 0x00,
    0x00, 0x00, 0x9b, 0x8e, 0x00, 0x00, 0x00, 0x00, 0x00, 0x00, 0x00, 0x00, 0x23, 0xe0, 0xcf, 0xb6,
    0xcf, 0xb6, 0xcf, 0xb6, 0xcf, 0xb6, 0xd5, 0xdc, 0x00, 0x00, 0x00, 0x00, 0x00, 0x00, 0x89, 0xa1,
    0x00, 0x00, 0x00, 0x00, 0x00, 0x00, 0x00, 0x00, 0x1f, 0xfd, 0x00, 0x00, 0x00, 0x5e, 0xb6, 0x00,
    0x00, 0x00, 0x32, 0xfa, 0x8c, 0xb6, 0xcf, 0xb6, 0xcf, 0xb6, 0xe8, 0xcd, 0xcf, 0xb6, 0xcf, 0xb6,
    0xcf, 0x8f, 0x00, 0x00, 0x23, 0xde, 0x13, 0x9c, 0xb1, 0xae, 0xed, 0x9c, 0xb1, 0x7c, 0x39, 0xdc,
    0x38, 0x5e, 0x53, 0x5e, 0x5b, 0xf9, 0xad, 0xca, 0xd8, 0x62, 0x53, 0x5e, 0x53, 0x49, 0x00, 0x00,
    0x1f, 0xfd, 0x09, 0x59, 0x4e, 0x89, 0xc0, 0x59, 0x4e, 0x47, 0x32, 0xfa, 0x00, 0x00, 0x00, 0x00,
    0x8f, 0xab, 0x9b, 0x8e, 0xc6, 0x75, 0x00, 0x00, 0x00, 0x00, 0x00, 0x00, 0x23, 0xde, 0x37, 0x53,
    0x5e, 0x7b, 0xdb, 0x53, 0x5e, 0x53, 0x3e, 0xdc, 0x00, 0x00, 0x00, 0x2c, 0xd4, 0x49, 0x89, 0xa1,
    0x41, 0xee, 0x23, 0x00, 0x00, 0x00, 0x00, 0x00, 0x20, 0xfa, 0x6b, 0xce, 0xb6, 0xce, 0xb6, 0xce,
    0xb6, 0xce, 0x3e, 0xfa, 0x00, 0x00, 0x00, 0xb1, 0xa4, 0x00, 0x9b, 0x8e, 0x00, 0x94, 0xc5, 0x04,
    0x00, 0x00, 0x00, 0x00, 0x47, 0xce, 0x00, 0x00, 0x00, 0x00, 0x00, 0x00, 0x00, 0x00, 0x39, 0xdc,
    0x00, 0x00, 0x91, 0xda, 0x11, 0x00, 0x89, 0xa1, 0x00, 0x15, 0xc0, 0xac, 0x00, 0x00, 0x00, 0x00,
    0x52, 0xd4, 0x00, 0xc3, 0xc2, 0xd1, 0xb8, 0xd1, 0xd6, 0x62, 0x32, 0xfa, 0x00, 0x8d, 0xea, 0x2d,
    0x00, 0x00, 0x9b, 0x8e, 0x00, 0x00, 0x37, 0xce, 0xb1, 0x0d, 0x00, 0x00, 0x82, 0xaa, 0x00, 0xac,
    0x5e, 0x00, 0x00, 0x00, 0xce, 0x57, 0x39, 0xdc, 0xa2, 0xe5, 0x65, 0xff, 0xe0, 0xff, 0xe0, 0xff,
    0xe0, 0xff, 0xe0, 0x78, 0xc4, 0xcd, 0x04, 0x00, 0x9b, 0x90, 0x00, 0xc3, 0x53, 0x00, 0x00, 0x00,
    0xb6, 0x62, 0x32, 0xfa, 0x48, 0x1f, 0x00, 0x00, 0x00, 0x00, 0x9b, 0x8e, 0x00, 0x00, 0x00, 0x00,
    0x1c, 0x3b, 0x00, 0x04, 0xec, 0x43, 0x00, 0xac, 0xf8, 0xd9, 0xf6, 0xd9, 0xfd, 0x57, 0x39, 0xdc,
    0x00, 0x00, 0x00, 0x00, 0x00, 0x00, 0x89, 0xa1, 0x00, 0x00, 0x00, 0x00, 0x00, 0x00, 0x00, 0x7b,
    0xc2, 0x00, 0x00, 0xab, 0x48, 0x00, 0x00, 0x00, 0x07, 0x00, 0x3e, 0xf9, 0x00, 0x00, 0x00, 0x00,
    0x00, 0x00, 0x93, 0x86, 0x00, 0x00, 0x00, 0x00, 0x00, 0x00, 0x00, 0x96, 0x6b, 0x00, 0x00, 0x00,
    0x00, 0x00, 0x00, 0x00, 0x9c, 0xd9, 0xed, 0x91,
};
static const lv_image_dsc_t melt_img_76 = {
    .header.magic = LV_IMAGE_HEADER_MAGIC,
    .header.cf = LV_COLOR_FORMAT_A8,
    .header.flags = 0,
    .header.w = 28,
    .header.h = 14,
    .header.stride = 28,
    .data_size = sizeof melt_img_76_px,
    .data = melt_img_76_px,
};

static const uint8_t melt_img_77_px[] __attribute__((aligned(4))) = {
    0x00, 0x00, 0x95, 0x67, 0x00, 0x00, 0x00, 0x00, 0x2d, 0xd3, 0x13, 0x00, 0x00, 0x00, 0x00, 0x00,
    0x00, 0x00, 0x00, 0x00, 0x00, 0x00, 0x98, 0x6d, 0x00, 0x00, 0x00, 0x00, 0x00, 0x00, 0x00, 0x00,
    0x00, 0x00, 0x00, 0x00, 0x00, 0x00, 0x00, 0x00, 0x00, 0x00, 0x1e, 0x1d, 0xde, 0x53, 0x21, 0x11,
    0x00, 0x00, 0x00, 0xad, 0x8f, 0x00, 0x00, 0x00, 0x00, 0x61, 0xcf, 0xb6, 0xcf, 0xb6, 0x00, 0x09,
    0xf1, 0x38, 0x00, 0x00, 0x00, 0x00, 0x00, 0x00, 0x00, 0x00, 0xc2, 0xc8, 0xe3, 0xc8, 0xe3, 0xc8,
    0xe3, 0xc8, 0xe3, 0xc6, 0xc3, 0xfb, 0xdf, 0xfb, 0xdd, 0x89, 0x9d, 0xc4, 0xad, 0xda, 0xb7, 0xc4,
    0xad, 0x85, 0x00, 0x88, 0xb0, 0x5d, 0x52, 0xff, 0x00, 0x6d, 0xd9, 0x9b, 0x89, 0x9b, 0x89, 0x9b,
    0x89, 0x00, 0x00, 0x00, 0xbf, 0x88, 0x4b, 0x56, 0x4b, 0x56, 0x4b, 0x56, 0x61, 0xfd, 0x00, 0x61,
    0xbe, 0x00, 0x00, 0x00, 0x56, 0x53, 0x84, 0x53, 0x5e, 0x6c, 0x5e, 0x38, 0x00, 0x78, 0xb5, 0x00,
    0x00, 0xe0, 0x00, 0xb0, 0xba, 0xbc, 0xcd, 0x89, 0x9b, 0x89, 0x9b, 0x00, 0x00, 0x00, 0xd9, 0x53,
    0x00, 0x00, 0x00, 0x00, 0x00, 0x00, 0x35, 0xde, 0x00, 0xb1, 0x6d, 0xb6, 0x24, 0x00, 0x00, 0x71,
    0xb8, 0x00, 0x07, 0xda, 0x61, 0x00, 0x00, 0x88, 0xa0, 0x00, 0x00, 0xff, 0x4e, 0xf0, 0x17, 0xa9,
    0x82, 0x00, 0x00, 0x00, 0x00, 0x00, 0x00, 0x00, 0xbf, 0x5e, 0x00, 0x00, 0x00, 0x00, 0x00, 0x00,
    0x2f, 0xfd, 0x08, 0xcd, 0x20, 0xc5, 0x31, 0x00, 0x24, 0xd0, 0x50, 0x00, 0x00, 0x38, 0xeb, 0x2b,
    0x00, 0x78, 0xce, 0x65, 0x73, 0xe0, 0xc6, 0x7a, 0x00, 0x95, 0xb1, 0x53, 0x5e, 0x53, 0x46, 0x00,
    0x00, 0x00, 0xd9, 0x53, 0x00, 0x00, 0x00, 0x00, 0x00, 0x00, 0x35, 0xde, 0x72, 0xe7, 0x86, 0xef,
    0x90, 0x59, 0xb1, 0xc5, 0x47, 0x00, 0x00, 0x85, 0x8b, 0xc3, 0x00, 0x88, 0xc1, 0x9b, 0x89, 0xff,
    0x24, 0x05, 0x00, 0xa9, 0xca, 0xce, 0xb5, 0xce, 0x86, 0x00, 0x00, 0x00, 0xbf, 0xc0, 0x95, 0xaa,
    0x95, 0xaa, 0x95, 0xaa, 0x9e, 0xfd, 0x72, 0x8f, 0x9b, 0xd3, 0xa6, 0x4f, 0x60, 0x65, 0xc4, 0x00,
    0x2f, 0xd5, 0x15, 0x47, 0x00, 0x78, 0xb5, 0x00, 0x00, 0xe0, 0x00, 0x00, 0x00, 0x95, 0x94, 0x00,
    0x00, 0x00, 0x00, 0x00, 0x00, 0x00, 0xd9, 0xa0, 0x9b, 0x89, 0x9b, 0x89, 0x9b, 0x89, 0xa7, 0xde,
    0x00, 0x00, 0x00, 0xe0, 0x2b, 0x00, 0x00, 0x08, 0xcc, 0x4a, 0x86, 0xac, 0x00, 0x00, 0x00, 0x88,
    0xa0, 0x00, 0x00, 0xff, 0x00, 0x00, 0x00, 0xa9, 0x82, 0x00, 0x00, 0x00, 0x00, 0x00, 0x00, 0x00,
    0xbf, 0x5e, 0x00, 0x00, 0x00, 0x00, 0x00, 0x00, 0x2f, 0xfd, 0x00, 0x00, 0x2a, 0xcb, 0x9e, 0x6e,
    0x00, 0x00, 0x7c, 0xbc, 0xee, 0x2f, 0x00, 0x00, 0x00, 0x78, 0xb5, 0x00, 0x00, 0xe0, 0x00, 0x00,
    0x00, 0x95, 0xf6, 0xd1, 0xed, 0xd1, 0xc1, 0x00, 0x00, 0x00, 0xd9, 0x53, 0x00, 0x00, 0x00, 0x00,
    0x00, 0x00, 0x35, 0xde, 0xac, 0xf5, 0xd7, 0xf8, 0x98, 0x69, 0x00, 0x00, 0x07, 0xee, 0xa6, 0x00,
    0x00, 0x00, 0x00, 0x88, 0xd4, 0xdb, 0xc0, 0xff, 0x00, 0x00, 0x00, 0xa9, 0x82, 0x00, 0x00, 0x00,
    0x00, 0x00, 0x00, 0x00, 0xbf, 0x5e, 0x00, 0x00, 0x00, 0x00, 0x00, 0x00, 0x2f, 0xfd, 0x50, 0x2d,
    0x00, 0xc5, 0x31, 0x00, 0x00, 0x13, 0xbc, 0xaa, 0xe8, 0x7c, 0x00, 0x00, 0x00, 0x78, 0xb7, 0x0f,
    0x11, 0x0f, 0x00, 0x00, 0x00, 0x95, 0x94, 0x00, 0x00, 0x00, 0x00, 0x00, 0x00, 0x00, 0xd9, 0x77,
    0x56, 0x4b, 0x56, 0x4b, 0x56, 0x4b, 0x6e, 0xde, 0x00, 0x00, 0x00, 0xe0, 0x2b, 0x00, 0x42, 0xda,
    0xa0, 0x11, 0x37, 0xe3, 0xa9, 0x35, 0x00, 0x33, 0x3b, 0x00, 0x00, 0x00, 0x00, 0x00, 0x00, 0xa9,
    0x82, 0x00, 0x00, 0x00, 0x00, 0x00, 0x00, 0x00, 0xbf, 0xeb, 0xc8, 0xe4, 0xc8, 0xe4, 0xc8, 0xe4,
    0xcb, 0xfd, 0x00, 0x00, 0x00, 0xbe, 0x30, 0x20, 0xde, 0x6b, 0x00, 0x00, 0x00, 0x1c, 0xaa, 0x8a,
    0x00, 0x00, 0x00, 0x00, 0x00, 0x00, 0x00, 0x00, 0x00, 0x94, 0x94, 0x00, 0x00, 0x00, 0x00, 0x00,
    0x00, 0x00, 0xbb, 0x47, 0x00, 0x00, 0x00, 0x00, 0x00, 0x00, 0x2c, 0xb5,
};
static const lv_image_dsc_t melt_img_77 = {
    .header.magic = LV_IMAGE_HEADER_MAGIC,
    .header.cf = LV_COLOR_FORMAT_A8,
    .header.flags = 0,
    .header.w = 42,
    .header.h = 14,
    .header.stride = 42,
    .data_size = sizeof melt_img_77_px,
    .data = melt_img_77_px,
};

static const uint8_t melt_img_78_px[] __attribute__((aligned(4))) = {
    0x1a, 0xaa, 0xb6, 0xcf, 0xb6, 0xcf, 0xb6, 0xcf, 0xb6, 0xcf, 0xb6, 0xcf, 0xb6, 0xcf, 0xb6, 0xcf,
    0xb6, 0xcf, 0xb6, 0xcf, 0xb6, 0xce, 0x95, 0x1e, 0xab, 0x9e, 0x5f, 0x53, 0x5e, 0x53, 0x5e, 0x53,
    0x5e, 0x53, 0x5e, 0x53, 0x5e, 0x53, 0x5e, 0x53, 0x5e, 0x53, 0x5e, 0x53, 0x5e, 0x54, 0xb4, 0x95,
    0xb6, 0x5f, 0x00, 0x00, 0x00, 0x00, 0x00, 0x00, 0x00, 0x00, 0x00, 0x00, 0x00, 0x00, 0x00, 0x00,
    0x00, 0x00, 0x00, 0x00, 0x00, 0x00, 0x54, 0xce, 0xcf, 0x53, 0x00, 0x00, 0x00, 0x00, 0x00, 0x00,
    0x00, 0x00, 0x00, 0x00, 0x00, 0x00, 0x00, 0x00, 0x00, 0x00, 0x00, 0x00, 0x00, 0x00, 0x5e, 0xb6,
    0xb6, 0x5e, 0x00, 0x00, 0x00, 0x00, 0x00, 0xff, 0xe0, 0xff, 0x00, 0x00, 0xe0, 0x00, 0x00, 0x00,
    0xe0, 0x00, 0x00, 0x00, 0x00, 0x00, 0x53, 0xcf, 0xcf, 0x53, 0x00, 0x00, 0x00, 0x00, 0xff, 0x00,
    0x00, 0x00, 0xff, 0x00, 0xff, 0x00, 0x00, 0xe0, 0x00, 0x00, 0x00, 0x00, 0x00, 0x00, 0x5e, 0xb6,
    0xb6, 0x5e, 0x00, 0x00, 0x00, 0x00, 0xe0, 0x00, 0x00, 0x00, 0xe0, 0x00, 0xe0, 0x00, 0xe0, 0x00,
    0x00, 0x00, 0x00, 0x00, 0x00, 0x00, 0x53, 0xcf, 0xcf, 0x53, 0x00, 0x00, 0x00, 0x00, 0xff, 0x00,
    0x00, 0x00, 0xff, 0x00, 0xff, 0xe0, 0x00, 0x00, 0x00, 0x00, 0x00, 0x00, 0x00, 0x00, 0x5e, 0xb6,
    0xb6, 0x5e, 0x00, 0x00, 0x00, 0x00, 0xe0, 0x00, 0x00, 0x00, 0xe0, 0x00, 0xe0, 0x00, 0xe0, 0x00,
    0x00, 0x00, 0x00, 0x00, 0x00, 0x00, 0x53, 0xcf, 0xcf, 0x53, 0x00, 0x00, 0x00, 0x00, 0xff, 0x00,
    0x00, 0x00, 0xff, 0x00, 0xff, 0x00, 0x00, 0xe0, 0x00, 0x00, 0x00, 0x00, 0x00, 0x00, 0x5e, 0xb6,
    0xb6, 0x5e, 0x00, 0x00, 0x00, 0x00, 0x00, 0xff, 0xe0, 0xff, 0x00, 0x00, 0xe0, 0x00, 0x00, 0x00,
    0xe0, 0x00, 0x00, 0x00, 0x00, 0x00, 0x53, 0xcf, 0xcf, 0x53, 0x00, 0x00, 0x00, 0x00, 0x00, 0x00,
    0x00, 0x00, 0x00, 0x00, 0x00, 0x00, 0x00, 0x00, 0x00, 0x00, 0x00, 0x00, 0x00, 0x00, 0x5e, 0xb6,
    0xb6, 0x5e, 0x00, 0x00, 0x00, 0x00, 0x00, 0x00, 0x00, 0x00, 0x00, 0x00, 0x00, 0x00, 0x00, 0x00,
    0x00, 0x00, 0x00, 0x00, 0x00, 0x00, 0x53, 0xcf, 0xce, 0x54, 0x00, 0x00, 0x00, 0x00, 0x00, 0x00,
    0x00, 0x00, 0x00, 0x00, 0x00, 0x00, 0x00, 0x00, 0x00, 0x00, 0x00, 0x00, 0x00, 0x00, 0x5f, 0xb6,
    0x92, 0xb4, 0x54, 0x5e, 0x53, 0x5e, 0x53, 0x5e, 0x53, 0x5e, 0x53, 0x5e, 0x53, 0x5e, 0x53, 0x5e,
    0x53, 0x5e, 0x53, 0x5e, 0x53, 0x5f, 0x9e, 0xa6, 0x1e, 0x95, 0xce, 0xb6, 0xcf, 0xb6, 0xcf, 0xb6,
    0xcf, 0xb6, 0xcf, 0xb6, 0xcf, 0xb6, 0xcf, 0xb6, 0xcf, 0xb6, 0xcf, 0xb6, 0xcf, 0xb6, 0xaa, 0x1a,
};
static const lv_image_dsc_t melt_img_78 = {
    .header.magic = LV_IMAGE_HEADER_MAGIC,
    .header.cf = LV_COLOR_FORMAT_A8,
    .header.flags = 0,
    .header.w = 24,
    .header.h = 16,
    .header.stride = 24,
    .data_size = sizeof melt_img_78_px,
    .data = melt_img_78_px,
};

static const uint8_t melt_img_79_px[] __attribute__((aligned(4))) = {
    0x1a, 0xaa, 0xb6, 0xcf, 0xb6, 0xcf, 0xb6, 0xcf, 0xb6, 0xce, 0x95, 0x1e, 0xab, 0x9e, 0x5f, 0x53,
    0x5e, 0x53, 0x5e, 0x53, 0x5e, 0x54, 0xb4, 0x95, 0xb6, 0x5f, 0x00, 0x00, 0x00, 0x00, 0x00, 0x00,
    0x00, 0x00, 0x54, 0xce, 0xcf, 0x53, 0x00, 0x00, 0x00, 0x00, 0x00, 0x00, 0x00, 0x00, 0x5e, 0xb6,
    0xb6, 0x5e, 0x00, 0xa8, 0x35, 0x00, 0x00, 0x3c, 0x93, 0x00, 0x53, 0xcf, 0xcf, 0x53, 0x00, 0x72,
    0xe7, 0x30, 0x38, 0xcc, 0x81, 0x00, 0x5e, 0xb6, 0xb6, 0x5e, 0x00, 0x00, 0x75, 0xe5, 0xca, 0x84,
    0x00, 0x00, 0x53, 0xcf, 0xcf, 0x53, 0x00, 0x00, 0x00, 0x73, 0x82, 0x00, 0x00, 0x00, 0x5e, 0xb6,
    0xb6, 0x5e, 0x00, 0x00, 0x00, 0x00, 0x00, 0x00, 0x00, 0x00, 0x53, 0xcf, 0xce, 0x54, 0x00, 0x00,
    0x00, 0x00, 0x00, 0x00, 0x00, 0x00, 0x5f, 0xb6, 0x92, 0xb4, 0x54, 0x5e, 0x53, 0x5e, 0x53, 0x5e,
    0x53, 0x5f, 0x9e, 0xa6, 0x1e, 0x95, 0xce, 0xb6, 0xcf, 0xb6, 0xcf, 0xb6, 0xcf, 0xb6, 0xaa, 0x1a,
};
static const lv_image_dsc_t melt_img_79 = {
    .header.magic = LV_IMAGE_HEADER_MAGIC,
    .header.cf = LV_COLOR_FORMAT_A8,
    .header.flags = 0,
    .header.w = 12,
    .header.h = 12,
    .header.stride = 12,
    .data_size = sizeof melt_img_79_px,
    .data = melt_img_79_px,
};

static const uint8_t melt_img_80_px[] __attribute__((aligned(4))) = {
    0x00, 0x57, 0x21, 0x00, 0x00, 0x00, 0x87, 0x95, 0x00, 0x00, 0x00, 0x26, 0x55, 0x00, 0x00, 0x1b,
    0x95, 0x38, 0x00, 0x00, 0x00, 0x00, 0x00, 0xbe, 0x4a, 0x00, 0x00, 0x00, 0x00, 0x00, 0x00, 0x00,
    0x00, 0x00, 0x00, 0x00, 0x00, 0x00, 0x00, 0x00, 0x4f, 0xa5, 0x00, 0x00, 0x00, 0x00, 0x4c, 0xcd,
    0x00, 0x00, 0x00, 0x00, 0x00, 0xd7, 0x3e, 0x00, 0x00, 0x00, 0x00, 0x00, 0x00, 0x00, 0x00, 0x00,
    0x00, 0x00, 0x00, 0x00, 0x00, 0x00, 0x00, 0x00, 0x00, 0x00, 0x00, 0x00, 0x00, 0x00, 0x00, 0x00,
    0x00, 0x00, 0x00, 0x00, 0x00, 0x00, 0x00, 0x00, 0x00, 0xb6, 0x5c, 0x00, 0x00, 0x00, 0xa0, 0x89,
    0x00, 0x00, 0x00, 0x50, 0xe6, 0x00, 0x00, 0x04, 0x88, 0xd2, 0x88, 0x00, 0xea, 0xc0, 0xdb, 0xd9,
    0xe4, 0xc0, 0xe2, 0x7d, 0x00, 0x00, 0x66, 0x93, 0xa7, 0x93, 0xa7, 0x1c, 0x00, 0x00, 0x00, 0x00,
    0x70, 0xb3, 0x00, 0x00, 0x00, 0x00, 0x5c, 0xbe, 0x00, 0x00, 0x00, 0x00, 0x00, 0x9d, 0x9a, 0x00,
    0x00, 0x00, 0x00, 0x00, 0x00, 0x00, 0x00, 0x00, 0x00, 0x00, 0x00, 0x00, 0x00, 0x00, 0x00, 0x00,
    0x00, 0x00, 0x53, 0xb6, 0xcf, 0xb6, 0xcf, 0xb6, 0xcf, 0xb6, 0xcf, 0xb6, 0xcf, 0xb6, 0xcf, 0xb4,
    0x00, 0xcf, 0x7a, 0x5e, 0x53, 0x5e, 0xa3, 0xb5, 0x53, 0x5e, 0x53, 0x8a, 0xca, 0x00, 0x00, 0x00,
    0x00, 0x41, 0xa6, 0x17, 0xdd, 0x00, 0x00, 0xcf, 0x51, 0x00, 0x89, 0x9b, 0x00, 0x00, 0x89, 0xb6,
    0x56, 0x61, 0xd0, 0x30, 0x00, 0x00, 0x00, 0x00, 0x62, 0xcb, 0x00, 0x00, 0x00, 0x00, 0x51, 0xd8,
    0x00, 0x55, 0xda, 0xf8, 0xda, 0xfb, 0xde, 0xf8, 0xda, 0xf8, 0x50, 0x00, 0x00, 0x00, 0x00, 0x00,
    0x00, 0x00, 0x00, 0x00, 0x00, 0x00, 0x00, 0x00, 0x00, 0x00, 0x21, 0x5e, 0x53, 0x5e, 0x53, 0x5e,
    0xa0, 0xb9, 0x53, 0x5e, 0x53, 0x5e, 0x53, 0x5d, 0x00, 0x88, 0xbe, 0xa8, 0xbe, 0xa8, 0xbe, 0xa8,
    0xbe, 0xa8, 0xbe, 0xa8, 0xac, 0x00, 0x00, 0x00, 0x00, 0x00, 0x00, 0x00, 0xfe, 0xb6, 0xcf, 0xd6,
    0xdb, 0xb6, 0xe8, 0x89, 0x00, 0x00, 0x9b, 0x87, 0x00, 0x00, 0xe6, 0x5a, 0xcf, 0xb6, 0xcf, 0xb6,
    0xde, 0xd6, 0xcf, 0x70, 0x4d, 0xb6, 0xdb, 0xd8, 0xcf, 0x9b, 0xd0, 0x00, 0x27, 0x5a, 0x00, 0x00,
    0x00, 0xbd, 0x5e, 0x00, 0x00, 0x00, 0x00, 0x00, 0x00, 0x00, 0x00, 0x00, 0x00, 0x00, 0x00, 0x00,
    0x00, 0x00, 0x00, 0x00, 0x00, 0x00, 0x00, 0x00, 0x9b, 0x8c, 0x00, 0x00, 0x00, 0x00, 0x00, 0x00,
    0x00, 0x4f, 0x56, 0x61, 0x56, 0x61, 0x14, 0x24, 0x56, 0x61, 0x56, 0x61, 0x45, 0x00, 0x00, 0x72,
    0x33, 0x00, 0x00, 0x00, 0x19, 0x1c, 0x19, 0xd1, 0x59, 0x1c, 0x19, 0x11, 0x00, 0x00, 0x89, 0x99,
    0x00, 0x00, 0xca, 0x41, 0x49, 0x53, 0x49, 0x53, 0x80, 0xd6, 0x49, 0x33, 0x14, 0x3c, 0x68, 0xde,
    0x35, 0x69, 0xb7, 0x00, 0x70, 0xc7, 0x00, 0x00, 0x00, 0xd7, 0x53, 0x00, 0x00, 0x00, 0x00, 0x00,
    0x00, 0x00, 0x00, 0x00, 0x00, 0x00, 0x00, 0x00, 0x00, 0x00, 0x00, 0x00, 0x00, 0x00, 0x00, 0x00,
    0x89, 0xb3, 0x07, 0x00, 0x00, 0x00, 0x00, 0x00, 0x00, 0xb6, 0xb9, 0x8c, 0xa0, 0xd5, 0x39, 0x53,
    0xe6, 0x8c, 0xa0, 0x9e, 0xcf, 0x00, 0x00, 0x79, 0xee, 0x8f, 0x4a, 0xb6, 0xcf, 0xb6, 0xcf, 0xb6,
    0xcf, 0xb6, 0xcf, 0xb6, 0x8e, 0x00, 0x9b, 0x9f, 0x5e, 0x53, 0xec, 0x2a, 0x57, 0x4b, 0x00, 0x00,
    0x70, 0xb3, 0x00, 0x00, 0x00, 0x00, 0x5c, 0xbe, 0x00, 0x00, 0x00, 0x00, 0xcd, 0x6b, 0x00, 0x00,
    0x00, 0x00, 0x00, 0x00, 0x00, 0x00, 0x00, 0x00, 0x00, 0x00, 0x00, 0x00, 0x00, 0x00, 0x00, 0x00,
    0x00, 0x00, 0x00, 0x00, 0x00, 0x00, 0x00, 0x00, 0x9b, 0xd9, 0xe5, 0x62, 0x00, 0x00, 0x00, 0x00,
    0x00, 0xcf, 0x52, 0x00, 0x00, 0xe4, 0x32, 0x5e, 0xb1, 0x00, 0x00, 0x4b, 0xb6, 0x00, 0x00, 0x00,
    0x23, 0xa5, 0x0d, 0x00, 0x67, 0x7d, 0x6e, 0x7d, 0x6e, 0x7d, 0x6e, 0x47, 0x00, 0x00, 0x89, 0xd9,
    0x9c, 0xb1, 0xd7, 0x30, 0x4a, 0xec, 0x1f, 0x00, 0x62, 0xcb, 0x00, 0x00, 0x00, 0x00, 0x51, 0xd8,
    0x00, 0xa5, 0xe0, 0xfe, 0xe0, 0xfe, 0xe0, 0xfe, 0xe0, 0xfe, 0x79, 0x53, 0xb5, 0xce, 0xb5, 0xce,
    0xb5, 0xce, 0xb5, 0xce, 0xb5, 0xce, 0xb5, 0xce, 0xb5, 0x4b, 0x00, 0x00, 0x00, 0x00, 0x00, 0x00,
    0x89, 0xa0, 0x63, 0xe9, 0xb8, 0x47, 0x00, 0x00, 0x00, 0xb6, 0xf9, 0xd9, 0xf7, 0xdf, 0x39, 0x53,
    0xfd, 0xd9, 0xf7, 0xdb, 0xcf, 0x00, 0x00, 0x00, 0x00, 0x00, 0x00, 0x00, 0xf0, 0x88, 0x96, 0x84,
    0x96, 0x84, 0xd5, 0x80, 0x00, 0x00, 0x9b, 0x87, 0x00, 0x00, 0xe6, 0x2a, 0x00, 0x95, 0xb3, 0x00,
    0x70, 0xb3, 0x00, 0x00, 0x00, 0x00, 0x5c, 0xca, 0xa9, 0x93, 0x00, 0x9a, 0xa3, 0x00, 0x00, 0x85,
    0xb9, 0x00, 0x00, 0x2d, 0x7d, 0x6e, 0x7d, 0x6e, 0x7d, 0x6e, 0x7d, 0x6e, 0x7d, 0x6e, 0x7d, 0x6e,
    0x7d, 0x29, 0x00, 0x00, 0x00, 0x00, 0x00, 0x00, 0x9b, 0x8c, 0x00, 0x17, 0xa2, 0xdd, 0x9d, 0x07,
    0x00, 0xcf, 0x51, 0x00, 0x00, 0xe4, 0x32, 0x5e, 0xb1, 0x00, 0x00, 0x4b, 0xb6, 0x00, 0x00, 0x00,
    0x00, 0x29, 0x36, 0x00, 0xd4, 0x1b, 0x00, 0x9a, 0x42, 0x00, 0x98, 0x92, 0x00, 0x00, 0x89, 0x99,
    0x00, 0x00, 0xca, 0x30, 0x00, 0x21, 0xd2, 0x5a, 0x62, 0xcb, 0x00, 0x00, 0x40, 0xb9, 0xd6, 0xf3,
    0x7c, 0x3b, 0x2f, 0xf5, 0x29, 0x00, 0x00, 0xcf, 0x6a, 0x00, 0x00, 0x00, 0x00, 0x00, 0x00, 0x00,
    0x00, 0x00, 0x00, 0x00, 0x00, 0x00, 0x00, 0x00, 0x00, 0x00, 0x00, 0x00, 0x00, 0x00, 0x00, 0x00,
    0x89, 0xa0, 0x00, 0x00, 0x00, 0x52, 0x96, 0x00, 0x00, 0xb8, 0xa2, 0x76, 0x86, 0xd2, 0x39, 0x59,
    0xdc, 0x75, 0x85, 0x8b, 0xcf, 0x00, 0x00, 0x00, 0x00, 0x8d, 0xb0, 0x00, 0xf0, 0x17, 0x00, 0xb1,
    0x61, 0x00, 0xac, 0x80, 0x00, 0x00, 0x9b, 0x87, 0x00, 0x00, 0xe6, 0x2a, 0x00, 0x00, 0x65, 0x2e,
    0x70, 0xb3, 0x00, 0x00, 0x3e, 0x78, 0x78, 0xbe, 0x00, 0x00, 0x7e, 0xd4, 0x82, 0x09, 0x4e, 0xd4,
    0x15, 0x00, 0x00, 0x00, 0x00, 0x00, 0x00, 0x00, 0x00, 0x00, 0x00, 0x00, 0x00, 0x00, 0x00, 0x00,
    0x00, 0x00, 0x00, 0x00, 0x00, 0x00, 0x00, 0x00, 0x9b, 0x8c, 0x00, 0x00, 0x00, 0x00, 0x00, 0x00,
    0x00, 0xf1, 0x86, 0x98, 0x86, 0xf1, 0x32, 0x8b, 0xb6, 0x9b, 0x89, 0xaf, 0xb6, 0x00, 0x00, 0x00,
    0x24, 0xf5, 0x31, 0x00, 0xd4, 0x1b, 0x00, 0xdb, 0x48, 0x00, 0x98, 0x92, 0x00, 0x00, 0x89, 0xe8,
    0xb6, 0xcf, 0xdb, 0x30, 0x00, 0x00, 0x00, 0x00, 0x62, 0xcb, 0x00, 0x00, 0x00, 0x00, 0x51, 0xd8,
    0x00, 0x00, 0x00, 0x40, 0xad, 0xe3, 0xc2, 0x86, 0x00, 0x00, 0x00, 0x00, 0x00, 0x00, 0x00, 0x00,
    0x00, 0x00, 0x00, 0x00, 0x00, 0x00, 0x00, 0x00, 0x00, 0x00, 0x00, 0x00, 0x00, 0x00, 0x00, 0x00,
    0x89, 0xa0, 0x00, 0x00, 0x00, 0x00, 0x00, 0x00, 0x40, 0xc7, 0x00, 0x00, 0x00, 0xc8, 0x39, 0xa5,
    0x75, 0x00, 0x00, 0x42, 0xcf, 0x00, 0x00, 0x00, 0xac, 0x9b, 0x00, 0x00, 0x68, 0x09, 0x84, 0xbf,
    0x76, 0x61, 0x4a, 0x37, 0x00, 0x00, 0x9b, 0x8e, 0x24, 0x20, 0x24, 0x07, 0x00, 0x00, 0x00, 0x00,
    0x70, 0xb3, 0x00, 0x00, 0x00, 0x00, 0x5c, 0xbe, 0x00, 0x00, 0x00, 0x00, 0x3e, 0xcb, 0xef, 0xb4,
    0x3d, 0x00, 0x00, 0x00, 0x00, 0x00, 0x00, 0x00, 0x00, 0x00, 0x00, 0x00, 0x00, 0x00, 0x00, 0x00,
    0x00, 0x00, 0x00, 0x00, 0x00, 0x00, 0x00, 0x00, 0x9b, 0x8c, 0x00, 0x00, 0x00, 0x00, 0x00, 0x00,
    0x90, 0xa0, 0x00, 0x39, 0x46, 0xeb, 0x4a, 0xf0, 0x1a, 0x00, 0x2d, 0x69, 0xb6, 0x00, 0x00, 0x4a,
    0xd9, 0x31, 0x00, 0x0d, 0x5d, 0xc9, 0xbc, 0x31, 0x49, 0xbc, 0xc9, 0x74, 0x00, 0x00, 0x32, 0x39,
    0x00, 0x00, 0x00, 0x00, 0x00, 0x26, 0x53, 0x5e, 0x8f, 0xc6, 0x00, 0x00, 0x00, 0x15, 0x54, 0xd8,
    0x00, 0x11, 0x59, 0xb8, 0xd2, 0x82, 0x0b, 0x97, 0xd7, 0x92, 0x00, 0x00, 0x00, 0x00, 0x00, 0x00,
    0x00, 0x00, 0x00, 0x00, 0x00, 0x00, 0x00, 0x00, 0x00, 0x00, 0x00, 0x00, 0x00, 0x00, 0x00, 0x00,
    0x89, 0xa0, 0x00, 0x00, 0x00, 0x00, 0x00, 0x00, 0xb1, 0x28, 0x00, 0x5e, 0xce, 0x98, 0x63, 0x85,
    0x00, 0x00, 0xb6, 0xb6, 0x89, 0x00, 0x00, 0x25, 0x78, 0x00, 0x00, 0x92, 0xbf, 0x62, 0x00, 0x00,
    0x00, 0x00, 0x43, 0xa9, 0x1e, 0x00, 0x00, 0x00, 0x00, 0x00, 0x00, 0x00, 0x00, 0x20, 0xcf, 0xb5,
    0xbc, 0x48, 0x00, 0x00, 0x00, 0xb3, 0xe5, 0x82, 0x00, 0x51, 0xcf, 0x76, 0x1c, 0x00, 0x00, 0x00,
    0x48, 0xaf, 0x29, 0x00, 0x00, 0x00, 0x00, 0x00, 0x00, 0x00, 0x00, 0x00, 0x00, 0x00, 0x00, 0x00,
    0x00, 0x00, 0x00, 0x00, 0x00, 0x00, 0x00, 0x00, 0x92, 0x83, 0x00, 0x00, 0x00, 0x00, 0x00, 0x00,
};
static const lv_image_dsc_t melt_img_80 = {
    .header.magic = LV_IMAGE_HEADER_MAGIC,
    .header.cf = LV_COLOR_FORMAT_A8,
    .header.flags = 0,
    .header.w = 88,
    .header.h = 14,
    .header.stride = 88,
    .data_size = sizeof melt_img_80_px,
    .data = melt_img_80_px,
};

static const uint8_t melt_img_81_px[] __attribute__((aligned(4))) = {
    0x00, 0x6e, 0x16, 0x00, 0x00, 0x00, 0x00, 0x00, 0x00, 0x00, 0x00, 0x00, 0x00, 0x00, 0x00, 0x00,
    0x6c, 0x08, 0x00, 0x00, 0x00, 0x00, 0x00, 0x00, 0x00, 0x00, 0x00, 0x00, 0x00, 0x00, 0x58, 0xc0,
    0x00, 0x00, 0x00, 0x00, 0x00, 0x00, 0x00, 0x00, 0x00, 0x00, 0x00, 0x00, 0x00, 0x00, 0x00, 0x00,
    0x00, 0x74, 0xd3, 0x1c, 0x5a, 0xd8, 0xf6, 0xd8, 0xf6, 0xd9, 0xcf, 0x00, 0x00, 0x00, 0x00, 0x07,
    0xba, 0xa6, 0x00, 0x00, 0x00, 0x00, 0x00, 0x00, 0x00, 0x00, 0x00, 0x00, 0x00, 0x41, 0xe8, 0xbd,
    0x7c, 0x00, 0x00, 0x00, 0x00, 0x00, 0x00, 0x53, 0xf0, 0xb9, 0xd2, 0xb9, 0xd2, 0xb9, 0xd2, 0xe0,
    0x00, 0x00, 0x7b, 0x8f, 0x00, 0x00, 0x00, 0x00, 0x00, 0x53, 0xb6, 0x00, 0x00, 0x00, 0x00, 0x00,
    0x00, 0xba, 0x8b, 0x00, 0x00, 0x00, 0x00, 0x00, 0x00, 0x00, 0x00, 0x00, 0x4b, 0xe9, 0x47, 0x21,
    0xbc, 0x93, 0x00, 0x00, 0x00, 0x00, 0x00, 0x5e, 0xa3, 0x00, 0x00, 0x00, 0x00, 0x00, 0x00, 0xfb,
    0x00, 0x00, 0x00, 0x00, 0x00, 0x00, 0x00, 0x00, 0x00, 0x49, 0xcf, 0x00, 0x00, 0x00, 0x00, 0x00,
    0x00, 0x3f, 0xfe, 0x3f, 0x00, 0x00, 0x00, 0x00, 0x00, 0x00, 0x00, 0x82, 0xeb, 0x4f, 0x76, 0x00,
    0x19, 0xa6, 0xca, 0x2a, 0x00, 0x00, 0x00, 0x53, 0xb9, 0x00, 0x00, 0x00, 0x00, 0x00, 0x00, 0xdd,
    0xb9, 0xd2, 0xb9, 0x00, 0x00, 0x00, 0x00, 0x00, 0x00, 0x53, 0xb6, 0x00, 0x00, 0x00, 0x00, 0x00,
    0x00, 0x7f, 0xcb, 0xc6, 0x00, 0x00, 0x00, 0x00, 0x00, 0x60, 0xc0, 0xc6, 0x21, 0x0f, 0x9d, 0xba,
    0x13, 0x00, 0x7b, 0xed, 0x85, 0x00, 0x00, 0x5e, 0xa3, 0x00, 0x00, 0x00, 0x00, 0x00, 0x00, 0xfb,
    0x00, 0x00, 0xf5, 0x00, 0x00, 0xb6, 0xcf, 0xb6, 0xcf, 0xc0, 0xcf, 0x00, 0x00, 0x00, 0x00, 0x00,
    0x00, 0xb0, 0x72, 0xc4, 0x51, 0x00, 0x00, 0x00, 0x00, 0x45, 0x6b, 0x00, 0x00, 0x00, 0x00, 0x87,
    0xac, 0x00, 0x00, 0x31, 0x6b, 0x00, 0x00, 0x53, 0xdd, 0x89, 0x9b, 0x89, 0x9b, 0x89, 0x9b, 0xdf,
    0x00, 0x00, 0xd7, 0x00, 0x00, 0xeb, 0x00, 0x00, 0x00, 0x44, 0x94, 0x00, 0x00, 0x00, 0x00, 0x00,
    0x33, 0xee, 0x0d, 0x73, 0xb0, 0x00, 0x00, 0x00, 0x00, 0x00, 0x2a, 0x9b, 0x89, 0x9b, 0x89, 0x9b,
    0x8e, 0x9b, 0x89, 0x58, 0x00, 0x00, 0x00, 0x5e, 0xb3, 0x5e, 0x53, 0x5e, 0x53, 0x5e, 0x53, 0xfc,
    0x00, 0x00, 0xf5, 0x00, 0x00, 0xcf, 0x00, 0x00, 0x00, 0x00, 0x00, 0x00, 0x00, 0x00, 0x00, 0x00,
    0xbd, 0x82, 0x00, 0x00, 0xde, 0x53, 0x00, 0x00, 0x00, 0x00, 0x23, 0x64, 0x72, 0x64, 0x72, 0x64,
    0x72, 0x80, 0xf4, 0x36, 0x00, 0x00, 0x00, 0x53, 0xb9, 0x00, 0x00, 0x00, 0x00, 0x00, 0x00, 0xdd,
    0x00, 0x00, 0xd7, 0x00, 0x04, 0xeb, 0x00, 0x00, 0x00, 0x00, 0x1f, 0x15, 0x00, 0x00, 0x00, 0x71,
    0xc7, 0x0f, 0x00, 0x00, 0x58, 0xe5, 0x1c, 0x00, 0x00, 0x00, 0x00, 0x00, 0x00, 0x00, 0x00, 0x00,
    0x16, 0xdb, 0x60, 0x00, 0x00, 0x00, 0x00, 0x5e, 0xa3, 0x00, 0x00, 0x00, 0x00, 0x00, 0x00, 0xfb,
    0x00, 0x00, 0xf6, 0x92, 0x8b, 0xcf, 0x00, 0x00, 0x00, 0x00, 0x5e, 0x95, 0x00, 0x00, 0x59, 0xcf,
    0x4a, 0x00, 0x00, 0x00, 0x00, 0x9b, 0xcb, 0x16, 0x00, 0x00, 0x00, 0x00, 0x00, 0x00, 0x00, 0x00,
    0xbb, 0x8f, 0x00, 0x00, 0x00, 0x00, 0x00, 0x53, 0xb9, 0x00, 0x00, 0x00, 0x00, 0x00, 0x00, 0xdd,
    0x00, 0x48, 0xdc, 0x8c, 0x00, 0xf5, 0x40, 0x34, 0x2e, 0x38, 0x96, 0x8d, 0x09, 0x92, 0xd2, 0x55,
    0x00, 0x00, 0x00, 0x00, 0x00, 0x11, 0xae, 0xdb, 0x2a, 0x00, 0x00, 0x00, 0x00, 0x00, 0x00, 0x92,
    0xb2, 0x05, 0x00, 0x00, 0x00, 0x00, 0x00, 0x5e, 0xe0, 0xfd, 0xde, 0xfd, 0xde, 0xfd, 0xde, 0xff,
    0x00, 0x3c, 0x51, 0x00, 0x00, 0x79, 0xcf, 0xb6, 0xcf, 0xb6, 0xba, 0x1f, 0x24, 0x9d, 0x39, 0x00,
    0x00, 0x00, 0x00, 0x00, 0x00, 0x00, 0x05, 0x86, 0x13, 0x00, 0x00, 0x00, 0x00, 0x00, 0x31, 0xb8,
    0x23, 0x00, 0x00, 0x00, 0x00, 0x00, 0x00, 0x43, 0x97, 0x00, 0x00, 0x00, 0x00, 0x00, 0x00, 0xb4,
};
static const lv_image_dsc_t melt_img_81 = {
    .header.magic = LV_IMAGE_HEADER_MAGIC,
    .header.cf = LV_COLOR_FORMAT_A8,
    .header.flags = 0,
    .header.w = 48,
    .header.h = 12,
    .header.stride = 48,
    .data_size = sizeof melt_img_81_px,
    .data = melt_img_81_px,
};

static const uint8_t melt_img_82_px[] __attribute__((aligned(4))) = {
    0x00, 0x00, 0x00, 0x00, 0x00, 0x9b, 0x81, 0x00, 0x00, 0x00, 0x00, 0x00, 0x00, 0x00, 0x00, 0x56,
    0x53, 0x5e, 0x53, 0x5e, 0x53, 0x5e, 0x53, 0x00, 0x00, 0x00, 0x00, 0x00, 0x89, 0x92, 0x00, 0x00,
    0x00, 0x00, 0x00, 0x00, 0x00, 0x00, 0xcc, 0xac, 0x97, 0xac, 0x97, 0xac, 0x97, 0xfd, 0x3d, 0x5b,
    0x50, 0x5b, 0x50, 0xb5, 0x9a, 0x5b, 0x50, 0x5b, 0x50, 0x40, 0x00, 0x00, 0x00, 0xe8, 0x00, 0x00,
    0x00, 0x00, 0x00, 0x00, 0xdd, 0x9d, 0xb6, 0xce, 0xb6, 0xf2, 0xd6, 0xf4, 0xcc, 0xce, 0xb6, 0xce,
    0x7e, 0x00, 0x00, 0x00, 0xcc, 0x46, 0x3d, 0x46, 0x3d, 0x46, 0x3d, 0xfb, 0x00, 0x00, 0x00, 0x24,
    0xc9, 0xa2, 0x92, 0xe1, 0x04, 0x00, 0x00, 0x00, 0x00, 0x00, 0x00, 0xe8, 0xb6, 0xcf, 0xb6, 0xcf,
    0xb6, 0xcf, 0xe0, 0x00, 0x00, 0x00, 0x93, 0x90, 0x89, 0x92, 0x92, 0x8d, 0x00, 0x00, 0x00, 0x00,
    0x00, 0x00, 0xd3, 0x00, 0x00, 0x00, 0x00, 0x00, 0x00, 0xfb, 0x00, 0x00, 0x4f, 0xdd, 0x0b, 0x9b,
    0x81, 0x23, 0xc9, 0x47, 0x00, 0x00, 0x00, 0x00, 0x00, 0xf8, 0x00, 0x00, 0x00, 0x00, 0x00, 0x00,
    0xdd, 0x00, 0x39, 0xe8, 0x3f, 0x00, 0x89, 0x92, 0x00, 0x5d, 0xc9, 0x34, 0x00, 0x00, 0x00, 0x2d,
    0xda, 0xe2, 0xc6, 0xe2, 0xc6, 0xe2, 0xc6, 0xfe, 0x43, 0xea, 0x8d, 0x91, 0x7f, 0xcb, 0xaf, 0x91,
    0x7f, 0xb1, 0xcf, 0x55, 0x00, 0x00, 0x6b, 0xad, 0x00, 0x00, 0x00, 0x00, 0x00, 0x00, 0xdd, 0xab,
    0x55, 0x5e, 0x89, 0x9b, 0xb6, 0xcb, 0x89, 0x9b, 0x53, 0x6b, 0x91, 0x00, 0x00, 0xd6, 0x4b, 0x00,
    0x00, 0x00, 0x00, 0x00, 0x00, 0xfb, 0x00, 0x00, 0x00, 0x00, 0x00, 0x9b, 0x81, 0x00, 0x00, 0x00,
    0x00, 0x00, 0x00, 0x87, 0xb2, 0x00, 0x00, 0x00, 0x00, 0x00, 0x00, 0x00, 0xde, 0x00, 0x00, 0x00,
    0x00, 0x00, 0x89, 0x92, 0x00, 0x00, 0x00, 0x00, 0x00, 0x1c, 0xb6, 0x2c, 0x00, 0x00, 0x00, 0x00,
    0x96, 0xfe, 0xd4, 0xb1,
};
static const lv_image_dsc_t melt_img_82 = {
    .header.magic = LV_IMAGE_HEADER_MAGIC,
    .header.cf = LV_COLOR_FORMAT_A8,
    .header.flags = 0,
    .header.w = 23,
    .header.h = 12,
    .header.stride = 23,
    .data_size = sizeof melt_img_82_px,
    .data = melt_img_82_px,
};

static const uint8_t melt_img_83_px[] __attribute__((aligned(4))) = {
    0x00, 0x00, 0x00, 0xc8, 0x44, 0x6f, 0x61, 0x6f, 0x61, 0x6f, 0x61, 0x3c, 0x00, 0x00, 0x00, 0xda,
    0x00, 0x00, 0x00, 0x00, 0x2f, 0xcb, 0x00, 0x00, 0x00, 0x00, 0x00, 0x00, 0x00, 0x42, 0x81, 0x00,
    0x00, 0x47, 0x7a, 0x00, 0x00, 0x00, 0x00, 0x0f, 0x28, 0x2d, 0x28, 0x2d, 0x28, 0x2d, 0x28, 0x2d,
    0x28, 0x2d, 0x19, 0x00, 0x00, 0x62, 0xaf, 0x75, 0xb5, 0x98, 0x86, 0x98, 0x86, 0xce, 0x7a, 0x00,
    0x00, 0x00, 0xc0, 0x00, 0x00, 0x5b, 0x53, 0x75, 0xc1, 0x5e, 0x53, 0x39, 0x00, 0x00, 0x00, 0x00,
    0xa1, 0x91, 0x00, 0x00, 0x16, 0xe5, 0x31, 0x00, 0x00, 0x00, 0x39, 0xcf, 0xb6, 0xe8, 0xca, 0xcf,
    0xb6, 0xcf, 0xdc, 0xcf, 0xb6, 0x82, 0x00, 0x05, 0xc2, 0x4f, 0x67, 0x9b, 0x00, 0x00, 0x00, 0x00,
    0x89, 0x8a, 0x00, 0x51, 0x58, 0xe5, 0x58, 0x24, 0x84, 0x9b, 0x93, 0xe8, 0x89, 0x9b, 0x53, 0x00,
    0x00, 0x00, 0x4a, 0xe8, 0x16, 0x00, 0x00, 0x00, 0x64, 0xd2, 0x04, 0x00, 0x00, 0x00, 0x00, 0x00,
    0x89, 0x8f, 0x00, 0x00, 0x00, 0xe9, 0x00, 0x00, 0x00, 0x00, 0x87, 0xf0, 0x00, 0x75, 0x95, 0x3d,
    0x36, 0x3d, 0x36, 0xaa, 0x7a, 0x00, 0x6f, 0x9b, 0xd0, 0x9b, 0x32, 0x00, 0x00, 0x37, 0xb6, 0x00,
    0x00, 0x00, 0x00, 0x00, 0x21, 0xe6, 0x55, 0x00, 0x00, 0x00, 0x00, 0x00, 0xa0, 0xae, 0x00, 0x00,
    0x00, 0x00, 0x00, 0x9b, 0x7e, 0x00, 0x00, 0x00, 0xcd, 0x00, 0x00, 0x00, 0x64, 0xe2, 0xd3, 0x00,
    0x53, 0xcf, 0xb6, 0xe8, 0xcb, 0xcf, 0xb6, 0x71, 0x00, 0x00, 0x00, 0xda, 0x00, 0x89, 0xb6, 0xcf,
    0xbc, 0xf3, 0xb6, 0xcf, 0xb6, 0x43, 0x1f, 0xdb, 0x81, 0x08, 0x07, 0x08, 0x07, 0x08, 0x07, 0x1e,
    0xc0, 0xaa, 0x00, 0x00, 0x00, 0x00, 0x89, 0x8f, 0x00, 0x00, 0x00, 0xe9, 0x00, 0x00, 0x00, 0xc0,
    0x3e, 0xf0, 0x00, 0x00, 0x00, 0x00, 0x87, 0x99, 0x00, 0x00, 0x00, 0x00, 0x00, 0x00, 0xc0, 0x31,
    0x1c, 0x00, 0x00, 0x00, 0x00, 0x88, 0x89, 0x00, 0x00, 0x75, 0x84, 0xc4, 0xb6, 0xde, 0xcf, 0xcf,
    0xb6, 0xcf, 0xd6, 0x6e, 0x8a, 0x08, 0x67, 0x9b, 0x89, 0xcf, 0xb1, 0x9b, 0x89, 0x9b, 0xd7, 0x9b,
    0x89, 0x9b, 0x00, 0x00, 0xd3, 0x4d, 0xa6, 0xbd, 0xa6, 0xde, 0xc3, 0xbd, 0xa6, 0xbd, 0x2f, 0x44,
    0x83, 0xfb, 0xbf, 0x78, 0x7c, 0x8d, 0x7c, 0x8d, 0xa9, 0xca, 0x7c, 0x19, 0x00, 0x00, 0x00, 0x00,
    0x82, 0x99, 0x00, 0x00, 0x00, 0xcf, 0x47, 0x00, 0x00, 0x58, 0x67, 0x75, 0xaf, 0xa3, 0x67, 0x75,
    0x67, 0xf0, 0x67, 0x75, 0x67, 0x00, 0x00, 0xf0, 0x21, 0x5e, 0x53, 0x9a, 0xdf, 0xfe, 0x82, 0x5e,
    0x53, 0x1b, 0x97, 0x8c, 0xc0, 0x00, 0x4d, 0x95, 0x8b, 0x95, 0x83, 0xc4, 0xb4, 0x95, 0x17, 0x00,
    0x00, 0x00, 0x00, 0xc2, 0x58, 0x00, 0x00, 0x00, 0xbe, 0x1e, 0x00, 0x00, 0x00, 0x00, 0x00, 0xd0,
    0x49, 0x00, 0x00, 0x00, 0xcd, 0x00, 0x00, 0x00, 0x00, 0x00, 0xd3, 0x00, 0x00, 0x3e, 0xc6, 0xac,
    0x99, 0xdb, 0x23, 0x00, 0x00, 0x00, 0x00, 0xda, 0x00, 0x00, 0x3d, 0xd4, 0x09, 0x00, 0x78, 0x9b,
    0x00, 0x00, 0x00, 0x00, 0x00, 0x34, 0xd0, 0x0d, 0x00, 0x00, 0x00, 0xf3, 0x00, 0x00, 0x00, 0x00,
    0x00, 0x30, 0xd4, 0x05, 0x00, 0x00, 0x00, 0xe9, 0x00, 0x00, 0x00, 0x00, 0x00, 0xf0, 0x00, 0x4a,
    0xc4, 0x4d, 0x87, 0x99, 0x55, 0xd9, 0x28, 0x00, 0x00, 0x00, 0xc0, 0x00, 0x00, 0x00, 0x8a, 0x96,
    0x00, 0x88, 0x89, 0x00, 0x00, 0x00, 0x00, 0x13, 0xb8, 0x81, 0x00, 0x00, 0x00, 0x11, 0xd8, 0x00,
    0x00, 0x00, 0x00, 0x00, 0xa5, 0x9a, 0x00, 0x00, 0x00, 0x00, 0xcd, 0x00, 0x00, 0x00, 0x00, 0x00,
    0xd3, 0x77, 0xc9, 0x4e, 0x00, 0x99, 0x86, 0x00, 0x61, 0xe8, 0x42, 0x00, 0x00, 0xd9, 0x00, 0x00,
    0x00, 0x1c, 0x4e, 0x00, 0x79, 0x9b, 0x00, 0x00, 0x00, 0x4e, 0xbe, 0xa9, 0x00, 0x00, 0x2f, 0x1b,
    0x64, 0xcb, 0x00, 0x00, 0x00, 0x05, 0x92, 0xd8, 0x11, 0x00, 0x00, 0x00, 0x00, 0xe9, 0x00, 0x00,
    0x00, 0x00, 0x00, 0xe1, 0x1f, 0x24, 0x00, 0x00, 0x86, 0x97, 0x00, 0x00, 0x35, 0x00, 0x5a, 0xd3,
    0x89, 0x00, 0x00, 0x00, 0x00, 0x34, 0xd1, 0xd7, 0x56, 0x00, 0x00, 0x46, 0xbe, 0x68, 0x00, 0x00,
    0x00, 0xad, 0xb8, 0xcf, 0x4a, 0x00, 0x00, 0x00, 0x59, 0xc3, 0x1d, 0x00, 0x00, 0x00, 0x00, 0x00,
    0xcc, 0x00, 0x00, 0x00,
};
static const lv_image_dsc_t melt_img_83 = {
    .header.magic = LV_IMAGE_HEADER_MAGIC,
    .header.cf = LV_COLOR_FORMAT_A8,
    .header.flags = 0,
    .header.w = 51,
    .header.h = 12,
    .header.stride = 51,
    .data_size = sizeof melt_img_83_px,
    .data = melt_img_83_px,
};

static const uint8_t melt_img_84_px[] __attribute__((aligned(4))) = {
    0x1a, 0xaa, 0xb6, 0xcf, 0xb6, 0xcf, 0xb6, 0xcf, 0xb6, 0xce, 0x95, 0x1e, 0xab, 0x9e, 0x5f, 0x53,
    0x5e, 0x53, 0x5e, 0x53, 0x5e, 0x54, 0xb4, 0x95, 0xb6, 0x5f, 0x00, 0x00, 0x00, 0x00, 0x00, 0x00,
    0x00, 0x00, 0x54, 0xce, 0xcf, 0x53, 0x00, 0x00, 0x00, 0x00, 0x00, 0x00, 0x00, 0x00, 0x5e, 0xb6,
    0xb6, 0x5e, 0x00, 0x00, 0x00, 0x82, 0x72, 0x00, 0x00, 0x00, 0x53, 0xcf, 0xcf, 0x53, 0x00, 0x00,
    0x85, 0xca, 0xe5, 0x75, 0x00, 0x00, 0x5e, 0xb6, 0xb6, 0x5e, 0x00, 0x81, 0xcb, 0x37, 0x31, 0xe8,
    0x71, 0x00, 0x53, 0xcf, 0xcf, 0x53, 0x00, 0x94, 0x3c, 0x00, 0x00, 0x35, 0xa7, 0x00, 0x5e, 0xb6,
    0xb6, 0x5e, 0x00, 0x00, 0x00, 0x00, 0x00, 0x00, 0x00, 0x00, 0x53, 0xcf, 0xce, 0x54, 0x00, 0x00,
    0x00, 0x00, 0x00, 0x00, 0x00, 0x00, 0x5f, 0xb6, 0x92, 0xb4, 0x54, 0x5e, 0x53, 0x5e, 0x53, 0x5e,
    0x53, 0x5f, 0x9e, 0xa6, 0x1e, 0x95, 0xce, 0xb6, 0xcf, 0xb6, 0xcf, 0xb6, 0xcf, 0xb6, 0xaa, 0x1a,
};
static const lv_image_dsc_t melt_img_84 = {
    .header.magic = LV_IMAGE_HEADER_MAGIC,
    .header.cf = LV_COLOR_FORMAT_A8,
    .header.flags = 0,
    .header.w = 12,
    .header.h = 12,
    .header.stride = 12,
    .data_size = sizeof melt_img_84_px,
    .data = melt_img_84_px,
};

static const uint8_t melt_img_85_px[] __attribute__((aligned(4))) = {
    0x1a, 0xaa, 0xb6, 0xcf, 0xb6, 0xcf, 0xb6, 0xcf, 0xb6, 0xce, 0x95, 0x1e, 0xab, 0x9e, 0x5f, 0x53,
    0x5e, 0x53, 0x5e, 0x53, 0x5e, 0x54, 0xb4, 0x95, 0xb6, 0x5f, 0x00, 0x00, 0x00, 0x00, 0x00, 0x00,
    0x00, 0x00, 0x54, 0xce, 0xcf, 0x53, 0x00, 0x00, 0x00, 0x00, 0x00, 0x00, 0x00, 0x00, 0x5e, 0xb6,
    0xb6, 0x5e, 0x00, 0xa8, 0x35, 0x00, 0x00, 0x3c, 0x93, 0x00, 0x53, 0xcf, 0xcf, 0x53, 0x00, 0x72,
    0xe7, 0x30, 0x38, 0xcc, 0x81, 0x00, 0x5e, 0xb6, 0xb6, 0x5e, 0x00, 0x00, 0x75, 0xe5, 0xca, 0x84,
    0x00, 0x00, 0x53, 0xcf, 0xcf, 0x53, 0x00, 0x00, 0x00, 0x73, 0x82, 0x00, 0x00, 0x00, 0x5e, 0xb6,
    0xb6, 0x5e, 0x00, 0x00, 0x00, 0x00, 0x00, 0x00, 0x00, 0x00, 0x53, 0xcf, 0xce, 0x54, 0x00, 0x00,
    0x00, 0x00, 0x00, 0x00, 0x00, 0x00, 0x5f, 0xb6, 0x92, 0xb4, 0x54, 0x5e, 0x53, 0x5e, 0x53, 0x5e,
    0x53, 0x5f, 0x9e, 0xa6, 0x1e, 0x95, 0xce, 0xb6, 0xcf, 0xb6, 0xcf, 0xb6, 0xcf, 0xb6, 0xaa, 0x1a,
};
static const lv_image_dsc_t melt_img_85 = {
    .header.magic = LV_IMAGE_HEADER_MAGIC,
    .header.cf = LV_COLOR_FORMAT_A8,
    .header.flags = 0,
    .header.w = 12,
    .header.h = 12,
    .header.stride = 12,
    .data_size = sizeof melt_img_85_px,
    .data = melt_img_85_px,
};

static const uint8_t melt_img_86_px[] __attribute__((aligned(4))) = {
    0x1a, 0x4b, 0x00, 0x00, 0x00, 0x00, 0x24, 0x55, 0x58, 0x92, 0x9b, 0x3d, 0x00, 0x43, 0x65, 0x73,
    0x65, 0x73, 0x65, 0x73, 0x65, 0x73, 0x65, 0x73, 0x26, 0x00, 0x00, 0x00, 0x00, 0x00, 0x00, 0xad,
    0x73, 0x00, 0x00, 0x00, 0x00, 0x00, 0x00, 0x00, 0x00, 0x00, 0x00, 0x00, 0x00, 0x00, 0x00, 0x00,
    0x00, 0x30, 0xc5, 0x4e, 0x00, 0x98, 0xcb, 0xcf, 0xa0, 0x9d, 0x76, 0x5c, 0x11, 0x00, 0x83, 0xcf,
    0x89, 0x9b, 0x89, 0x9b, 0x89, 0x9b, 0x89, 0x9b, 0xc0, 0x61, 0x00, 0x00, 0x00, 0x00, 0x00, 0x88,
    0xc0, 0xe5, 0x41, 0x00, 0x00, 0x00, 0x00, 0x00, 0x00, 0x8f, 0xcd, 0xd2, 0xb9, 0xd2, 0xb9, 0xd2,
    0xb9, 0xfe, 0x00, 0x49, 0xc1, 0x0d, 0x86, 0x97, 0x00, 0x00, 0x00, 0x00, 0x00, 0x00, 0x00, 0x95,
    0x89, 0x00, 0x00, 0x00, 0x00, 0x00, 0x00, 0x00, 0x00, 0xb3, 0x56, 0x00, 0x00, 0x00, 0x00, 0x97,
    0xc0, 0x23, 0x42, 0xe5, 0x58, 0x00, 0x00, 0x00, 0x00, 0x00, 0x7e, 0x9b, 0x00, 0x00, 0x00, 0x00,
    0x00, 0x00, 0xde, 0x00, 0x00, 0x11, 0x00, 0x98, 0xb5, 0x9b, 0x89, 0x9b, 0x89, 0x9d, 0x0d, 0x00,
    0x83, 0x9b, 0x00, 0x61, 0x7f, 0x91, 0x7f, 0x91, 0x48, 0x00, 0x9e, 0x61, 0x00, 0x00, 0x26, 0xc7,
    0xaf, 0x57, 0x4a, 0x00, 0x36, 0xdd, 0x92, 0x1b, 0x00, 0x00, 0x00, 0x8f, 0x89, 0x00, 0x00, 0x00,
    0x00, 0x00, 0x00, 0xfd, 0x17, 0x21, 0x17, 0x00, 0x86, 0xb1, 0x53, 0x5e, 0x53, 0x7a, 0xc3, 0x00,
    0x00, 0x95, 0x89, 0x00, 0x98, 0xa8, 0x77, 0x88, 0xaf, 0x92, 0x00, 0xb3, 0x56, 0x11, 0x84, 0xed,
    0x82, 0x00, 0x32, 0xda, 0x76, 0x00, 0x19, 0xad, 0xce, 0x72, 0x00, 0x00, 0x7e, 0x9b, 0x00, 0x00,
    0x00, 0x00, 0x00, 0x00, 0xde, 0xaa, 0xbc, 0xcf, 0x00, 0x9a, 0x75, 0xc3, 0x32, 0x00, 0x9f, 0x7a,
    0x00, 0x00, 0x83, 0x9b, 0x00, 0xad, 0x53, 0x00, 0x00, 0x9b, 0x80, 0x00, 0x9e, 0x61, 0x00, 0x85,
    0x31, 0x00, 0x00, 0x00, 0x1c, 0xce, 0x60, 0x00, 0x00, 0x58, 0x44, 0x00, 0x00, 0x8f, 0xb6, 0x9b,
    0x89, 0x9b, 0x89, 0x9b, 0x89, 0xfe, 0x00, 0x40, 0xb6, 0x00, 0xad, 0x58, 0x46, 0xe2, 0x89, 0xd1,
    0x00, 0x00, 0x00, 0x95, 0x89, 0x00, 0x98, 0x5e, 0x00, 0x00, 0x89, 0x92, 0x00, 0xb3, 0x56, 0x00,
    0x00, 0x5e, 0x89, 0x9b, 0x89, 0x9b, 0x8f, 0x9b, 0x89, 0x9c, 0x30, 0x00, 0x00, 0x00, 0x7e, 0xb5,
    0x53, 0x5e, 0x53, 0x5e, 0x53, 0x5e, 0xdf, 0x00, 0x38, 0xcf, 0x0d, 0xe9, 0x04, 0x00, 0x7a, 0xff,
    0x7f, 0x00, 0x00, 0x00, 0x83, 0x9b, 0x00, 0xad, 0xa0, 0x9b, 0x89, 0xcf, 0x80, 0x00, 0x9e, 0x61,
    0x00, 0x00, 0x3c, 0x72, 0x64, 0x72, 0x64, 0x72, 0x64, 0xb6, 0xc2, 0x17, 0x00, 0x00, 0x00, 0x8f,
    0x89, 0x00, 0x00, 0x00, 0x00, 0x00, 0x00, 0xfd, 0x00, 0x40, 0xb6, 0x8a, 0x9b, 0x2f, 0x9b, 0xd1,
    0x33, 0xd2, 0x90, 0x00, 0x00, 0x95, 0x89, 0x00, 0x38, 0x5e, 0x53, 0x5e, 0x53, 0x35, 0x00, 0xb3,
    0x56, 0x00, 0x00, 0x00, 0x00, 0x00, 0x00, 0x00, 0x00, 0x47, 0xcb, 0x3d, 0x00, 0x00, 0x00, 0x00,
    0x7e, 0x9b, 0x00, 0x00, 0x00, 0x00, 0x00, 0x00, 0xde, 0x00, 0x6d, 0xde, 0x72, 0x2c, 0x9e, 0x81,
    0x00, 0x00, 0x14, 0xac, 0x23, 0x00, 0x83, 0x9b, 0x00, 0x00, 0x00, 0x00, 0x00, 0x00, 0x00, 0x00,
    0x9e, 0x61, 0x00, 0x00, 0x00, 0x00, 0x00, 0x00, 0x00, 0x23, 0xc8, 0x67, 0x00, 0x00, 0x00, 0x00,
    0x00, 0x8f, 0x89, 0x00, 0x00, 0x00, 0x00, 0x00, 0x00, 0xfd, 0x98, 0xc3, 0x69, 0xd7, 0x8f, 0x75,
    0x56, 0x5e, 0x5b, 0x6f, 0x77, 0x8c, 0x00, 0x95, 0xc0, 0xb2, 0x9d, 0xb2, 0x9d, 0xb2, 0x9d, 0xb2,
    0x9d, 0xe2, 0x56, 0x00, 0x00, 0x00, 0x00, 0x00, 0x00, 0x08, 0xb5, 0x91, 0x00, 0x00, 0x00, 0x00,
    0x00, 0x00, 0x7e, 0xfe, 0xde, 0xfd, 0xde, 0xfd, 0xde, 0xfd, 0xe0, 0x75, 0x0d, 0x00, 0x0d, 0x67,
    0x86, 0x9b, 0x89, 0x9b, 0x89, 0x99, 0x67, 0x00, 0x7f, 0xb1, 0x53, 0x5e, 0x53, 0x5e, 0x53, 0x5e,
    0x53, 0x5e, 0xaa, 0x5e, 0x00, 0x00, 0x00, 0x00, 0x00, 0x00, 0x61, 0xb5, 0x00, 0x00, 0x00, 0x00,
    0x00, 0x00, 0x00, 0x75, 0x6f, 0x00, 0x00, 0x00, 0x00, 0x00, 0x00, 0xce,
};
static const lv_image_dsc_t melt_img_86 = {
    .header.magic = LV_IMAGE_HEADER_MAGIC,
    .header.cf = LV_COLOR_FORMAT_A8,
    .header.flags = 0,
    .header.w = 49,
    .header.h = 12,
    .header.stride = 49,
    .data_size = sizeof melt_img_86_px,
    .data = melt_img_86_px,
};

static const uint8_t melt_img_87_px[] __attribute__((aligned(4))) = {
    0x04, 0xa6, 0xd6, 0xe2, 0x5d, 0x00, 0x00, 0x90, 0xc6, 0xff, 0xc9, 0x79, 0x00, 0x00, 0x00, 0x00,
    0x00, 0x00, 0x00, 0x00, 0x00, 0x00, 0x00, 0x00, 0x00, 0x90, 0x76, 0x00, 0x00, 0x00, 0x00, 0x00,
    0x00, 0x00, 0x00, 0x00, 0x58, 0xe2, 0xd7, 0xa7, 0x07, 0x00, 0x39, 0xd0, 0xdc, 0xf7, 0xa3, 0x21,
    0x8c, 0xc5, 0x29, 0x61, 0xf6, 0x26, 0x00, 0x58, 0x4d, 0x13, 0x63, 0xdf, 0x46, 0x00, 0x00, 0x00,
    0x00, 0x00, 0x00, 0x00, 0x00, 0x00, 0x00, 0x00, 0x20, 0xd7, 0x3b, 0x00, 0x00, 0x00, 0x00, 0x00,
    0x00, 0x00, 0x00, 0x23, 0xf4, 0x62, 0x27, 0xca, 0x91, 0x00, 0x38, 0x5d, 0x24, 0x2e, 0xd1, 0x9a,
    0xb9, 0x86, 0x00, 0x99, 0xe0, 0x81, 0x00, 0x00, 0x00, 0x00, 0x00, 0xde, 0x58, 0x00, 0x00, 0x00,
    0x00, 0x00, 0x00, 0x00, 0x00, 0x00, 0x00, 0x00, 0x7e, 0xbf, 0x00, 0x00, 0x00, 0x00, 0x00, 0x00,
    0x00, 0x00, 0x00, 0x7c, 0xc2, 0x00, 0x2e, 0xf6, 0xbe, 0x00, 0x00, 0x00, 0x00, 0x00, 0x85, 0xcf,
    0xfb, 0x53, 0x3b, 0xc5, 0xc7, 0x89, 0x00, 0x00, 0x35, 0x53, 0x95, 0xce, 0x29, 0x00, 0x00, 0x00,
    0x00, 0x00, 0x00, 0x00, 0x00, 0x00, 0x00, 0x0b, 0xed, 0x46, 0x00, 0x00, 0x00, 0x00, 0x00, 0x00,
    0x00, 0x00, 0x00, 0x89, 0xc6, 0x00, 0xc7, 0x92, 0xfd, 0x00, 0x00, 0x00, 0x5e, 0x62, 0xe0, 0x6b,
    0xe0, 0x5e, 0xb4, 0x61, 0x8a, 0x9b, 0x00, 0x00, 0x67, 0xcf, 0xd4, 0xa1, 0x00, 0x00, 0x00, 0x00,
    0x00, 0x00, 0x00, 0x00, 0x00, 0x00, 0x00, 0x7e, 0xb7, 0x00, 0x00, 0x00, 0x00, 0x00, 0x00, 0x00,
    0x00, 0x00, 0x00, 0x9b, 0x9c, 0x6c, 0xa8, 0x5d, 0xe0, 0x00, 0x00, 0x00, 0xb6, 0xdf, 0xc0, 0x35,
    0xfd, 0x99, 0xb5, 0x00, 0xbe, 0x89, 0x00, 0x00, 0x00, 0x00, 0x21, 0xcb, 0x7a, 0x00, 0x00, 0x00,
    0x00, 0x00, 0x00, 0x00, 0x00, 0x00, 0x00, 0xc8, 0x66, 0x00, 0x00, 0x00, 0x00, 0x00, 0x00, 0x00,
    0x00, 0x00, 0x00, 0x89, 0xd1, 0xc6, 0x30, 0x52, 0xfe, 0x00, 0x00, 0x00, 0x00, 0x00, 0x99, 0xb8,
    0xbe, 0xf3, 0x21, 0x00, 0xbc, 0x89, 0x00, 0x00, 0x00, 0x00, 0x00, 0xc1, 0x89, 0x00, 0x00, 0x00,
    0x00, 0x00, 0x00, 0x00, 0x00, 0x00, 0x60, 0xe0, 0x00, 0x00, 0x00, 0x00, 0x00, 0x00, 0x00, 0x00,
    0x00, 0x00, 0x00, 0x84, 0xe0, 0x86, 0x00, 0x79, 0xc2, 0x00, 0x00, 0x00, 0x00, 0x00, 0x53, 0xfe,
    0x95, 0xbf, 0x17, 0x45, 0xfc, 0x2f, 0x00, 0x67, 0x24, 0x00, 0x4f, 0xd5, 0x7a, 0x00, 0x00, 0x00,
    0x00, 0x00, 0x00, 0x00, 0x00, 0x00, 0xd3, 0x6d, 0x00, 0x00, 0x00, 0x00, 0x00, 0x00, 0x00, 0x00,
    0x00, 0x00, 0x00, 0x2a, 0xfb, 0x4b, 0x0f, 0xb8, 0x99, 0x00, 0x5a, 0x3e, 0x00, 0x19, 0xbb, 0xb7,
    0x14, 0xc2, 0xde, 0xf4, 0x6f, 0x00, 0x00, 0xc0, 0xdd, 0xff, 0xd9, 0xa1, 0x00, 0x00, 0x00, 0x00,
    0x00, 0x00, 0x00, 0x00, 0x00, 0x58, 0xce, 0x00, 0x00, 0x00, 0x00, 0x00, 0x00, 0x00, 0x00, 0x00,
    0x00, 0x00, 0x00, 0x00, 0x6e, 0xf3, 0xde, 0xc6, 0x17, 0x00, 0x6c, 0xeb, 0xe0, 0xff, 0xb5, 0x41,
    0x00, 0x00, 0x00, 0x00, 0x00, 0x00, 0x00, 0x00, 0x00, 0x00, 0x00, 0x00, 0x00, 0x00, 0x00, 0x00,
    0x00, 0x00, 0x00, 0x00, 0x00, 0xab, 0x8d, 0x00, 0x00, 0x00, 0x00, 0x00, 0x00, 0x00, 0x00, 0x00,
    0x00, 0x00, 0x00, 0x00, 0x00, 0x00, 0x00, 0x00, 0x00, 0x00, 0x00, 0x00, 0x00, 0x00, 0x00, 0x00,
};
static const lv_image_dsc_t melt_img_87 = {
    .header.magic = LV_IMAGE_HEADER_MAGIC,
    .header.cf = LV_COLOR_FORMAT_A8,
    .header.flags = 0,
    .header.w = 48,
    .header.h = 10,
    .header.stride = 48,
    .data_size = sizeof melt_img_87_px,
    .data = melt_img_87_px,
};

static const uint8_t melt_img_88_px[] __attribute__((aligned(4))) = {
    0x00, 0x5e, 0xe0, 0xff, 0xe0, 0xff, 0xe0, 0xff, 0xe0, 0xff, 0xe0, 0xff, 0x53, 0x00, 0x00, 0x00,
    0x00, 0x00, 0x00, 0x00, 0x00, 0x00, 0x00, 0x00, 0x00, 0x00, 0x00, 0x00, 0x00, 0x53, 0xce, 0x00,
    0x00, 0x00, 0xa0, 0x47, 0x00, 0x00, 0x00, 0xb6, 0x5e, 0x00, 0x00, 0x00, 0x00, 0x00, 0x00, 0x00,
    0x00, 0x00, 0x00, 0x00, 0x00, 0x00, 0x00, 0x00, 0x00, 0x5e, 0xb6, 0x43, 0x87, 0x99, 0xc7, 0xb7,
    0x87, 0x99, 0x24, 0xcf, 0x53, 0x00, 0x00, 0x00, 0x00, 0x00, 0x00, 0x00, 0x00, 0x00, 0x00, 0x00,
    0x00, 0x00, 0x00, 0x00, 0x00, 0x53, 0xce, 0x36, 0x8c, 0x7b, 0xde, 0x99, 0x8c, 0x7b, 0x24, 0xb6,
    0x5e, 0x00, 0x00, 0x00, 0x00, 0x00, 0x00, 0x00, 0x00, 0x00, 0x00, 0x00, 0x00, 0x00, 0x00, 0x00,
    0x00, 0x5e, 0xb5, 0x00, 0x00, 0x00, 0xad, 0x65, 0x00, 0x00, 0x00, 0xcf, 0x53, 0x00, 0x00, 0x00,
    0x00, 0x00, 0x00, 0x00, 0x00, 0x00, 0x00, 0x00, 0x00, 0x00, 0x00, 0x00, 0x00, 0x53, 0xcd, 0x91,
    0xcf, 0xb6, 0xcf, 0xb6, 0xcf, 0xb6, 0x7e, 0xb6, 0x5e, 0x00, 0x47, 0xa8, 0xbe, 0xa8, 0xbe, 0xa8,
    0xbe, 0xa8, 0xbe, 0xa8, 0xbe, 0xa8, 0xbe, 0xa7, 0x00, 0x6b, 0xad, 0x00, 0x00, 0x00, 0x00, 0x00,
    0x00, 0x00, 0x00, 0xcf, 0x53, 0x00, 0x32, 0x9b, 0x89, 0x9b, 0x89, 0x9b, 0x89, 0x9b, 0x89, 0x9b,
    0x89, 0x9b, 0x89, 0x99, 0x00, 0x74, 0xac, 0x00, 0xf5, 0xd4, 0xf1, 0xd4, 0xf2, 0xaf, 0x00, 0xb6,
    0x5e, 0x00, 0x00, 0x00, 0x00, 0x00, 0x00, 0x00, 0x00, 0x00, 0x00, 0x00, 0x00, 0x00, 0x00, 0x00,
    0x00, 0xa0, 0x85, 0x00, 0xe0, 0x00, 0x00, 0x00, 0x52, 0xcf, 0x00, 0xcf, 0x53, 0x00, 0x00, 0x00,
    0x00, 0x00, 0x00, 0x00, 0x00, 0x00, 0x00, 0x00, 0x00, 0x00, 0x00, 0x00, 0x00, 0xb3, 0x65, 0x00,
    0xfe, 0x00, 0x00, 0x00, 0x5d, 0xb6, 0x00, 0xb6, 0x5e, 0x00, 0x00, 0x00, 0x00, 0x00, 0x00, 0x00,
    0x00, 0x00, 0x00, 0x00, 0x00, 0x00, 0x00, 0x00, 0x1d, 0xf8, 0x16, 0x00, 0xe0, 0xde, 0xc3, 0xde,
    0xca, 0xcf, 0x00, 0xcf, 0x53, 0x00, 0x00, 0x00, 0x00, 0x00, 0x00, 0x00, 0x00, 0x00, 0x00, 0x00,
    0x00, 0x00, 0x00, 0x00, 0x92, 0xa4, 0x00, 0x00, 0xe5, 0x00, 0x00, 0x00, 0x05, 0x00, 0x05, 0xba,
    0x5e, 0x00, 0x00, 0x00, 0x00, 0x00, 0x00, 0x00, 0x00, 0x00, 0x00, 0x00, 0x00, 0x00, 0x00, 0x00,
    0xa5, 0x48, 0x00, 0x00, 0x00, 0x00, 0x00, 0x00, 0x1d, 0xf6, 0xd7, 0xd1, 0x26, 0x00, 0x00, 0x00,
    0x00, 0x00, 0x00, 0x00, 0x00, 0x00, 0x00, 0x00, 0x00, 0x00, 0x00, 0x00,
};
static const lv_image_dsc_t melt_img_88 = {
    .header.magic = LV_IMAGE_HEADER_MAGIC,
    .header.cf = LV_COLOR_FORMAT_A8,
    .header.flags = 0,
    .header.w = 28,
    .header.h = 13,
    .header.stride = 28,
    .data_size = sizeof melt_img_88_px,
    .data = melt_img_88_px,
};

static const uint8_t melt_img_89_px[] __attribute__((aligned(4))) = {
    0x00, 0x5e, 0xe0, 0xff, 0xe0, 0xff, 0xe0, 0xff, 0xe0, 0xff, 0xe0, 0xff, 0x67, 0x00, 0x00, 0x00,
    0x00, 0x00, 0x00, 0x00, 0x00, 0x00, 0x00, 0x00, 0x00, 0x00, 0x00, 0x00, 0x00, 0x53, 0xce, 0x00,
    0x00, 0x00, 0x8e, 0x5a, 0x00, 0x00, 0x00, 0xaf, 0x75, 0x00, 0x00, 0x00, 0x8f, 0x95, 0xa9, 0x95,
    0xa9, 0x95, 0xa9, 0x95, 0xa9, 0x95, 0x86, 0x00, 0x00, 0x5e, 0xb6, 0x3e, 0x87, 0x99, 0xbe, 0xc2,
    0x87, 0x99, 0x2f, 0xc6, 0x67, 0x00, 0x00, 0x00, 0x73, 0x9b, 0x89, 0x9b, 0x89, 0x9b, 0x89, 0x9b,
    0x89, 0x9b, 0x6c, 0x00, 0x00, 0x53, 0xce, 0x31, 0x8c, 0x7b, 0xd3, 0xa4, 0x8c, 0x7b, 0x30, 0xaf,
    0x75, 0x00, 0x00, 0x00, 0x00, 0x00, 0x00, 0x00, 0x00, 0x00, 0x00, 0x00, 0x00, 0x00, 0x00, 0x00,
    0x00, 0x5e, 0xb6, 0x00, 0x00, 0x00, 0x9a, 0x7e, 0x00, 0x00, 0x00, 0xc6, 0x67, 0x00, 0x00, 0x00,
    0x00, 0x00, 0x00, 0x00, 0x00, 0x00, 0x00, 0x00, 0x00, 0x00, 0x00, 0x00, 0x00, 0x53, 0xce, 0x8f,
    0xcf, 0xb6, 0xcf, 0xb6, 0xcf, 0xb6, 0x7e, 0xaf, 0x75, 0x00, 0x00, 0x00, 0x00, 0x00, 0x00, 0x00,
    0x00, 0x00, 0x00, 0x00, 0x00, 0x00, 0x00, 0x00, 0x00, 0x68, 0xb1, 0x00, 0x00, 0x00, 0x00, 0x00,
    0x00, 0x00, 0x00, 0xc6, 0x67, 0x00, 0x00, 0x00, 0x00, 0x00, 0x00, 0x00, 0x00, 0x00, 0x00, 0x00,
    0x00, 0x00, 0x00, 0x00, 0x00, 0x70, 0xb3, 0x00, 0xed, 0xd4, 0xf1, 0xd4, 0xf2, 0xb3, 0x00, 0xaf,
    0x75, 0x00, 0x00, 0x00, 0x00, 0x00, 0x00, 0x00, 0x00, 0x00, 0x00, 0x00, 0x00, 0x00, 0x00, 0x00,
    0x00, 0xa0, 0x86, 0x00, 0xd9, 0x00, 0x00, 0x00, 0x45, 0xd5, 0x00, 0xc6, 0x67, 0x00, 0x00, 0x00,
    0x00, 0x00, 0x00, 0x00, 0x00, 0x00, 0x00, 0x00, 0x00, 0x00, 0x00, 0x00, 0x00, 0xb2, 0x69, 0x00,
    0xf7, 0x00, 0x00, 0x00, 0x4f, 0xbb, 0x00, 0xaf, 0x75, 0x00, 0x00, 0x00, 0x00, 0x00, 0x00, 0x00,
    0x00, 0x00, 0x00, 0x00, 0x00, 0x00, 0x00, 0x00, 0x1d, 0xf9, 0x1a, 0x00, 0xd9, 0xde, 0xc3, 0xde,
    0xc8, 0xd5, 0x00, 0xc6, 0x67, 0x00, 0x00, 0xcf, 0xb6, 0xcf, 0xb6, 0xcf, 0xb6, 0xcf, 0xb6, 0xcf,
    0xb6, 0xcf, 0xb6, 0xcb, 0x91, 0xa5, 0x00, 0x00, 0xdf, 0x00, 0x00, 0x00, 0x05, 0x00, 0x05, 0xb3,
    0x71, 0x00, 0x00, 0x5a, 0x67, 0x5a, 0x67, 0x5a, 0x67, 0x5a, 0x67, 0x5a, 0x67, 0x5a, 0x67, 0x58,
    0xa5, 0x4a, 0x00, 0x00, 0x00, 0x00, 0x00, 0x00, 0x11, 0xf0, 0xd7, 0xd8, 0x2f, 0x00, 0x00, 0x00,
    0x00, 0x00, 0x00, 0x00, 0x00, 0x00, 0x00, 0x00, 0x00, 0x00, 0x00, 0x00,
};
static const lv_image_dsc_t melt_img_89 = {
    .header.magic = LV_IMAGE_HEADER_MAGIC,
    .header.cf = LV_COLOR_FORMAT_A8,
    .header.flags = 0,
    .header.w = 28,
    .header.h = 13,
    .header.stride = 28,
    .data_size = sizeof melt_img_89_px,
    .data = melt_img_89_px,
};

static const uint8_t melt_img_90_px[] __attribute__((aligned(4))) = {
    0x00, 0x5d, 0xe0, 0xff, 0xe0, 0xff, 0xe0, 0xff, 0xe0, 0xff, 0xe0, 0xff, 0x80, 0x00, 0x00, 0x00,
    0x53, 0x5e, 0x53, 0x5e, 0x53, 0x5e, 0x53, 0x5e, 0x53, 0x5e, 0x53, 0x1e, 0x00, 0x52, 0xcf, 0x00,
    0x00, 0x00, 0x7e, 0x67, 0x00, 0x00, 0x00, 0x98, 0x92, 0x00, 0x00, 0x00, 0xce, 0xb6, 0xce, 0xb6,
    0xce, 0xb6, 0xce, 0xb6, 0xce, 0xb6, 0xce, 0x3a, 0x00, 0x5d, 0xb6, 0x38, 0x87, 0x99, 0xb6, 0xca,
    0x87, 0x99, 0x31, 0xac, 0x80, 0x00, 0x00, 0x00, 0x00, 0x00, 0x00, 0x00, 0x00, 0x00, 0x00, 0x00,
    0x00, 0x00, 0x00, 0x00, 0x00, 0x52, 0xcf, 0x2e, 0x8c, 0x7b, 0xc9, 0xac, 0x8c, 0x7b, 0x34, 0x98,
    0x92, 0x00, 0x00, 0x00, 0x00, 0x00, 0x00, 0x00, 0x00, 0x00, 0x00, 0x00, 0x00, 0x00, 0x00, 0x00,
    0x00, 0x5d, 0xb6, 0x00, 0x00, 0x00, 0x89, 0x92, 0x00, 0x00, 0x00, 0xac, 0x80, 0x00, 0x00, 0x00,
    0x00, 0x00, 0x00, 0x00, 0x00, 0x00, 0x00, 0x00, 0x00, 0x00, 0x00, 0x00, 0x00, 0x52, 0xcf, 0x8c,
    0xcf, 0xb6, 0xcf, 0xb6, 0xcf, 0xb6, 0x9c, 0x98, 0x92, 0x00, 0x00, 0x00, 0x0a, 0x6f, 0x7e, 0x6f,
    0x7e, 0x6f, 0x7e, 0x6f, 0x7e, 0x6f, 0x00, 0x00, 0x00, 0x63, 0xb5, 0x00, 0x00, 0x00, 0x00, 0x00,
    0x00, 0x00, 0x00, 0xac, 0x80, 0x00, 0x00, 0x00, 0x0b, 0xb9, 0xa3, 0xb9, 0xa3, 0xb9, 0xa3, 0xb9,
    0xa3, 0xb9, 0x00, 0x00, 0x00, 0x6c, 0xb9, 0x00, 0xe4, 0xd4, 0xf1, 0xd4, 0xf1, 0xc0, 0x00, 0x98,
    0x92, 0x00, 0x00, 0x00, 0x00, 0x00, 0x00, 0x00, 0x00, 0x00, 0x00, 0x00, 0x00, 0x00, 0x00, 0x00,
    0x00, 0x9f, 0x86, 0x00, 0xd1, 0x00, 0x00, 0x00, 0x17, 0xe3, 0x00, 0xac, 0x80, 0x00, 0x00, 0x00,
    0x00, 0x00, 0x00, 0x00, 0x00, 0x00, 0x00, 0x00, 0x00, 0x00, 0x00, 0x00, 0x00, 0xb1, 0x6d, 0x00,
    0xed, 0x00, 0x00, 0x00, 0x1b, 0xc8, 0x00, 0x98, 0x92, 0x00, 0x00, 0x00, 0x00, 0x00, 0x00, 0x00,
    0x00, 0x00, 0x00, 0x00, 0x00, 0x00, 0x00, 0x00, 0x1c, 0xf9, 0x1f, 0x00, 0xd1, 0xde, 0xc3, 0xde,
    0xc4, 0xe3, 0x00, 0xac, 0x80, 0x00, 0x00, 0x50, 0x53, 0x5e, 0x53, 0x5e, 0x53, 0x5e, 0x53, 0x5e,
    0x53, 0x5e, 0x53, 0x5d, 0x90, 0xa7, 0x00, 0x00, 0xd7, 0x00, 0x00, 0x00, 0x00, 0x04, 0x00, 0x9e,
    0x90, 0x00, 0x00, 0x9b, 0xcf, 0xb6, 0xcf, 0xb6, 0xcf, 0xb6, 0xcf, 0xb6, 0xcf, 0xb6, 0xcf, 0xb5,
    0xa5, 0x4d, 0x00, 0x00, 0x00, 0x00, 0x00, 0x00, 0x07, 0xe6, 0xd8, 0xdb, 0x3e, 0x00, 0x00, 0x00,
    0x00, 0x00, 0x00, 0x00, 0x00, 0x00, 0x00, 0x00, 0x00, 0x00, 0x00, 0x00,
};
static const lv_image_dsc_t melt_img_90 = {
    .header.magic = LV_IMAGE_HEADER_MAGIC,
    .header.cf = LV_COLOR_FORMAT_A8,
    .header.flags = 0,
    .header.w = 28,
    .header.h = 13,
    .header.stride = 28,
    .data_size = sizeof melt_img_90_px,
    .data = melt_img_90_px,
};

static const uint8_t melt_img_91_px[] __attribute__((aligned(4))) = {
    0x00, 0x5b, 0xe0, 0xff, 0xe0, 0xff, 0xe0, 0xff, 0xe0, 0xff, 0xe0, 0xff, 0x98, 0x00, 0x00, 0x34,
    0x7c, 0x8d, 0x7c, 0x8d, 0x7c, 0x8d, 0x7c, 0x8d, 0x7c, 0x8d, 0x7c, 0x8a, 0x00, 0x50, 0xcf, 0x00,
    0x00, 0x00, 0x7d, 0x6f, 0x00, 0x00, 0x00, 0x82, 0xad, 0x00, 0x00, 0x53, 0xe9, 0x89, 0x9b, 0xa5,
    0xe5, 0x89, 0xa6, 0xd2, 0x9b, 0x89, 0xa6, 0xdd, 0x00, 0x5b, 0xb6, 0x38, 0x87, 0x99, 0xb6, 0xce,
    0x87, 0x99, 0x4b, 0x94, 0x98, 0x00, 0x00, 0x5e, 0xb9, 0x00, 0x00, 0x74, 0xaf, 0x00, 0x2b, 0xde,
    0x00, 0x00, 0x2a, 0xfb, 0x00, 0x50, 0xcf, 0x2e, 0x8c, 0x7b, 0xc8, 0xb1, 0x8c, 0x7b, 0x4f, 0x82,
    0xad, 0x00, 0x00, 0x53, 0xd2, 0x00, 0x00, 0x72, 0xb9, 0x00, 0x31, 0xc4, 0x00, 0x00, 0x30, 0xdd,
    0x00, 0x5b, 0xb6, 0x00, 0x00, 0x00, 0x87, 0x9b, 0x00, 0x00, 0x00, 0x94, 0x98, 0x00, 0x00, 0x5e,
    0xb9, 0x00, 0x00, 0x99, 0x89, 0x00, 0x2b, 0xde, 0x00, 0x00, 0x2a, 0xfb, 0x00, 0x51, 0xcf, 0x83,
    0xcf, 0xb6, 0xcf, 0xb6, 0xcf, 0xb6, 0xa8, 0x82, 0xad, 0x00, 0x00, 0x53, 0xd2, 0x00, 0x00, 0xac,
    0x7a, 0x00, 0x31, 0xc4, 0x00, 0x00, 0x30, 0xdd, 0x00, 0x5e, 0xb6, 0x00, 0x00, 0x00, 0x00, 0x00,
    0x00, 0x00, 0x00, 0x94, 0x98, 0x00, 0x00, 0x5e, 0xb9, 0x00, 0x28, 0xf8, 0x29, 0x00, 0x29, 0xe8,
    0x07, 0x08, 0x2d, 0xfb, 0x00, 0x65, 0xc2, 0x00, 0xd5, 0xd4, 0xf1, 0xd4, 0xf1, 0xd7, 0x00, 0x82,
    0xad, 0x00, 0x00, 0x53, 0xd2, 0x1f, 0xd5, 0x90, 0x00, 0x00, 0x08, 0xac, 0xd4, 0xba, 0xb3, 0xdd,
    0x00, 0x9c, 0x8c, 0x00, 0xc2, 0x2f, 0x00, 0x00, 0x00, 0xfe, 0x00, 0x94, 0x98, 0x00, 0x00, 0x5e,
    0xb9, 0xcb, 0x96, 0x08, 0x00, 0x00, 0x00, 0x00, 0x00, 0x00, 0x2a, 0xfb, 0x00, 0xae, 0x74, 0x00,
    0xdd, 0x29, 0x00, 0x00, 0x00, 0xe0, 0x00, 0x82, 0xad, 0x00, 0x00, 0x53, 0xd2, 0x0f, 0x00, 0x00,
    0x00, 0x00, 0x00, 0x00, 0x00, 0x00, 0x30, 0xdd, 0x19, 0xf8, 0x26, 0x00, 0xc2, 0xe1, 0xc3, 0xde,
    0xc3, 0xff, 0x00, 0x94, 0x98, 0x00, 0x00, 0x5e, 0xd7, 0xcf, 0xb6, 0xcf, 0xb6, 0xcf, 0xb6, 0xcf,
    0xb6, 0xcf, 0xbb, 0xfb, 0x8e, 0xad, 0x00, 0x00, 0xc8, 0x25, 0x00, 0x00, 0x00, 0x04, 0x00, 0x87,
    0xaa, 0x00, 0x00, 0x53, 0xde, 0x53, 0x5e, 0x53, 0x5e, 0x53, 0x5e, 0x53, 0x5e, 0x53, 0x72, 0xdd,
    0xa5, 0x51, 0x00, 0x00, 0x00, 0x00, 0x00, 0x00, 0x00, 0xd5, 0xd9, 0xe1, 0x5c, 0x00, 0x00, 0x34,
    0x67, 0x00, 0x00, 0x00, 0x00, 0x00, 0x00, 0x00, 0x00, 0x00, 0x11, 0x63,
};
static const lv_image_dsc_t melt_img_91 = {
    .header.magic = LV_IMAGE_HEADER_MAGIC,
    .header.cf = LV_COLOR_FORMAT_A8,
    .header.flags = 0,
    .header.w = 28,
    .header.h = 13,
    .header.stride = 28,
    .data_size = sizeof melt_img_91_px,
    .data = melt_img_91_px,
};

static const uint8_t melt_img_92_px[] __attribute__((aligned(4))) = {
    0x00, 0x5e, 0xe0, 0xff, 0xe0, 0xff, 0xe0, 0xff, 0xe0, 0xff, 0xe0, 0xff, 0x67, 0x00, 0x00, 0x13,
    0x53, 0x5e, 0x53, 0x5e, 0x53, 0x5e, 0x53, 0x5e, 0x53, 0x5e, 0x4e, 0x00, 0x00, 0x53, 0xce, 0x00,
    0x00, 0x00, 0x8e, 0x5a, 0x00, 0x00, 0x00, 0xaf, 0x75, 0x00, 0x00, 0x26, 0xce, 0xb6, 0xce, 0xb6,
    0xfc, 0xc0, 0xce, 0xb6, 0xce, 0xb6, 0xc2, 0x00, 0x00, 0x5e, 0xb6, 0x3e, 0x87, 0x99, 0xbe, 0xc2,
    0x87, 0x99, 0x2f, 0xc6, 0x67, 0x00, 0x00, 0x00, 0x00, 0x00, 0x00, 0x05, 0xe0, 0x29, 0x00, 0x00,
    0x00, 0x00, 0x00, 0x00, 0x00, 0x53, 0xce, 0x31, 0x8c, 0x7b, 0xd3, 0xa4, 0x8c, 0x7b, 0x30, 0xaf,
    0x75, 0x00, 0x00, 0x00, 0x00, 0x00, 0x00, 0x37, 0xf6, 0x00, 0x00, 0x00, 0x00, 0x00, 0x00, 0x00,
    0x00, 0x5e, 0xb6, 0x00, 0x00, 0x00, 0x9a, 0x7e, 0x00, 0x00, 0x00, 0xc6, 0x67, 0x00, 0x00, 0x00,
    0x00, 0x00, 0x00, 0x63, 0xba, 0x00, 0x00, 0x00, 0x00, 0x00, 0x00, 0x00, 0x00, 0x53, 0xce, 0x8f,
    0xcf, 0xb6, 0xcf, 0xb6, 0xcf, 0xb6, 0x7e, 0xaf, 0x75, 0x00, 0x00, 0x00, 0x5e, 0xe0, 0xff, 0xe0,
    0xff, 0xe0, 0xff, 0xe0, 0xff, 0x86, 0x00, 0x00, 0x00, 0x68, 0xb1, 0x00, 0x00, 0x00, 0x00, 0x00,
    0x00, 0x00, 0x00, 0xc6, 0x67, 0x00, 0x00, 0x00, 0x04, 0x0a, 0x09, 0xb0, 0x86, 0x0a, 0x09, 0x0a,
    0xaf, 0x82, 0x00, 0x00, 0x00, 0x70, 0xb3, 0x00, 0xed, 0xd4, 0xf1, 0xd4, 0xf2, 0xb3, 0x00, 0xaf,
    0x75, 0x00, 0x00, 0x00, 0x00, 0x00, 0x00, 0xb8, 0x66, 0x00, 0x00, 0x00, 0xce, 0x5a, 0x00, 0x00,
    0x00, 0xa0, 0x86, 0x00, 0xd9, 0x00, 0x00, 0x00, 0x45, 0xd5, 0x00, 0xc6, 0x67, 0x00, 0x00, 0x00,
    0x00, 0x00, 0x00, 0xf7, 0x32, 0x00, 0x00, 0x00, 0xc0, 0x5c, 0x00, 0x00, 0x00, 0xb2, 0x69, 0x00,
    0xf7, 0x00, 0x00, 0x00, 0x4f, 0xbb, 0x00, 0xaf, 0x75, 0x00, 0x00, 0x00, 0x00, 0x00, 0x39, 0xd9,
    0x00, 0x00, 0x00, 0x00, 0xfc, 0x28, 0x00, 0x00, 0x1d, 0xf9, 0x1a, 0x00, 0xd9, 0xde, 0xc3, 0xde,
    0xc8, 0xd5, 0x00, 0xc6, 0x67, 0x00, 0x00, 0x00, 0x00, 0x00, 0x61, 0xd1, 0x00, 0x00, 0x00, 0x11,
    0xe0, 0x00, 0x00, 0x00, 0x91, 0xa5, 0x00, 0x00, 0xdf, 0x00, 0x00, 0x00, 0x05, 0x00, 0x05, 0xb3,
    0x71, 0x00, 0x00, 0xe0, 0xff, 0xe0, 0xff, 0xe0, 0xff, 0xe0, 0xff, 0xe0, 0xff, 0xe0, 0xff, 0xde,
    0xa5, 0x4a, 0x00, 0x00, 0x00, 0x00, 0x00, 0x00, 0x11, 0xf0, 0xd7, 0xd8, 0x2f, 0x00, 0x00, 0x00,
    0x00, 0x00, 0x00, 0x00, 0x00, 0x00, 0x00, 0x00, 0x00, 0x00, 0x00, 0x00,
};
static const lv_image_dsc_t melt_img_92 = {
    .header.magic = LV_IMAGE_HEADER_MAGIC,
    .header.cf = LV_COLOR_FORMAT_A8,
    .header.flags = 0,
    .header.w = 28,
    .header.h = 13,
    .header.stride = 28,
    .data_size = sizeof melt_img_92_px,
    .data = melt_img_92_px,
};

static const uint8_t melt_img_93_px[] __attribute__((aligned(4))) = {
    0x00, 0x33, 0x75, 0x85, 0x75, 0x85, 0x75, 0x85, 0x75, 0x85, 0x75, 0x78, 0x00, 0x00, 0x00, 0x00,
    0x00, 0x00, 0x00, 0x8c, 0x96, 0x00, 0x00, 0x00, 0x00, 0x00, 0x00, 0x00, 0x55, 0xdc, 0x89, 0x9b,
    0x89, 0xc6, 0x8a, 0x9b, 0x89, 0xa6, 0xca, 0x00, 0x00, 0x00, 0x00, 0x00, 0x00, 0x00, 0x33, 0xf8,
    0x26, 0x00, 0x00, 0x00, 0x00, 0x00, 0x00, 0x60, 0xa1, 0x00, 0x00, 0x00, 0xc5, 0x1b, 0x00, 0x00,
    0x2d, 0xe5, 0x00, 0x00, 0x00, 0x00, 0x00, 0x00, 0x00, 0x00, 0xa9, 0x9b, 0x00, 0x00, 0x00, 0x00,
    0x00, 0x00, 0x55, 0xb7, 0x74, 0xde, 0xc4, 0xfa, 0xc5, 0xde, 0x9f, 0x33, 0xca, 0x00, 0x00, 0x41,
    0x53, 0x5e, 0x53, 0x5e, 0x53, 0x7c, 0x5e, 0x5e, 0x53, 0x5e, 0x53, 0x50, 0x00, 0x60, 0xa1, 0x00,
    0x00, 0x00, 0xc5, 0x1b, 0x00, 0x00, 0x2d, 0xe5, 0x00, 0x00, 0x79, 0xc8, 0xb0, 0xc8, 0xb0, 0xc8,
    0xb0, 0xc8, 0xb0, 0xc8, 0xb0, 0xc8, 0x95, 0x00, 0x55, 0xb6, 0x8c, 0xc0, 0xa9, 0xf5, 0xab, 0xc0,
    0xa9, 0x60, 0xca, 0x00, 0x00, 0x00, 0x00, 0x00, 0x00, 0x00, 0x00, 0x00, 0x00, 0x00, 0x00, 0x00,
    0x00, 0x00, 0x00, 0x6e, 0x9b, 0x40, 0x43, 0x4d, 0x43, 0x4d, 0x43, 0x4d, 0x39, 0xe5, 0x00, 0x00,
    0x00, 0x00, 0x00, 0x38, 0x7b, 0x00, 0x00, 0x00, 0x7b, 0x55, 0x00, 0x00, 0x00, 0x00, 0x82, 0x9e,
    0x14, 0xb4, 0x9e, 0xb4, 0x9e, 0xb4, 0x58, 0x33, 0xca, 0x00, 0x00, 0x00, 0x00, 0x00, 0x9b, 0xb4,
    0x00, 0x00, 0x00, 0x6f, 0xcb, 0x1e, 0x00, 0x00, 0x00, 0xa0, 0x7a, 0x21, 0xc0, 0x58, 0x4d, 0x58,
    0x9e, 0x8c, 0x2d, 0xe5, 0x00, 0x00, 0x00, 0x00, 0x3d, 0xf8, 0x2d, 0x00, 0x00, 0x00, 0x00, 0xbe,
    0x9a, 0x00, 0x00, 0x00, 0xb6, 0x5d, 0x1d, 0xcf, 0x00, 0x00, 0x00, 0x9a, 0x7b, 0x33, 0xca, 0x00,
    0x00, 0x00, 0x00, 0xd3, 0x89, 0x00, 0x00, 0x00, 0x00, 0x00, 0x23, 0xf0, 0x57, 0x00, 0x1c, 0xf5,
    0x0b, 0x21, 0xd6, 0xce, 0xb5, 0xce, 0xcb, 0x8c, 0x2d, 0xe5, 0x00, 0x00, 0x00, 0x92, 0xc7, 0x13,
    0x00, 0x00, 0x00, 0x00, 0x00, 0x00, 0x6c, 0xea, 0x17, 0x8f, 0xa0, 0x00, 0x1c, 0xc7, 0x00, 0x00,
    0x00, 0x00, 0x00, 0x38, 0xc8, 0x00, 0x00, 0x5b, 0xdd, 0x52, 0x00, 0x00, 0x00, 0x00, 0x00, 0x00,
    0x00, 0x00, 0xb6, 0xa4, 0xa8, 0x43, 0x00, 0x00, 0x00, 0x00, 0x00, 0x00, 0x65, 0xfa, 0xd4, 0x9a,
    0x00, 0x00, 0x65, 0x81, 0x00, 0x00, 0x00, 0x00, 0x00, 0x00, 0x00, 0x00, 0x00, 0x4e, 0x7b,
};
static const lv_image_dsc_t melt_img_93 = {
    .header.magic = LV_IMAGE_HEADER_MAGIC,
    .header.cf = LV_COLOR_FORMAT_A8,
    .header.flags = 0,
    .header.w = 27,
    .header.h = 13,
    .header.stride = 27,
    .data_size = sizeof melt_img_93_px,
    .data = melt_img_93_px,
};

static const uint8_t melt_img_94_px[] __attribute__((aligned(4))) = {
    0x00, 0x59, 0xe0, 0xff, 0xe0, 0xff, 0xe0, 0xff, 0xe0, 0xff, 0xe0, 0xff, 0xb2, 0x00, 0x00, 0x00,
    0x00, 0xa9, 0xb4, 0xcd, 0xb4, 0xcd, 0xb4, 0xcd, 0xb4, 0xcd, 0xb2, 0x00, 0x4e, 0xcf, 0x00, 0x00,
    0x00, 0x7a, 0x74, 0x00, 0x00, 0x00, 0x69, 0xca, 0x00, 0x00, 0x00, 0x00, 0xba, 0x8d, 0x53, 0x5e,
    0x53, 0x5e, 0x53, 0x5e, 0x65, 0xfd, 0x00, 0x59, 0xb6, 0x35, 0x87, 0x99, 0xb4, 0xd2, 0x87, 0x99,
    0x51, 0x78, 0xb2, 0x00, 0x00, 0x00, 0x00, 0xd4, 0x53, 0x00, 0x00, 0x00, 0x00, 0x00, 0x00, 0x34,
    0xde, 0x00, 0x4e, 0xcf, 0x2a, 0x8c, 0x7b, 0xc6, 0xb4, 0x8c, 0x7b, 0x53, 0x69, 0xca, 0x00, 0x00,
    0x00, 0x00, 0xba, 0x5e, 0x00, 0x00, 0x00, 0x00, 0x00, 0x00, 0x2e, 0xfd, 0x00, 0x59, 0xb6, 0x00,
    0x00, 0x00, 0x85, 0xa2, 0x00, 0x00, 0x00, 0x78, 0xb2, 0x00, 0x00, 0x00, 0x00, 0xd4, 0x53, 0x00,
    0x00, 0x00, 0x00, 0x00, 0x00, 0x34, 0xde, 0x00, 0x50, 0xcf, 0x7c, 0xcf, 0xb6, 0xcf, 0xb6, 0xcf,
    0xb6, 0xba, 0x69, 0xca, 0x00, 0x00, 0x00, 0x00, 0xba, 0xb5, 0x89, 0x9b, 0x89, 0x9b, 0x89, 0x9b,
    0x92, 0xfd, 0x00, 0x5e, 0xb6, 0x00, 0x00, 0x00, 0x00, 0x00, 0x00, 0x00, 0x00, 0x78, 0xb2, 0x00,
    0x00, 0x00, 0x00, 0xd4, 0xa0, 0x9b, 0x89, 0x9b, 0x89, 0x9b, 0x89, 0xa6, 0xde, 0x00, 0x62, 0xc6,
    0x00, 0xcf, 0xd5, 0xf1, 0xd4, 0xf1, 0xd7, 0x1e, 0x69, 0xca, 0x00, 0x00, 0x00, 0x00, 0xba, 0x5e,
    0x00, 0x00, 0x00, 0x00, 0x00, 0x00, 0x2e, 0xfd, 0x00, 0x99, 0x90, 0x00, 0xbe, 0x4e, 0x00, 0x00,
    0x00, 0xf6, 0x1c, 0x78, 0xb2, 0x00, 0x00, 0x00, 0x00, 0xd4, 0x53, 0x00, 0x00, 0x00, 0x00, 0x00,
    0x00, 0x34, 0xde, 0x00, 0xad, 0x78, 0x00, 0xd8, 0x44, 0x00, 0x00, 0x00, 0xd9, 0x20, 0x69, 0xca,
    0x00, 0x00, 0x00, 0x00, 0xba, 0x5e, 0x00, 0x00, 0x00, 0x00, 0x00, 0x00, 0x2e, 0xfd, 0x17, 0xf7,
    0x2a, 0x00, 0xbe, 0xe4, 0xc3, 0xde, 0xc3, 0xfe, 0x1c, 0x78, 0xb2, 0x00, 0x00, 0x00, 0x00, 0xd4,
    0x7c, 0x5e, 0x53, 0x5e, 0x53, 0x5e, 0x53, 0x73, 0xde, 0x8d, 0xaf, 0x00, 0x00, 0xc2, 0x3e, 0x00,
    0x00, 0x00, 0x07, 0x00, 0x71, 0xca, 0x00, 0x00, 0x00, 0x00, 0xba, 0xdb, 0xb6, 0xcf, 0xb6, 0xcf,
    0xb6, 0xcf, 0xbb, 0xfd, 0xa4, 0x53, 0x00, 0x00, 0x00, 0x00, 0x00, 0x00, 0x00, 0xc6, 0xd9, 0xe5,
    0x6c, 0x00, 0x00, 0x00, 0x00, 0xac, 0x43, 0x00, 0x00, 0x00, 0x00, 0x00, 0x00, 0x27, 0xad,
};
static const lv_image_dsc_t melt_img_94 = {
    .header.magic = LV_IMAGE_HEADER_MAGIC,
    .header.cf = LV_COLOR_FORMAT_A8,
    .header.flags = 0,
    .header.w = 27,
    .header.h = 13,
    .header.stride = 27,
    .data_size = sizeof melt_img_94_px,
    .data = melt_img_94_px,
};

static const uint8_t melt_img_95_px[] __attribute__((aligned(4))) = {
    0x00, 0x00, 0x00, 0x9a, 0x81, 0x00, 0x00, 0x00, 0xb4, 0x5c, 0x00, 0x00, 0x00, 0x00, 0x00, 0x5e,
    0x53, 0x5e, 0x53, 0x5e, 0x53, 0x5e, 0x53, 0x5e, 0x53, 0x4d, 0x00, 0x00, 0x80, 0x97, 0x85, 0x97,
    0x85, 0x97, 0x31, 0x73, 0x65, 0x73, 0x65, 0x73, 0x24, 0x00, 0x1d, 0x37, 0x30, 0x37, 0x30, 0x37,
    0x30, 0x37, 0x30, 0x37, 0x30, 0x35, 0xc2, 0xd2, 0xee, 0xd9, 0xf6, 0xd2, 0xee, 0xd2, 0xfb, 0xd5,
    0xee, 0xd2, 0xa5, 0x00, 0x00, 0xb6, 0xcf, 0xb6, 0xcf, 0xb6, 0xcf, 0xb6, 0xf3, 0xc1, 0xcf, 0x94,
    0x00, 0x00, 0x8d, 0x81, 0xda, 0xa3, 0xc2, 0x81, 0x35, 0x88, 0x9b, 0x89, 0x9b, 0xcb, 0x5c, 0x00,
    0x9c, 0xcc, 0xd5, 0xbb, 0xd5, 0xbb, 0xd5, 0xbb, 0xd5, 0xbb, 0xd5, 0xde, 0x00, 0x00, 0x00, 0x7e,
    0x68, 0x00, 0x00, 0x11, 0x93, 0x4b, 0x00, 0x00, 0x00, 0x00, 0x00, 0x00, 0x78, 0x38, 0x00, 0x00,
    0x00, 0x00, 0xb6, 0x5e, 0x00, 0x00, 0x00, 0x00, 0x00, 0x00, 0xa1, 0x75, 0x78, 0x00, 0x00, 0x00,
    0x00, 0x00, 0x00, 0xcd, 0x51, 0x00, 0x89, 0x8e, 0x00, 0x00, 0x19, 0x33, 0x00, 0x00, 0x14, 0x21,
    0x00, 0xfd, 0x00, 0x43, 0x1b, 0x44, 0xac, 0x00, 0x00, 0xaa, 0x69, 0x00, 0x00, 0x00, 0x00, 0x00,
    0x00, 0x00, 0xf0, 0x17, 0x00, 0x00, 0x00, 0x00, 0xcf, 0x53, 0x00, 0x00, 0x00, 0x00, 0x88, 0xba,
    0xef, 0xc7, 0xe6, 0xba, 0x00, 0x00, 0x00, 0x00, 0x00, 0xb4, 0x5c, 0x00, 0x9c, 0x7d, 0x34, 0x00,
    0x60, 0xa5, 0x2f, 0x00, 0x5e, 0xa3, 0x00, 0xde, 0x00, 0xcf, 0x3e, 0x5e, 0xb6, 0x00, 0x20, 0xf9,
    0xc3, 0xdc, 0xc2, 0xdc, 0x0d, 0x00, 0x00, 0x4a, 0xbc, 0x00, 0x00, 0x00, 0x00, 0x00, 0xb6, 0x5e,
    0x00, 0x00, 0x00, 0x00, 0x8f, 0x5e, 0x89, 0x83, 0x4f, 0xcf, 0x00, 0x00, 0x00, 0x00, 0x00, 0xcd,
    0x51, 0x00, 0x89, 0x8f, 0xbd, 0x4f, 0x83, 0x8f, 0xbc, 0x55, 0x80, 0x90, 0x00, 0xfd, 0x00, 0xb6,
    0x47, 0x53, 0xcf, 0x00, 0x96, 0x92, 0x59, 0x71, 0x00, 0x00, 0x00, 0x00, 0x00, 0x7e, 0xc6, 0x67,
    0x75, 0x67, 0x75, 0x67, 0xe0, 0x89, 0x75, 0x67, 0x41, 0x00, 0xa3, 0x53, 0xa0, 0x73, 0x5a, 0xb6,
    0x00, 0xcc, 0xeb, 0xce, 0xeb, 0xdb, 0x5c, 0x00, 0x9c, 0x7d, 0x46, 0xc3, 0xd5, 0x45, 0x41, 0xc5,
    0xce, 0x48, 0x00, 0xde, 0x00, 0xcf, 0x3e, 0x5e, 0xb6, 0x37, 0xce, 0x2c, 0x17, 0xe0, 0x42, 0x00,
    0x00, 0x00, 0x00, 0x7c, 0x8c, 0xa0, 0x8c, 0xa0, 0x94, 0xfe, 0xd9, 0xb9, 0x8c, 0xa0, 0x4e, 0x00,
    0x8f, 0x70, 0x98, 0x83, 0x51, 0xd5, 0x00, 0xfc, 0x00, 0x00, 0x00, 0xcd, 0x51, 0x00, 0x89, 0x8e,
    0x00, 0x88, 0xd4, 0x00, 0x00, 0x89, 0xd6, 0x00, 0x00, 0xfd, 0x00, 0x91, 0x38, 0x53, 0xcf, 0x00,
    0x3b, 0x00, 0x00, 0x55, 0xbd, 0x00, 0x00, 0x00, 0x00, 0x00, 0x00, 0x00, 0x00, 0x1c, 0xcf, 0x8f,
    0xcf, 0x53, 0x00, 0x00, 0x00, 0x00, 0xa3, 0xb3, 0x40, 0x39, 0x9b, 0xcc, 0x00, 0xde, 0x00, 0x00,
    0x00, 0x11, 0x08, 0x00, 0x9c, 0x7d, 0x00, 0x72, 0xfc, 0x5d, 0x00, 0x6c, 0xfe, 0x52, 0x00, 0xde,
    0x00, 0x5a, 0x88, 0x9a, 0x88, 0x9a, 0x88, 0x9a, 0x88, 0x9a, 0x90, 0x38, 0x00, 0x00, 0x00, 0x00,
    0x00, 0x00, 0x3a, 0xde, 0x87, 0x00, 0xb6, 0x5e, 0x00, 0x00, 0x00, 0x00, 0x8f, 0x78, 0x35, 0x3c,
    0x35, 0xd6, 0x00, 0xfc, 0x00, 0x00, 0x00, 0x00, 0x00, 0x00, 0x89, 0x8e, 0x09, 0xe2, 0x51, 0xe4,
    0x14, 0xdb, 0x67, 0xdd, 0x00, 0xfd, 0x00, 0x83, 0xb5, 0x53, 0xb5, 0x8d, 0x5e, 0xa6, 0x8d, 0x53,
    0xda, 0x51, 0x00, 0x00, 0x00, 0x00, 0x00, 0x7b, 0xec, 0x67, 0x00, 0x00, 0xcf, 0x53, 0x00, 0x00,
    0x00, 0x00, 0xa3, 0xae, 0xb1, 0x9c, 0xb1, 0xd0, 0x00, 0xde, 0x00, 0x00, 0x00, 0x2a, 0x48, 0x00,
    0x9c, 0x7d, 0x96, 0x95, 0x00, 0x68, 0x94, 0xa0, 0x00, 0xa3, 0x49, 0xde, 0x00, 0x95, 0x89, 0x00,
    0x89, 0x7c, 0x00, 0xa5, 0x53, 0x00, 0xb4, 0x5c, 0x00, 0x00, 0x00, 0x6c, 0xc3, 0xce, 0x33, 0x00,
    0x00, 0x00, 0xb6, 0x5e, 0x00, 0x00, 0x00, 0x00, 0x8f, 0x5e, 0x00, 0x00, 0x00, 0xcf, 0x00, 0xfc,
    0x00, 0x00, 0x00, 0x5b, 0xb6, 0x00, 0x89, 0xb5, 0xc5, 0x1e, 0x00, 0x51, 0xca, 0x26, 0x00, 0x08,
    0x00, 0xfd, 0x5d, 0x9c, 0xb5, 0x53, 0xb5, 0x8d, 0x5e, 0xa6, 0x8d, 0x53, 0xda, 0x7a, 0x4b, 0x00,
    0xc7, 0xc6, 0x72, 0x00, 0x00, 0x00, 0x00, 0x00, 0xd1, 0x53, 0x00, 0x00, 0x00, 0x00, 0xa3, 0xc6,
    0xd6, 0xbc, 0xd6, 0xd7, 0x00, 0xdb, 0x2c, 0x00, 0x00, 0x79, 0xab, 0x00, 0x9c, 0x7d, 0x19, 0x00,
    0x00, 0x00, 0x35, 0x00, 0x00, 0x00, 0x0d, 0xde, 0xa1, 0xb8, 0xa2, 0xb8, 0xa2, 0xb8, 0xa2, 0xb8,
    0xa2, 0xb8, 0xa2, 0xb8, 0x82, 0x00, 0x24, 0x00, 0x00, 0x00, 0x00, 0x15, 0xd4, 0xfb, 0xc5, 0x27,
    0x00, 0x00, 0x00, 0x00, 0x8f, 0x5d, 0x00, 0x00, 0x00, 0xa8, 0x00, 0x9e, 0xbd, 0xde, 0xc4, 0xd2,
    0x3f, 0x00, 0x89, 0x8d, 0x00, 0x00, 0x00, 0x00, 0x00, 0x00, 0x58, 0xfe, 0xdb, 0xb0,
};
static const lv_image_dsc_t melt_img_95 = {
    .header.magic = LV_IMAGE_HEADER_MAGIC,
    .header.cf = LV_COLOR_FORMAT_A8,
    .header.flags = 0,
    .header.w = 54,
    .header.h = 13,
    .header.stride = 54,
    .data_size = sizeof melt_img_95_px,
    .data = melt_img_95_px,
};

static const uint8_t melt_img_96_px[] __attribute__((aligned(4))) = {
    0x00, 0x00, 0x00, 0x00, 0x00, 0x00, 0x00, 0x00, 0x00, 0x00, 0x00, 0x00, 0x00, 0x00, 0x00, 0x00,
    0x00, 0x00, 0x4a, 0xb4, 0x00, 0x00, 0x00, 0x00, 0x00, 0x00, 0x00, 0x00, 0x00, 0x00, 0xbe, 0x19,
    0x00, 0x00, 0x00, 0x59, 0xa9, 0x00, 0x00, 0x00, 0x00, 0x00, 0x00, 0x00, 0x00, 0x00, 0x00, 0x00,
    0x00, 0x00, 0x00, 0x00, 0x94, 0x4a, 0x00, 0x81, 0xc8, 0xe3, 0xc8, 0xe3, 0xc8, 0xe3, 0xc8, 0xe3,
    0xc8, 0xe3, 0xc8, 0x49, 0x00, 0x00, 0x00, 0x00, 0x00, 0xac, 0x8a, 0x00, 0x00, 0x00, 0x00, 0x00,
    0x00, 0x00, 0x00, 0x00, 0x00, 0xdd, 0x17, 0x00, 0x00, 0x00, 0x00, 0xca, 0x5c, 0x00, 0x00, 0x00,
    0x00, 0x67, 0xb6, 0xcf, 0xb6, 0xcf, 0x00, 0x00, 0x00, 0x00, 0x00, 0xcf, 0x51, 0x00, 0x09, 0x13,
    0x11, 0x13, 0x11, 0x13, 0xbf, 0x58, 0x11, 0x13, 0x11, 0x13, 0x04, 0x00, 0x91, 0xca, 0xb2, 0xca,
    0xd6, 0xd8, 0xb2, 0xca, 0xb2, 0xca, 0xb2, 0xca, 0x6d, 0x00, 0x00, 0x00, 0xc2, 0x1b, 0x00, 0xcf,
    0xb6, 0xcf, 0xbc, 0xcf, 0xb6, 0xcf, 0x94, 0x00, 0x6f, 0xb3, 0x4d, 0x58, 0xda, 0x00, 0x00, 0x00,
    0x00, 0x00, 0xb6, 0x5c, 0x00, 0x00, 0x00, 0x00, 0x00, 0x00, 0x00, 0xd8, 0x47, 0x00, 0x00, 0x00,
    0x00, 0x00, 0x00, 0x4d, 0x53, 0x5e, 0xa1, 0xc7, 0x53, 0x5e, 0x53, 0x5e, 0x53, 0x5e, 0x53, 0x39,
    0x00, 0xb8, 0xcd, 0xfb, 0xce, 0xba, 0x00, 0x35, 0x57, 0x00, 0x37, 0x6d, 0x00, 0x00, 0x00, 0x7e,
    0x89, 0x00, 0x00, 0xf6, 0x6d, 0xf6, 0xd8, 0xf6, 0xd8, 0xfd, 0xda, 0xf5, 0x00, 0x00, 0x52, 0x00,
    0x00, 0x00, 0xbe, 0x51, 0x00, 0x00, 0x00, 0x00, 0x00, 0x00, 0x00, 0x00, 0x25, 0xf0, 0x39, 0x00,
    0x00, 0x5e, 0xb6, 0x00, 0x00, 0x00, 0x00, 0x00, 0x00, 0x38, 0xe0, 0x31, 0x00, 0x00, 0xad, 0x89,
    0x00, 0x27, 0xc4, 0x69, 0x00, 0x00, 0x6f, 0x9b, 0x00, 0x00, 0xd9, 0x00, 0x00, 0x00, 0x00, 0x00,
    0xb6, 0x5c, 0x00, 0x00, 0x00, 0xfd, 0x00, 0x00, 0x00, 0xd8, 0x47, 0x00, 0x00, 0x00, 0x00, 0x00,
    0x00, 0x00, 0x00, 0xc6, 0x89, 0x00, 0x00, 0x00, 0x53, 0xcf, 0x00, 0x00, 0x00, 0x00, 0x00, 0x00,
    0x72, 0xff, 0xa2, 0x00, 0x7d, 0xc5, 0x00, 0x00, 0x00, 0x3d, 0xcc, 0x46, 0x00, 0x7e, 0xcc, 0xcf,
    0xb6, 0xfd, 0x00, 0xa7, 0x58, 0x00, 0x00, 0xcf, 0x51, 0x00, 0x00, 0x00, 0xde, 0x00, 0x00, 0x00,
    0xbe, 0xeb, 0xca, 0xe6, 0xca, 0xb1, 0x00, 0x00, 0x00, 0xa8, 0xe0, 0x29, 0x30, 0x5e, 0x53, 0x8d,
    0xc1, 0x5e, 0x53, 0x5e, 0x00, 0x00, 0x00, 0xc6, 0xcc, 0xbf, 0x6c, 0xd4, 0xab, 0x53, 0x00, 0x23,
    0xd2, 0x70, 0x7a, 0x00, 0x6f, 0xb2, 0x4a, 0x55, 0xda, 0x00, 0x3f, 0xea, 0x20, 0x00, 0xb6, 0x5c,
    0x00, 0x00, 0x00, 0xfd, 0x00, 0x00, 0x00, 0xd8, 0x47, 0x00, 0x00, 0x00, 0x00, 0x00, 0x09, 0xb3,
    0xc0, 0xf6, 0x23, 0x68, 0x9b, 0xb1, 0xae, 0xed, 0x9b, 0xb1, 0x9b, 0x00, 0x00, 0x37, 0xb0, 0xdd,
    0x44, 0xa0, 0x00, 0x6e, 0xad, 0x00, 0x7c, 0xb2, 0x00, 0x00, 0x00, 0x7e, 0x89, 0x00, 0x00, 0xf6,
    0x00, 0x00, 0x8b, 0xb4, 0x00, 0xcf, 0x51, 0x00, 0x00, 0x00, 0xde, 0x00, 0x00, 0x00, 0xbe, 0x51,
    0x00, 0x00, 0x00, 0x00, 0x00, 0x00, 0x82, 0x20, 0xd6, 0x27, 0x00, 0x00, 0x00, 0x5e, 0xb6, 0x00,
    0x00, 0x00, 0x00, 0x00, 0x96, 0x78, 0xc2, 0x1b, 0x09, 0x00, 0x00, 0xd4, 0x6d, 0xec, 0x37, 0x00,
    0x00, 0x00, 0x6f, 0x9b, 0x00, 0x00, 0xd9, 0x00, 0x00, 0x17, 0xb3, 0x19, 0xb6, 0x5c, 0x00, 0x00,
    0x00, 0xfd, 0x00, 0x00, 0x00, 0xd8, 0x47, 0x00, 0x00, 0x00, 0x00, 0x00, 0x00, 0x00, 0x00, 0xf3,
    0x23, 0x00, 0x00, 0x00, 0x53, 0xcf, 0x00, 0x00, 0x00, 0x00, 0x11, 0xdf, 0x00, 0xdd, 0x17, 0x00,
    0x00, 0x00, 0x3e, 0xff, 0x94, 0x00, 0x00, 0x00, 0x00, 0x7e, 0xb6, 0x9b, 0x89, 0xfb, 0x00, 0x00,
    0x00, 0x00, 0x00, 0xcf, 0x51, 0x00, 0x00, 0x00, 0xde, 0x00, 0x00, 0x00, 0xbe, 0x51, 0x00, 0x00,
    0x00, 0x00, 0x00, 0x00, 0x00, 0x00, 0xd6, 0x27, 0x00, 0x00, 0x00, 0x5e, 0xb6, 0x00, 0x00, 0x00,
    0x00, 0x00, 0x24, 0x00, 0xc2, 0x1b, 0x00, 0x00, 0x0f, 0xb9, 0xba, 0xef, 0x4f, 0x00, 0x00, 0x00,
    0x6f, 0xc3, 0x70, 0x7f, 0x70, 0x00, 0x00, 0x00, 0x00, 0x00, 0xb6, 0x5c, 0x00, 0x9a, 0x89, 0xfe,
    0x89, 0x9b, 0x89, 0xec, 0x9c, 0x9b, 0x89, 0x9b, 0x89, 0x76, 0x00, 0x00, 0x00, 0xf3, 0x23, 0x5e,
    0x53, 0x5e, 0x7c, 0xdb, 0x53, 0x5e, 0x53, 0x39, 0x00, 0x00, 0x00, 0xdd, 0x17, 0x00, 0x4c, 0xde,
    0x9b, 0x0a, 0x58, 0xf1, 0x99, 0x38, 0x00, 0x4d, 0x53, 0x00, 0x00, 0x00, 0x00, 0x00, 0x26, 0x3b,
    0x35, 0xdb, 0x50, 0x00, 0x6c, 0x7a, 0x6c, 0x7a, 0x6c, 0x7a, 0x6c, 0x7a, 0x6c, 0x7a, 0x6c, 0x7a,
    0x52, 0x00, 0x00, 0x00, 0xd3, 0x27, 0xad, 0xc6, 0xae, 0xc6, 0xae, 0xc6, 0xae, 0xc6, 0x69, 0x00,
    0x00, 0x00, 0xc2, 0x1b, 0x44, 0xdf, 0x5a, 0x00, 0x00, 0x00, 0x25, 0xaa, 0x8f, 0x00, 0x00, 0x00,
    0x00, 0x00, 0x00, 0x00, 0x00, 0x6d, 0xb6, 0xcf, 0xa6, 0x1b, 0x00,
};
static const lv_image_dsc_t melt_img_96 = {
    .header.magic = LV_IMAGE_HEADER_MAGIC,
    .header.cf = LV_COLOR_FORMAT_A8,
    .header.flags = 0,
    .header.w = 55,
    .header.h = 13,
    .header.stride = 55,
    .data_size = sizeof melt_img_96_px,
    .data = melt_img_96_px,
};

static const uint8_t melt_img_97_px[] __attribute__((aligned(4))) = {
    0x00, 0x00, 0xaf, 0x56, 0x00, 0x00, 0x00, 0x46, 0xb6, 0x0a, 0x00, 0x00, 0x00, 0x00, 0x00, 0x00,
    0x00, 0x00, 0x00, 0x00, 0x00, 0x00, 0x00, 0x00, 0x94, 0x49, 0x00, 0x00, 0x00, 0x00, 0x41, 0x92,
    0x00, 0x2c, 0xd8, 0x00, 0x00, 0x00, 0x00, 0x00, 0x00, 0x00, 0x1f, 0x5e, 0x53, 0x5e, 0x53, 0x48,
    0x00, 0x00, 0xa8, 0x00, 0x00, 0x00, 0x00, 0x00, 0x00, 0xcb, 0x4d, 0x00, 0x00, 0x00, 0x00, 0xb7,
    0x6e, 0x00, 0x00, 0x00, 0x00, 0x4e, 0xb6, 0xcf, 0xb6, 0xcf, 0x00, 0x00, 0x00, 0x00, 0x00, 0xcf,
    0x4f, 0x00, 0x00, 0x00, 0x00, 0x9f, 0x92, 0x00, 0x26, 0xfb, 0x00, 0x00, 0x00, 0x00, 0x00, 0x00,
    0x00, 0x5e, 0xc5, 0xbe, 0xa8, 0xcf, 0xab, 0x00, 0x4a, 0xc6, 0x00, 0x00, 0x00, 0x00, 0x00, 0x00,
    0xb3, 0x58, 0x00, 0xbf, 0xb8, 0xd1, 0xba, 0xd1, 0xb8, 0xd1, 0x95, 0x00, 0x54, 0xc4, 0x4b, 0x56,
    0xd6, 0x00, 0x00, 0x00, 0x00, 0x00, 0xb6, 0x5a, 0x00, 0x00, 0x00, 0x0a, 0xcf, 0xae, 0x7e, 0x99,
    0xde, 0x8f, 0x7e, 0x8f, 0x7e, 0x5c, 0x00, 0x00, 0x53, 0x9b, 0x2e, 0x67, 0x51, 0xc2, 0x00, 0x9f,
    0xb5, 0x99, 0x87, 0x99, 0x6b, 0x92, 0xd4, 0xfb, 0xd7, 0xc3, 0x00, 0x26, 0x67, 0x00, 0x2b, 0x77,
    0x00, 0x00, 0x00, 0x5f, 0x9e, 0x00, 0x00, 0xf0, 0x5c, 0xed, 0xd0, 0xed, 0xd0, 0xfb, 0xd4, 0xea,
    0x00, 0x00, 0x73, 0xd8, 0x89, 0x9b, 0x91, 0xfd, 0x89, 0x9b, 0x89, 0x9b, 0x58, 0x00, 0x00, 0x5e,
    0x89, 0x5e, 0xa3, 0x5c, 0xab, 0x00, 0xca, 0x85, 0x72, 0xa4, 0xb9, 0x67, 0x00, 0x08, 0xdd, 0x67,
    0x00, 0x00, 0x9b, 0x9b, 0x00, 0x1c, 0xbd, 0x7d, 0x00, 0x00, 0x54, 0xb3, 0x00, 0x00, 0xd3, 0x00,
    0x00, 0x00, 0x00, 0x00, 0xb6, 0x5a, 0x00, 0x00, 0x26, 0xf1, 0x44, 0x00, 0x00, 0x2d, 0xdc, 0x00,
    0x00, 0x00, 0x00, 0x00, 0x00, 0x00, 0x53, 0x9b, 0x53, 0xb9, 0x51, 0xc2, 0x5c, 0xcf, 0x00, 0x00,
    0x64, 0x9e, 0x00, 0x00, 0x5a, 0xff, 0xb9, 0x00, 0x6f, 0xd4, 0x09, 0x00, 0x00, 0x2a, 0xc8, 0x57,
    0x00, 0x5f, 0xd0, 0xcf, 0xb6, 0xfb, 0x00, 0xa6, 0x61, 0x00, 0x00, 0xcf, 0x4f, 0x00, 0x00, 0x63,
    0x81, 0x00, 0x00, 0x00, 0x35, 0xec, 0x00, 0x00, 0x00, 0x00, 0x00, 0x00, 0x00, 0x5e, 0x89, 0x5e,
    0xa3, 0x5c, 0xab, 0xde, 0xc6, 0x00, 0x00, 0xa0, 0x63, 0x00, 0x00, 0xb2, 0xce, 0xc9, 0x7e, 0xd1,
    0xa0, 0x78, 0x00, 0x11, 0xd7, 0x5e, 0x86, 0x00, 0x54, 0xc0, 0x3e, 0x47, 0xd5, 0x00, 0x36, 0xeb,
    0x23, 0x00, 0xb6, 0x5a, 0x00, 0x00, 0x71, 0x9e, 0x8b, 0x9e, 0x8b, 0xb6, 0xcd, 0x9e, 0x8b, 0x9e,
    0x8b, 0x9e, 0x71, 0x00, 0x53, 0x9b, 0x53, 0xb7, 0x51, 0xc2, 0x5d, 0xba, 0x52, 0x00, 0xb9, 0x31,
    0x00, 0x1b, 0xbe, 0xcb, 0x5a, 0xab, 0x00, 0x49, 0xc0, 0x05, 0x6d, 0xbc, 0x00, 0x00, 0x00, 0x5f,
    0x9e, 0x00, 0x00, 0xf0, 0x00, 0x00, 0x83, 0xbc, 0x00, 0xcf, 0x4f, 0x00, 0x00, 0x60, 0x68, 0x77,
    0x68, 0x77, 0xb0, 0xfe, 0xa8, 0x77, 0x68, 0x77, 0x68, 0x60, 0x00, 0x5e, 0x89, 0x60, 0x8d, 0x5c,
    0xab, 0x00, 0x51, 0xc3, 0x29, 0xda, 0x00, 0x00, 0x81, 0x8f, 0xb3, 0x58, 0x00, 0x00, 0x00, 0xb9,
    0x86, 0xe8, 0x43, 0x00, 0x00, 0x00, 0x54, 0xb3, 0x00, 0x00, 0xd3, 0x00, 0x00, 0x0d, 0xa6, 0x1e,
    0xb6, 0x5a, 0x00, 0x00, 0x00, 0x00, 0x00, 0x00, 0x1a, 0xed, 0x6b, 0xe9, 0x17, 0x00, 0x00, 0x00,
    0x00, 0x00, 0x53, 0x9b, 0x7c, 0x94, 0x51, 0xc2, 0x00, 0x00, 0xb9, 0xbf, 0x78, 0x00, 0x00, 0xd3,
    0x1d, 0xcb, 0x4d, 0x00, 0x00, 0x00, 0x21, 0xfa, 0xa1, 0x00, 0x00, 0x00, 0x00, 0x5f, 0xc0, 0x9b,
    0x89, 0xf8, 0x00, 0x00, 0x00, 0x00, 0x00, 0xcf, 0x4f, 0x00, 0x00, 0x00, 0x00, 0x00, 0x00, 0xba,
    0xaa, 0x00, 0x94, 0xb6, 0x00, 0x00, 0x00, 0x00, 0x00, 0x23, 0x32, 0xc0, 0x5e, 0x53, 0x3f, 0x00,
    0x00, 0x66, 0xe0, 0x2c, 0x00, 0x00, 0x17, 0x00, 0xb3, 0x58, 0x00, 0x00, 0x0f, 0xb6, 0xb4, 0xed,
    0x6c, 0x00, 0x00, 0x00, 0x54, 0xc6, 0x53, 0x5e, 0x53, 0x00, 0x00, 0x00, 0x00, 0x00, 0xb6, 0x5a,
    0x00, 0x00, 0x00, 0x00, 0x20, 0xc1, 0xc0, 0x21, 0x00, 0x15, 0xbc, 0xb8, 0x1a, 0x00, 0x00, 0x00,
    0x00, 0x4e, 0xc0, 0x49, 0xc2, 0x20, 0x00, 0x19, 0xba, 0xc3, 0xad, 0x0f, 0x00, 0x00, 0x00, 0xcb,
    0x4d, 0x00, 0x4f, 0xde, 0x9b, 0x0f, 0x3f, 0xe1, 0xb0, 0x59, 0x00, 0x37, 0x5b, 0x00, 0x00, 0x00,
    0x00, 0x00, 0x35, 0x59, 0x4f, 0xdc, 0x4d, 0x00, 0x00, 0x29, 0x81, 0xf0, 0x9b, 0x1b, 0x00, 0x00,
    0x00, 0x1b, 0xa0, 0xec, 0x7c, 0x31, 0x00, 0x42, 0xc7, 0x51, 0x00, 0x89, 0xa2, 0x33, 0xbc, 0x94,
    0x00, 0xaa, 0xba, 0x37, 0x00, 0x00, 0xaa, 0x53, 0x2e, 0xcf, 0x57, 0x00, 0x00, 0x00, 0x11, 0x90,
    0x8c, 0x00, 0x00, 0x00, 0x00, 0x00, 0x00, 0x00, 0x00, 0x66, 0xb6, 0xce, 0x96, 0x0f, 0x00, 0x00,
    0x95, 0xb5, 0x41, 0x00, 0x00, 0x00, 0x00, 0x00, 0x00, 0x00, 0x4a, 0xb9, 0xa4, 0x00, 0x9b, 0x5a,
    0x00, 0x00, 0x00, 0x6a, 0x98, 0x76, 0x00, 0x00, 0x00, 0x7f, 0x91,
};
static const lv_image_dsc_t melt_img_97 = {
    .header.magic = LV_IMAGE_HEADER_MAGIC,
    .header.cf = LV_COLOR_FORMAT_A8,
    .header.flags = 0,
    .header.w = 55,
    .header.h = 13,
    .header.stride = 55,
    .data_size = sizeof melt_img_97_px,
    .data = melt_img_97_px,
};

static const uint8_t melt_img_98_px[] __attribute__((aligned(4))) = {
    0x00, 0x73, 0x17, 0x00, 0x00, 0x00, 0x00, 0x00, 0xdd, 0x00, 0x00, 0x00, 0x00, 0x00, 0x00, 0x00,
    0xc0, 0x31, 0x00, 0x00, 0x00, 0x00, 0x00, 0x00, 0x00, 0x00, 0x00, 0x00, 0x00, 0x00, 0x00, 0x00,
    0x00, 0x00, 0x00, 0x00, 0x00, 0x00, 0x00, 0x00, 0x00, 0x00, 0x00, 0x00, 0x00, 0x00, 0x00, 0x78,
    0x7a, 0x00, 0x00, 0x00, 0x00, 0x00, 0x00, 0x00, 0x00, 0x00, 0x44, 0x9e, 0x4b, 0x43, 0x53, 0x5e,
    0x53, 0x5e, 0x53, 0x39, 0x00, 0x00, 0x00, 0x00, 0x00, 0x00, 0x00, 0x7b, 0x8e, 0x00, 0x00, 0x00,
    0x00, 0x00, 0x00, 0x81, 0xd6, 0x1c, 0x49, 0xb4, 0xcd, 0xb4, 0xff, 0xb4, 0xcd, 0xb4, 0x67, 0x00,
    0x00, 0x00, 0xe3, 0x2e, 0x00, 0xae, 0xcf, 0xb6, 0xcf, 0xb6, 0xcf, 0xb6, 0xa3, 0x00, 0x99, 0xde,
    0xfc, 0xe0, 0xfd, 0xde, 0xfc, 0xde, 0xfe, 0xde, 0xfc, 0xd9, 0x00, 0x00, 0x00, 0x00, 0x00, 0x00,
    0x00, 0x84, 0xae, 0x00, 0x00, 0x00, 0x00, 0x00, 0x00, 0x42, 0xd0, 0xca, 0xf8, 0x7a, 0x37, 0xa2,
    0xb5, 0x89, 0x9b, 0x89, 0xcd, 0x89, 0x00, 0x00, 0x3c, 0x58, 0x63, 0x58, 0x63, 0x6c, 0xf8, 0x5c,
    0x63, 0x58, 0x63, 0x58, 0x00, 0x00, 0x8a, 0xa1, 0x00, 0x00, 0x00, 0x00, 0xe0, 0x00, 0x00, 0x00,
    0x00, 0x00, 0x00, 0x00, 0xc8, 0x34, 0x00, 0x59, 0x53, 0x5e, 0x53, 0xe5, 0x72, 0x5e, 0x40, 0x00,
    0x00, 0x00, 0x00, 0xca, 0x53, 0x00, 0x00, 0x00, 0xb6, 0x5e, 0x00, 0x00, 0x00, 0x00, 0x00, 0x00,
    0x00, 0x00, 0x00, 0x96, 0x99, 0x00, 0x00, 0x00, 0x00, 0x00, 0x00, 0x1e, 0x21, 0x13, 0xd4, 0x00,
    0x00, 0xb8, 0x53, 0x00, 0x00, 0x00, 0x84, 0x9b, 0x00, 0x00, 0x89, 0xd4, 0x92, 0xa6, 0x92, 0xa6,
    0x92, 0xa6, 0x92, 0xa6, 0x92, 0xa6, 0x00, 0x00, 0x00, 0x16, 0x00, 0x9b, 0xbf, 0xa8, 0xff, 0xa8,
    0xbf, 0xa4, 0x00, 0x00, 0xe4, 0xc8, 0xfb, 0xca, 0xe4, 0x1c, 0x00, 0x00, 0x00, 0xc2, 0x4e, 0x00,
    0x00, 0x00, 0x00, 0x00, 0x00, 0xb2, 0x5e, 0x00, 0x00, 0x00, 0xcf, 0x53, 0x00, 0x00, 0x00, 0x00,
    0x00, 0x14, 0x6d, 0x00, 0x00, 0x84, 0xae, 0x00, 0x08, 0x6e, 0x08, 0x00, 0x00, 0x00, 0x00, 0x11,
    0xf0, 0x00, 0x00, 0xa2, 0x5e, 0x00, 0x00, 0x00, 0x96, 0x89, 0x00, 0x00, 0x9b, 0x86, 0x2a, 0x66,
    0x74, 0x66, 0x74, 0x66, 0x74, 0x69, 0x3d, 0x00, 0x87, 0x9b, 0x89, 0x29, 0x56, 0x85, 0x75, 0x85,
    0xe0, 0x85, 0x75, 0x85, 0x5f, 0x00, 0x00, 0x00, 0xc8, 0x34, 0x00, 0x00, 0x00, 0x00, 0x00, 0xdd,
    0x44, 0x00, 0x00, 0x00, 0x00, 0x00, 0x00, 0xca, 0x53, 0x00, 0x00, 0x00, 0xb6, 0x5e, 0x00, 0x00,
    0x00, 0x00, 0x00, 0x61, 0xc4, 0x00, 0x00, 0x96, 0x99, 0x00, 0x00, 0xc8, 0x7a, 0x00, 0x00, 0x6d,
    0xe0, 0xff, 0xe0, 0xff, 0xb5, 0xb8, 0xc3, 0xd2, 0xb9, 0xd2, 0xcc, 0x9b, 0x00, 0x00, 0x89, 0x99,
    0x32, 0x9a, 0x88, 0x9a, 0x88, 0x9a, 0xb1, 0xf4, 0x51, 0x00, 0x8c, 0x7c, 0xe5, 0x3a, 0x5c, 0x6e,
    0x7d, 0x6e, 0x7d, 0x6e, 0x7d, 0x6e, 0x66, 0x00, 0x00, 0x00, 0xe3, 0x2e, 0x00, 0x00, 0x00, 0x00,
    0x00, 0xc2, 0x4e, 0x00, 0x00, 0x00, 0x00, 0x00, 0x00, 0xb3, 0x5e, 0x00, 0x00, 0x00, 0xcf, 0x53,
    0x00, 0x00, 0x00, 0x00, 0x00, 0x90, 0xa6, 0x00, 0x00, 0x84, 0xae, 0x00, 0x00, 0x40, 0xef, 0x17,
    0x00, 0x00, 0x00, 0x72, 0xf1, 0x00, 0x00, 0x00, 0x00, 0x00, 0x00, 0x00, 0x00, 0x00, 0x00, 0x00,
    0x9b, 0x86, 0x00, 0x00, 0xb5, 0x8c, 0x3b, 0x8b, 0xd5, 0x38, 0x00, 0x00, 0x00, 0x00, 0xb7, 0x42,
    0x00, 0x92, 0xb6, 0xcf, 0xb6, 0xcf, 0xb6, 0x9a, 0x00, 0x00, 0x00, 0x00, 0xc8, 0xa6, 0xbc, 0x4e,
    0x00, 0x00, 0x00, 0xdd, 0x44, 0x00, 0x00, 0x0d, 0xe0, 0xff, 0xe0, 0xff, 0xe0, 0xff, 0xe0, 0xff,
    0xe0, 0xff, 0xe0, 0xff, 0x74, 0x00, 0x04, 0xe7, 0x4a, 0x00, 0x00, 0x96, 0x99, 0x00, 0x00, 0x00,
    0xad, 0x90, 0x00, 0x00, 0x00, 0xd1, 0xde, 0xab, 0x39, 0xcf, 0xb6, 0xcf, 0xb6, 0xcf, 0xb6, 0xcf,
    0x00, 0x00, 0x89, 0x94, 0x00, 0x00, 0x04, 0x7a, 0xc8, 0xe3, 0x2a, 0x00, 0x00, 0x00, 0x00, 0x00,
    0xd0, 0x3a, 0x00, 0x9f, 0x5e, 0x00, 0x00, 0x00, 0x5f, 0xa7, 0x00, 0x0d, 0xb7, 0xd0, 0xfe, 0x8d,
    0x48, 0x00, 0x00, 0x00, 0x00, 0xc2, 0x4e, 0x00, 0x00, 0x00, 0x00, 0x00, 0x00, 0xc2, 0x4f, 0x00,
    0x00, 0x00, 0xcf, 0x53, 0x00, 0x00, 0x00, 0x00, 0x6e, 0xc4, 0x00, 0x00, 0x00, 0x84, 0xae, 0x00,
    0x00, 0x00, 0x61, 0xcd, 0x05, 0x00, 0x72, 0x96, 0xf0, 0x95, 0xa6, 0x45, 0x4f, 0x54, 0xe6, 0x45,
    0x4f, 0x45, 0x00, 0x00, 0xa0, 0x6d, 0xed, 0xd0, 0xed, 0xd0, 0xf0, 0xdd, 0xf3, 0xd0, 0xef, 0xaa,
    0x00, 0x00, 0xb7, 0x42, 0x00, 0xb5, 0xac, 0xae, 0x99, 0xae, 0xad, 0xbe, 0x00, 0x00, 0x6b, 0x31,
    0xc8, 0x34, 0x00, 0x00, 0x00, 0x00, 0x00, 0xdd, 0x44, 0x00, 0x00, 0x00, 0x00, 0x00, 0x21, 0xfa,
    0x00, 0x00, 0x00, 0x00, 0xb6, 0x5e, 0x00, 0x00, 0x00, 0x0f, 0xc3, 0x78, 0x00, 0x00, 0x00, 0x96,
    0x99, 0x00, 0x00, 0x00, 0x00, 0xe9, 0x57, 0x21, 0xc6, 0x34, 0xd4, 0x0a, 0x48, 0x00, 0x00, 0x27,
    0xc5, 0x00, 0x00, 0x00, 0x00, 0x00, 0xa2, 0x60, 0x00, 0x00, 0x00, 0x00, 0xa3, 0x5e, 0x00, 0x24,
    0xc8, 0x46, 0x00, 0x00, 0xd0, 0x3b, 0x61, 0x9f, 0x5e, 0x00, 0x00, 0x00, 0x5f, 0xa7, 0x00, 0x00,
    0x00, 0x00, 0xe3, 0x2e, 0x00, 0x00, 0x00, 0x00, 0x00, 0xc2, 0x4e, 0x00, 0x00, 0x00, 0x00, 0x00,
    0x8d, 0xa8, 0x00, 0x00, 0x00, 0x00, 0xcf, 0x53, 0x00, 0x00, 0x00, 0x42, 0xb8, 0x00, 0x00, 0x00,
    0x00, 0x84, 0xae, 0x00, 0x00, 0x00, 0x00, 0x97, 0x8f, 0x81, 0x92, 0x11, 0xf0, 0x00, 0x00, 0xa3,
    0xcf, 0xba, 0xf8, 0xb6, 0xcf, 0x93, 0x00, 0x00, 0xd4, 0x3e, 0x00, 0x00, 0x00, 0x00, 0xb9, 0x53,
    0x00, 0xb8, 0x70, 0x00, 0x00, 0x00, 0xb7, 0xdd, 0x96, 0xb5, 0xbe, 0xcb, 0xb3, 0xcb, 0xbf, 0xbe,
    0x00, 0x00, 0x00, 0x00, 0xc8, 0x34, 0x00, 0x00, 0x00, 0x00, 0x00, 0xdd, 0x44, 0x00, 0x00, 0x00,
    0x00, 0x38, 0xd6, 0x51, 0x00, 0x00, 0x00, 0x00, 0xb6, 0x5e, 0x00, 0x00, 0x00, 0x00, 0x00, 0x00,
    0x00, 0x00, 0x00, 0x96, 0x99, 0x00, 0x00, 0x00, 0x00, 0x13, 0x00, 0x23, 0x00, 0x13, 0xd4, 0x00,
    0x00, 0x00, 0x00, 0x27, 0xc5, 0x00, 0x00, 0x00, 0x00, 0x11, 0xd6, 0x00, 0x00, 0x00, 0x00, 0x00,
    0xa3, 0x5e, 0x00, 0x17, 0x00, 0x00, 0x00, 0x3c, 0xf6, 0x6f, 0x00, 0x9f, 0x5e, 0x00, 0x00, 0x00,
    0x60, 0xa6, 0x00, 0x00, 0x2f, 0x37, 0xea, 0x28, 0x00, 0x00, 0x37, 0x47, 0x52, 0xcc, 0x48, 0x00,
    0x00, 0x00, 0x43, 0xc8, 0x91, 0x00, 0x00, 0x00, 0x00, 0x00, 0xcf, 0x53, 0x00, 0x00, 0x00, 0x00,
    0x00, 0x00, 0x08, 0x0f, 0x00, 0x89, 0xac, 0x00, 0x00, 0x00, 0x00, 0x00, 0x00, 0x00, 0x00, 0x11,
    0xf0, 0x00, 0x4e, 0x53, 0x5e, 0x60, 0xe8, 0x53, 0x5e, 0x53, 0x23, 0x64, 0xbe, 0x00, 0x00, 0x00,
    0x00, 0x00, 0xba, 0x53, 0x00, 0x00, 0x00, 0x00, 0x00, 0x23, 0x4d, 0x00, 0x00, 0xad, 0x4f, 0x00,
    0x07, 0xd2, 0xb8, 0x78, 0x00, 0x00, 0x5c, 0xcf, 0x9b, 0x00, 0x00, 0x00, 0x55, 0xcf, 0xb6, 0xb9,
    0x07, 0x00, 0x00, 0x00, 0xa1, 0x87, 0x00, 0x00, 0x00, 0x00, 0x00, 0x00, 0xb3, 0x5c, 0x00, 0x00,
    0x00, 0x00, 0x00, 0x00, 0x04, 0xe5, 0xdb, 0xdb, 0x5b, 0x00, 0x00, 0x00, 0x00, 0x00, 0x00, 0x00,
    0x00, 0x11, 0xc9, 0x00, 0x71, 0x9b, 0x89, 0x9b, 0x89, 0x9b, 0x89, 0x9b, 0x32, 0x8b, 0x5e, 0x00,
    0x00, 0x24, 0xd9, 0xf8, 0xc2, 0x39, 0x00, 0x00, 0x00, 0x00,
};
static const lv_image_dsc_t melt_img_98 = {
    .header.magic = LV_IMAGE_HEADER_MAGIC,
    .header.cf = LV_COLOR_FORMAT_A8,
    .header.flags = 0,
    .header.w = 82,
    .header.h = 13,
    .header.stride = 82,
    .data_size = sizeof melt_img_98_px,
    .data = melt_img_98_px,
};

static const uint8_t melt_img_99_px[] __attribute__((aligned(4))) = {
    0x00, 0x74, 0x16, 0x00, 0x00, 0x00, 0x00, 0x00, 0x00, 0x00, 0x00, 0x00, 0x00, 0x00, 0x00, 0x1b,
    0x66, 0x00, 0x00, 0x00, 0x00, 0x00, 0x00, 0x00, 0x00, 0x00, 0x00, 0x00, 0x00, 0x00, 0xab, 0x65,
    0x00, 0x00, 0x00, 0x00, 0x00, 0x00, 0x00, 0x00, 0x00, 0x00, 0x00, 0x00, 0x00, 0x00, 0x00, 0x00,
    0x00, 0x00, 0x00, 0x00, 0x00, 0x00, 0x00, 0x00, 0x00, 0x00, 0x23, 0xb4, 0x41, 0x5e, 0x53, 0x5e,
    0x53, 0x5e, 0x46, 0x00, 0x00, 0x00, 0xb1, 0x11, 0x00, 0x00, 0x00, 0x00, 0x98, 0x00, 0x00, 0x00,
    0x00, 0x00, 0x00, 0x00, 0x57, 0x60, 0x00, 0x00, 0x72, 0x31, 0x00, 0x00, 0x00, 0x00, 0x00, 0x00,
    0x00, 0x00, 0x00, 0x00, 0x00, 0x00, 0x00, 0x00, 0x00, 0x00, 0x72, 0xd4, 0x19, 0x55, 0xc9, 0xe5,
    0xc9, 0xe5, 0xcf, 0xa3, 0x00, 0x00, 0x00, 0x00, 0x20, 0xd8, 0x7f, 0x00, 0x00, 0x00, 0x00, 0x00,
    0x00, 0x00, 0x00, 0x00, 0x00, 0x00, 0x98, 0xc9, 0xbe, 0x30, 0x00, 0x00, 0x00, 0x00, 0x00, 0x00,
    0xbd, 0xcf, 0xb6, 0xcf, 0xb6, 0xcf, 0xb6, 0xe9, 0x57, 0x00, 0x00, 0x00, 0x00, 0x00, 0x00, 0x00,
    0x00, 0x00, 0x00, 0x9a, 0x79, 0xc9, 0x9c, 0x9a, 0x88, 0x9a, 0x88, 0xd8, 0x00, 0x00, 0x00, 0xcf,
    0x0f, 0x00, 0x43, 0x5e, 0x53, 0xdb, 0x53, 0x5e, 0x32, 0x00, 0x00, 0x00, 0x00, 0xe0, 0x47, 0x00,
    0x00, 0x78, 0xa1, 0x00, 0x00, 0x00, 0x00, 0xa8, 0xb6, 0xdb, 0xd5, 0xcf, 0xb6, 0xcf, 0xd6, 0xd6,
    0xb6, 0x86, 0x00, 0x00, 0x77, 0x78, 0x00, 0x00, 0x00, 0x00, 0x00, 0x5e, 0x8f, 0x00, 0x00, 0x00,
    0x00, 0x00, 0x1a, 0xdb, 0x5d, 0x00, 0x00, 0x00, 0x00, 0x00, 0x00, 0x00, 0x00, 0x0a, 0x9d, 0xc2,
    0x0d, 0x5a, 0xc6, 0x4f, 0x00, 0x00, 0x00, 0x00, 0x00, 0xd7, 0x00, 0x00, 0x00, 0x00, 0x00, 0x00,
    0x8c, 0x62, 0x00, 0x00, 0x00, 0x00, 0x00, 0x00, 0x00, 0x00, 0x00, 0x31, 0xc6, 0x15, 0xb1, 0x52,
    0x00, 0x00, 0x00, 0x00, 0xbe, 0x00, 0x2b, 0x5f, 0xc2, 0x63, 0x33, 0x7d, 0x89, 0x9b, 0xcc, 0x9b,
    0x89, 0x5e, 0x00, 0x00, 0x00, 0x89, 0xa8, 0x00, 0x00, 0x00, 0x00, 0xd1, 0x5d, 0x00, 0x00, 0x00,
    0x00, 0x00, 0x51, 0xca, 0x00, 0x00, 0x00, 0xcf, 0x36, 0x00, 0x00, 0x00, 0x00, 0x00, 0x00, 0x00,
    0x00, 0x00, 0x00, 0x00, 0x53, 0xa3, 0x00, 0x00, 0x00, 0x00, 0x00, 0x00, 0x76, 0xed, 0x19, 0x00,
    0x00, 0x00, 0x00, 0x00, 0x00, 0x41, 0xbc, 0xb1, 0x5a, 0x51, 0x00, 0x4b, 0xc9, 0x94, 0x00, 0x00,
    0x00, 0x00, 0xbd, 0x00, 0x00, 0x00, 0x00, 0x00, 0x00, 0xa0, 0x57, 0x00, 0x00, 0x00, 0x00, 0x00,
    0x00, 0x00, 0x00, 0x00, 0xb3, 0xb4, 0x00, 0xc9, 0x6f, 0x55, 0x4a, 0x55, 0x4a, 0xd8, 0x00, 0x4f,
    0x89, 0xe8, 0x8b, 0x5e, 0x00, 0x00, 0x00, 0xcf, 0x00, 0x00, 0x00, 0x00, 0x00, 0x4e, 0xce, 0x2d,
    0x00, 0x00, 0x00, 0x00, 0x33, 0xe8, 0x40, 0x00, 0x00, 0x00, 0x00, 0x5c, 0xb2, 0x00, 0x00, 0x00,
    0xb6, 0x3d, 0x00, 0x00, 0xd2, 0xef, 0xd9, 0x00, 0x00, 0x00, 0x00, 0x00, 0x00, 0x5e, 0x8f, 0x00,
    0x00, 0x00, 0x00, 0x00, 0x00, 0xbc, 0xc2, 0x98, 0x00, 0x00, 0x00, 0x00, 0x00, 0xa6, 0xd0, 0x75,
    0x00, 0x37, 0xbe, 0x7f, 0x00, 0x23, 0xa7, 0xe2, 0x40, 0x00, 0x00, 0xd7, 0x00, 0x00, 0x00, 0x00,
    0x00, 0x00, 0x8c, 0x62, 0x00, 0x00, 0x00, 0x00, 0x00, 0x00, 0x00, 0x00, 0x8f, 0xde, 0x9e, 0x00,
    0x7b, 0xb3, 0x9e, 0xf8, 0x9e, 0xb3, 0x86, 0x00, 0x00, 0x00, 0xb6, 0x11, 0x61, 0xcf, 0xb6, 0xcf,
    0xd6, 0xcf, 0xb6, 0xcf, 0x13, 0x4a, 0xd1, 0x80, 0x38, 0x40, 0x38, 0x40, 0x38, 0x40, 0x71, 0xec,
    0x40, 0x00, 0x00, 0x00, 0x51, 0xca, 0x00, 0x00, 0x00, 0xcf, 0x36, 0x00, 0x00, 0x00, 0x00, 0xf3,
    0x00, 0x00, 0xcb, 0xe7, 0xcb, 0xe7, 0xd0, 0xa3, 0x00, 0x00, 0x00, 0x00, 0x00, 0x19, 0xd6, 0x39,
    0xcd, 0x20, 0x00, 0x00, 0x00, 0x00, 0x57, 0x24, 0x00, 0x00, 0x00, 0x21, 0xb6, 0x37, 0x00, 0x00,
    0x51, 0x08, 0x00, 0x00, 0xbd, 0xc5, 0xad, 0xc5, 0xad, 0xc5, 0xad, 0xe4, 0x57, 0x00, 0x00, 0x00,
    0x00, 0x00, 0x00, 0x00, 0x11, 0xbf, 0x5d, 0xb4, 0x00, 0x00, 0x00, 0x00, 0xd2, 0x00, 0x00, 0x00,
    0x00, 0x00, 0x00, 0xcf, 0x32, 0x3c, 0x00, 0x00, 0x00, 0x00, 0x76, 0x99, 0x00, 0x00, 0x71, 0x73,
    0xb6, 0xcf, 0xd2, 0xdb, 0xb6, 0xcf, 0xc0, 0xcf, 0x67, 0x48, 0x33, 0x9f, 0x8c, 0xb9, 0xca, 0x9f,
    0x8c, 0x9f, 0xcc, 0xad, 0x8c, 0x9f, 0x00, 0x00, 0xd6, 0x00, 0x00, 0xd5, 0x00, 0x00, 0x00, 0x47,
    0x6c, 0x00, 0x00, 0x00, 0x00, 0x00, 0x76, 0xb5, 0x00, 0xa3, 0x86, 0x00, 0x00, 0x00, 0x00, 0x00,
    0x6d, 0xca, 0xb2, 0xca, 0xb2, 0xca, 0xb2, 0xca, 0xa7, 0x15, 0x00, 0x00, 0x00, 0xd7, 0x53, 0x5e,
    0x53, 0x5e, 0x53, 0x5e, 0xa3, 0x62, 0x00, 0x00, 0x00, 0x00, 0x00, 0x00, 0x00, 0x00, 0x00, 0x5e,
    0x9e, 0x92, 0xb6, 0xcf, 0xb6, 0xfb, 0xb6, 0xcf, 0xb6, 0x7e, 0x32, 0x94, 0xd5, 0xd3, 0x6f, 0x9b,
    0x89, 0x9b, 0x89, 0xc6, 0xb6, 0x9b, 0x00, 0x00, 0x00, 0x00, 0x00, 0xcf, 0x41, 0x00, 0x00, 0x5c,
    0xae, 0x00, 0x00, 0x23, 0x53, 0x5e, 0x80, 0xbb, 0x53, 0x5e, 0x53, 0xdb, 0x6a, 0x5e, 0x53, 0x00,
    0x00, 0xf3, 0x00, 0x00, 0xbb, 0x00, 0x00, 0x00, 0x00, 0x00, 0x00, 0x00, 0x00, 0x00, 0x1d, 0xed,
    0x37, 0x00, 0x21, 0xeb, 0x29, 0x00, 0x00, 0x00, 0x00, 0x38, 0x51, 0x5c, 0x51, 0x5c, 0x51, 0x5c,
    0xc1, 0x94, 0x00, 0x00, 0x00, 0x00, 0xbd, 0x00, 0x00, 0x00, 0x00, 0x00, 0x00, 0xa0, 0x57, 0x00,
    0x00, 0x00, 0x00, 0x00, 0x00, 0x00, 0x00, 0x00, 0x53, 0xb4, 0x00, 0x00, 0x00, 0xce, 0xdb, 0xcc,
    0x00, 0x00, 0x00, 0x66, 0x79, 0xdb, 0x0f, 0x23, 0x53, 0x7f, 0x53, 0x5e, 0x94, 0xb5, 0x53, 0x00,
    0x00, 0x00, 0x00, 0x19, 0xd2, 0x05, 0x00, 0x00, 0x53, 0xb0, 0x00, 0x00, 0x00, 0x00, 0x00, 0x98,
    0x7e, 0x00, 0x00, 0x00, 0xb6, 0x3d, 0x00, 0x00, 0x00, 0x00, 0xd6, 0x05, 0x24, 0xd5, 0x00, 0x00,
    0x00, 0x00, 0x3b, 0x35, 0x00, 0x00, 0x00, 0xbe, 0x8c, 0x00, 0x00, 0x00, 0x80, 0xce, 0x04, 0x00,
    0x00, 0x00, 0x00, 0x00, 0x00, 0x00, 0x00, 0x00, 0x7a, 0xc2, 0x00, 0x00, 0x00, 0x00, 0x00, 0xd7,
    0x00, 0x00, 0x00, 0x00, 0x00, 0x00, 0x8c, 0x62, 0x00, 0x00, 0x00, 0x00, 0x00, 0x00, 0x00, 0x00,
    0x00, 0x5e, 0x9e, 0x00, 0x00, 0xad, 0x82, 0xef, 0x77, 0xac, 0x00, 0x00, 0x00, 0x00, 0xb6, 0x11,
    0x00, 0x23, 0xc1, 0x2f, 0x00, 0x87, 0x87, 0x00, 0x00, 0x00, 0x00, 0x00, 0x7c, 0xac, 0x00, 0x00,
    0x00, 0x7c, 0x89, 0x00, 0x00, 0x00, 0x00, 0x00, 0xc8, 0x42, 0x00, 0x00, 0x00, 0xcf, 0x36, 0x00,
    0x00, 0x00, 0x00, 0xf7, 0xba, 0x6d, 0xbb, 0x00, 0x00, 0x00, 0x00, 0x94, 0x7e, 0x00, 0x07, 0xb5,
    0xb1, 0x05, 0x00, 0x00, 0x00, 0x00, 0xb4, 0xb7, 0x0b, 0x00, 0x00, 0x00, 0x00, 0x00, 0x00, 0x00,
    0x55, 0xe0, 0x1d, 0x00, 0x00, 0x00, 0x00, 0x00, 0xbd, 0x41, 0x39, 0x41, 0x39, 0x41, 0x39, 0xaf,
    0x57, 0x00, 0x00, 0x80, 0xaf, 0x05, 0x00, 0x00, 0x00, 0x00, 0x53, 0xb4, 0x11, 0xb3, 0x9e, 0x00,
    0xd2, 0x00, 0x9e, 0xad, 0x07, 0x00, 0x00, 0xcf, 0x0f, 0x00, 0x00, 0x63, 0xa5, 0x00, 0x76, 0x99,
    0x00, 0x00, 0x00, 0x00, 0x46, 0xe7, 0x25, 0x00, 0x00, 0x00, 0x89, 0x8f, 0x00, 0x00, 0x00, 0x00,
    0x7e, 0xc4, 0x00, 0x00, 0x00, 0x00, 0xb6, 0x3d, 0x00, 0x00, 0x00, 0x68, 0xc9, 0x4f, 0x00, 0xec,
    0x6f, 0x6a, 0x5d, 0x70, 0xc0, 0x4d, 0x3d, 0xd6, 0xa5, 0x19, 0x00, 0x00, 0x00, 0x00, 0x00, 0x20,
    0xb8, 0xca, 0x00, 0x00, 0x00, 0x00, 0x00, 0x00, 0x3a, 0xe9, 0x3e, 0x00, 0x00, 0x00, 0x00, 0x00,
    0x00, 0xd7, 0xb6, 0xce, 0xb6, 0xce, 0xb6, 0xce, 0xcc, 0x62, 0x00, 0x00, 0x5b, 0xf1, 0x1f, 0x00,
    0x00, 0x00, 0x00, 0x5e, 0x9e, 0xbe, 0x88, 0x00, 0x00, 0xef, 0x00, 0x00, 0x96, 0xac, 0x11, 0x58,
    0xc0, 0x11, 0x00, 0x00, 0x00, 0x46, 0x50, 0xa8, 0x86, 0x00, 0x00, 0x2a, 0x89, 0xe5, 0x42, 0x00,
    0x23, 0x66, 0x56, 0xde, 0x46, 0x00, 0x00, 0x00, 0x7a, 0xe0, 0x20, 0x00, 0x00, 0x00, 0x00, 0xcf,
    0x36, 0x00, 0x00, 0x00, 0x21, 0x21, 0x00, 0x00, 0x54, 0x9b, 0x89, 0x9b, 0x89, 0x74, 0x00, 0x1e,
    0x66, 0x00, 0x00, 0x00, 0x00, 0x00, 0x00, 0x00, 0x00, 0x05, 0x4b, 0x00, 0x00, 0x00, 0x00, 0x00,
    0x00, 0x6e, 0x61, 0x00, 0x00, 0x00, 0x00, 0x00, 0x00, 0x00, 0x73, 0x00, 0x00, 0x00, 0x00, 0x00,
    0x00, 0x61, 0x35, 0x00, 0x00, 0x23, 0xbc, 0x00, 0x00, 0x00, 0x00, 0x00, 0x3d, 0x87, 0x07, 0x00,
    0x00, 0x00, 0xa8, 0x00, 0x00, 0x00, 0x04, 0x00, 0x8f, 0x90, 0x00, 0x00, 0x00, 0x00, 0x07, 0xbe,
    0x90, 0x3d, 0x00, 0x00, 0x47, 0x95, 0x1a, 0x00, 0x00, 0x13, 0x89, 0x9c, 0x70, 0x00, 0x00, 0x00,
    0x16, 0x9c, 0x21, 0x00, 0x00, 0x00, 0x00, 0x00, 0x93, 0x31, 0x00, 0x00, 0x00, 0x00, 0x00, 0x00,
    0x00, 0x00, 0x00, 0x00, 0x00, 0x00, 0x00, 0x00, 0x00, 0x00, 0x00, 0x00, 0x00, 0x00, 0x00, 0x00,
    0x00, 0x00, 0x00, 0x00, 0x00, 0x00, 0x00, 0x00, 0x00, 0x00, 0x00, 0x00, 0x00, 0x00, 0x00, 0x00,
    0x00, 0x00, 0x00, 0x00, 0x00, 0x00, 0x00, 0x00, 0x00, 0x00, 0x00, 0x00, 0x00, 0x00, 0x9b, 0x4d,
    0x00, 0x00, 0x00, 0x00, 0x00, 0x00, 0x00, 0x00, 0x00, 0x00, 0x00, 0x00, 0x00, 0x00, 0x00, 0x00,
    0x00, 0x00, 0x00, 0x00, 0x00, 0x00, 0x00, 0x00, 0x00, 0x00, 0x00, 0x00, 0x00, 0x00, 0x00, 0x00,
    0x00, 0x00, 0x00, 0x00, 0x00, 0x00, 0x00, 0x00, 0x00, 0x00, 0x00, 0x00, 0x00, 0x00, 0x00, 0x00,
    0x00, 0x00, 0x00, 0x00, 0x00,
};
static const lv_image_dsc_t melt_img_99 = {
    .header.magic = LV_IMAGE_HEADER_MAGIC,
    .header.cf = LV_COLOR_FORMAT_A8,
    .header.flags = 0,
    .header.w = 105,
    .header.h = 13,
    .header.stride = 105,
    .data_size = sizeof melt_img_99_px,
    .data = melt_img_99_px,
};

static const uint8_t melt_img_100_px[] __attribute__((aligned(4))) = {
    0x53, 0x5e, 0x53, 0x5e, 0x53, 0x5e, 0x53, 0x5e, 0x53, 0x5e, 0x4b, 0x00, 0x00, 0x00, 0x00, 0x1b,
    0x79, 0x00, 0x00, 0x00, 0x00, 0x00, 0x00, 0x00, 0x00, 0x00, 0x00, 0x59, 0x82, 0x00, 0x79, 0x9b,
    0x00, 0x00, 0x00, 0x00, 0x00, 0x00, 0x24, 0x6f, 0x61, 0x6f, 0x61, 0x29, 0x00, 0x9a, 0x3f, 0x00,
    0x00, 0x00, 0xfd, 0x89, 0x9f, 0xa5, 0x9b, 0x89, 0x9b, 0x89, 0x9b, 0x89, 0xe7, 0x00, 0x00, 0x00,
    0x00, 0x1d, 0xca, 0x9c, 0x00, 0x00, 0x00, 0x00, 0x00, 0x00, 0x00, 0x00, 0x00, 0x9c, 0x7d, 0x00,
    0x89, 0x89, 0x00, 0x00, 0x00, 0x00, 0x00, 0x00, 0x5e, 0xb5, 0x98, 0x86, 0xce, 0x53, 0x00, 0xc4,
    0x11, 0x00, 0x00, 0x00, 0xdd, 0x00, 0x4f, 0xc3, 0x00, 0x00, 0x00, 0x00, 0x00, 0x00, 0xcb, 0x00,
    0x00, 0x00, 0x00, 0x00, 0x0f, 0xd5, 0x76, 0x00, 0x00, 0x00, 0x00, 0x00, 0x00, 0x00, 0x20, 0xf6,
    0xbe, 0xcf, 0xc8, 0xe8, 0xb6, 0xcf, 0xb6, 0xae, 0x00, 0x00, 0x53, 0x99, 0x68, 0x6b, 0x89, 0x5e,
    0x37, 0xf3, 0xb6, 0xcf, 0xb6, 0xa8, 0x52, 0x00, 0x8c, 0xc0, 0xb1, 0x9c, 0xb1, 0x9c, 0xb1, 0x39,
    0x4d, 0x00, 0x00, 0x00, 0x00, 0x00, 0x00, 0x5f, 0xf6, 0x28, 0x00, 0x00, 0x00, 0x00, 0x00, 0x00,
    0xa0, 0x97, 0x5b, 0x50, 0xa8, 0x9f, 0x5b, 0x50, 0x5b, 0x43, 0x00, 0x00, 0x5e, 0x87, 0x92, 0x75,
    0x9b, 0x53, 0xa0, 0x6d, 0x00, 0x13, 0xcc, 0x00, 0x00, 0x00, 0xa5, 0x81, 0x45, 0x4f, 0x45, 0x4f,
    0x45, 0x1e, 0x00, 0x00, 0x00, 0x00, 0x00, 0x00, 0x00, 0xac, 0xca, 0xb0, 0x00, 0x00, 0x00, 0x00,
    0x00, 0x51, 0xce, 0x1e, 0x00, 0x00, 0x7e, 0x9b, 0x00, 0x00, 0x00, 0x00, 0x00, 0x00, 0x53, 0x99,
    0x81, 0x85, 0x89, 0x6f, 0xd5, 0x42, 0x00, 0x5b, 0x92, 0x00, 0x00, 0x00, 0xe9, 0x32, 0x30, 0x2a,
    0x30, 0x2a, 0x30, 0x1d, 0x00, 0x00, 0x00, 0x00, 0x00, 0x00, 0x00, 0xcf, 0x4a, 0xd0, 0x34, 0x00,
    0x00, 0x00, 0x00, 0x20, 0x5a, 0x2f, 0x35, 0x2f, 0xa6, 0x92, 0x35, 0x2f, 0x35, 0x2f, 0x31, 0x00,
    0x5e, 0x87, 0x92, 0x75, 0x9b, 0x8f, 0xd0, 0x7e, 0x00, 0x78, 0x7b, 0x00, 0x00, 0x2a, 0xb6, 0xcf,
    0xb6, 0xcf, 0xb6, 0xcf, 0xc6, 0xa3, 0x00, 0x00, 0x00, 0x00, 0x00, 0x00, 0x65, 0xce, 0x00, 0x92,
    0x9b, 0x00, 0x00, 0x00, 0x00, 0x8c, 0xb6, 0xcf, 0xb6, 0xcf, 0xd6, 0xff, 0xb6, 0xcf, 0xb6, 0xcf,
    0xaa, 0x00, 0x53, 0x99, 0x84, 0x75, 0x89, 0x5e, 0x17, 0xd9, 0x00, 0xc5, 0x2d, 0x00, 0x00, 0x00,
    0x00, 0x00, 0x00, 0x00, 0x00, 0x00, 0x95, 0x84, 0x00, 0x00, 0x00, 0x00, 0x00, 0x0b, 0xe0, 0x57,
    0x00, 0x17, 0xec, 0x3d, 0x00, 0x00, 0x00, 0x00, 0x00, 0x00, 0x00, 0x1f, 0xf2, 0xb1, 0x63, 0x00,
    0x00, 0x00, 0x00, 0x00, 0x5e, 0x87, 0x9f, 0x53, 0x9b, 0x53, 0x00, 0x8f, 0x8e, 0xb6, 0x00, 0x00,
    0x95, 0xcf, 0xb6, 0xcf, 0xb6, 0xcf, 0xb6, 0x7e, 0x8e, 0x6e, 0x00, 0x00, 0x00, 0x00, 0x00, 0xa2,
    0xab, 0x00, 0x00, 0x00, 0x71, 0xd8, 0x0f, 0x00, 0x00, 0x00, 0x00, 0x00, 0x00, 0xb7, 0x91, 0x44,
    0xc7, 0x21, 0x00, 0x00, 0x00, 0x00, 0x32, 0x5d, 0xb6, 0x3c, 0x53, 0x39, 0x00, 0x24, 0xd5, 0x78,
    0x00, 0x00, 0x00, 0x00, 0x00, 0x00, 0x00, 0x00, 0x00, 0x00, 0xcc, 0x42, 0x00, 0x00, 0x00, 0x00,
    0x84, 0xc8, 0x23, 0x00, 0x00, 0x00, 0x00, 0xaf, 0xb9, 0x09, 0x00, 0x00, 0x00, 0x0d, 0xb1, 0xbe,
    0x19, 0x00, 0x85, 0xbe, 0x27, 0x00, 0x00, 0x00, 0x00, 0x42, 0xca, 0x8b, 0x88, 0x00, 0x00, 0x55,
    0xe4, 0xb3, 0x0d, 0x00, 0x00, 0x00, 0x00, 0x00, 0x00, 0x39, 0x1a, 0x40, 0xcf, 0x00, 0x00, 0x00,
    0x20, 0xb4, 0xc4, 0x37, 0x00, 0x00, 0x00, 0x00, 0x00, 0x21, 0xbc, 0xd2, 0x21, 0x08, 0x67, 0xe3,
    0x9f, 0x1c, 0x00, 0x00, 0x00, 0x84, 0xcf, 0x8f, 0x25, 0x00, 0x2a, 0xd6, 0x3f, 0x0a, 0xba, 0x4d,
    0x61, 0xd8, 0x23, 0x8e, 0xb6, 0x2d, 0x00, 0x00, 0x00, 0x00, 0x00, 0x95, 0xcf, 0xb6, 0x6c, 0x00,
    0x00, 0x00, 0x4b, 0x97, 0x1e, 0x00, 0x00, 0x00, 0x00, 0x00, 0x00, 0x00, 0x13, 0x82, 0x00, 0x7d,
    0xbe, 0x4c, 0x00, 0x00, 0x00, 0x00, 0x00, 0x00, 0x37, 0x98, 0xce, 0x14, 0xac, 0x4b, 0x00, 0x00,
    0x46, 0x5e, 0xc2, 0x23, 0x00, 0x00, 0x74, 0x93,
};
static const lv_image_dsc_t melt_img_100 = {
    .header.magic = LV_IMAGE_HEADER_MAGIC,
    .header.cf = LV_COLOR_FORMAT_A8,
    .header.flags = 0,
    .header.w = 50,
    .header.h = 12,
    .header.stride = 50,
    .data_size = sizeof melt_img_100_px,
    .data = melt_img_100_px,
};

static const uint8_t melt_img_101_px[] __attribute__((aligned(4))) = {
    0x00, 0x00, 0x00, 0x00, 0x00, 0x9a, 0x82, 0x00, 0x00, 0x00, 0x00, 0x00, 0x00, 0x00, 0x00, 0x00,
    0xbc, 0x17, 0x00, 0x00, 0x00, 0x00, 0x00, 0x00, 0x00, 0x00, 0x00, 0x69, 0x89, 0x00, 0x0b, 0x00,
    0x00, 0xe5, 0x00, 0x00, 0x1c, 0x00, 0x00, 0x00, 0x00, 0x00, 0x88, 0x94, 0x00, 0x00, 0x00, 0x00,
    0x00, 0x00, 0x48, 0x58, 0x00, 0xd5, 0x14, 0xb2, 0xb6, 0xcf, 0xb6, 0xcf, 0xb6, 0x00, 0x00, 0x00,
    0x5c, 0x9b, 0x00, 0xab, 0x58, 0x00, 0xca, 0x00, 0x35, 0xd8, 0x00, 0xa6, 0xb6, 0xcf, 0xb6, 0xe8,
    0xca, 0xcf, 0xb6, 0xcf, 0x94, 0x00, 0x00, 0x91, 0x88, 0x00, 0xbc, 0x17, 0x09, 0x0d, 0x0b, 0x0d,
    0x0b, 0xed, 0x00, 0x23, 0x53, 0x93, 0xa0, 0x5e, 0x47, 0xc6, 0x00, 0xe5, 0x00, 0xa0, 0x6d, 0x00,
    0x00, 0x00, 0x00, 0x00, 0x88, 0x94, 0x00, 0x00, 0x00, 0x00, 0x00, 0x00, 0x7f, 0x9a, 0x00, 0xd5,
    0x14, 0x00, 0x00, 0x00, 0x00, 0x00, 0xd0, 0x00, 0x3d, 0xbe, 0xc5, 0xdf, 0xa8, 0x34, 0xc0, 0x21,
    0xca, 0x1c, 0xc0, 0x0a, 0x00, 0x00, 0x00, 0x00, 0x00, 0x9a, 0x82, 0x00, 0x00, 0x00, 0x00, 0x00,
    0x00, 0x91, 0x88, 0x00, 0xbc, 0x17, 0x00, 0x00, 0x00, 0x00, 0x00, 0xed, 0x00, 0x00, 0x00, 0xc2,
    0xbb, 0x05, 0x47, 0x62, 0x53, 0xec, 0x53, 0x72, 0x48, 0x6d, 0x94, 0xa8, 0x94, 0xa8, 0xbc, 0xd3,
    0x94, 0xa8, 0x94, 0xa8, 0x72, 0x00, 0x7f, 0x9a, 0x00, 0xd7, 0x13, 0x63, 0x94, 0xa8, 0x94, 0xa8,
    0xd9, 0x00, 0x00, 0x19, 0xd3, 0xdf, 0x89, 0xa4, 0xa7, 0xbe, 0xa7, 0xbe, 0xa7, 0xe0, 0x36, 0x5e,
    0x53, 0x5e, 0x82, 0xff, 0xe0, 0x8d, 0x53, 0x5e, 0x53, 0x48, 0x00, 0x91, 0x88, 0x00, 0xc2, 0x08,
    0x31, 0x5e, 0x53, 0x5e, 0x53, 0xf1, 0x00, 0x00, 0x6d, 0xbd, 0x89, 0xc6, 0x11, 0x00, 0x00, 0x00,
    0x00, 0x00, 0xc5, 0x00, 0x00, 0x00, 0x35, 0xe4, 0xa4, 0xb5, 0xc5, 0x38, 0x00, 0x00, 0x00, 0x00,
    0x77, 0x90, 0x00, 0xf3, 0x00, 0x00, 0x00, 0x00, 0x00, 0x00, 0xd0, 0x00, 0x00, 0xd1, 0x67, 0x9b,
    0x14, 0x7c, 0x8c, 0x9f, 0x8c, 0x9f, 0x8c, 0xe0, 0x00, 0x00, 0x3f, 0xe1, 0x4d, 0x9a, 0x82, 0x58,
    0xc5, 0x47, 0x00, 0x00, 0x00, 0x00, 0x00, 0x4a, 0xb5, 0x00, 0x00, 0x00, 0x00, 0x00, 0x00, 0xed,
    0x00, 0x6d, 0x92, 0x69, 0x89, 0x00, 0x40, 0x5e, 0x53, 0x5e, 0x53, 0x5e, 0xc5, 0x00, 0x76, 0xe7,
    0x47, 0x00, 0x88, 0x94, 0x00, 0x52, 0xcc, 0x85, 0x00, 0x00, 0x00, 0x00, 0x9f, 0x86, 0x00, 0x13,
    0x11, 0x13, 0x11, 0x13, 0xd1, 0x00, 0x21, 0x23, 0x5c, 0x9b, 0x00, 0x00, 0x00, 0x00, 0x00, 0x00,
    0x00, 0xe0, 0xa0, 0xc8, 0x26, 0x00, 0x00, 0x9a, 0x82, 0x00, 0x00, 0x2f, 0xb1, 0xb2, 0x00, 0x00,
    0x65, 0xe0, 0x13, 0x13, 0xb6, 0xcf, 0xb6, 0xcf, 0xb6, 0xfb, 0x00, 0x00, 0x00, 0x69, 0x89, 0x29,
    0xd1, 0xed, 0xd1, 0xed, 0xd1, 0xed, 0xc5, 0x17, 0x00, 0x00, 0x00, 0x00, 0x86, 0x92, 0x00, 0x00,
    0x00, 0x00, 0x13, 0x00, 0x09, 0xc4, 0x39, 0x00, 0x00, 0x00, 0x00, 0x00, 0x00, 0x00, 0xa5, 0x00,
    0x00, 0x00, 0x59, 0x96, 0x00, 0x00, 0x00, 0x00, 0x00, 0x00, 0x00, 0xb8,
};
static const lv_image_dsc_t melt_img_101 = {
    .header.magic = LV_IMAGE_HEADER_MAGIC,
    .header.cf = LV_COLOR_FORMAT_A8,
    .header.flags = 0,
    .header.w = 37,
    .header.h = 12,
    .header.stride = 37,
    .data_size = sizeof melt_img_101_px,
    .data = melt_img_101_px,
};

static const uint8_t melt_img_102_px[] __attribute__((aligned(4))) = {
    0x00, 0x00, 0x00, 0x00, 0x00, 0x00, 0x00, 0x0f, 0x00, 0x00, 0x00, 0x00, 0x00, 0x00, 0x00, 0x00,
    0x00, 0x00, 0x00, 0x00, 0x00, 0x00, 0x00, 0x76, 0x00, 0x00, 0x00, 0x00, 0x00, 0x00, 0x00, 0x00,
    0x00, 0x00, 0x00, 0x00, 0x00, 0x00, 0x00, 0x00, 0x00, 0x00, 0x00, 0x00, 0x00, 0x00, 0x00, 0x00,
    0x00, 0x00, 0x00, 0x00, 0x00, 0x00, 0x67, 0xff, 0x00, 0x68, 0x00, 0x00, 0x00, 0x00, 0x00, 0x00,
    0x00, 0x00, 0x00, 0x00, 0x00, 0x00, 0xdb, 0xff, 0x00, 0xdd, 0x04, 0x00, 0x00, 0x00, 0x00, 0x00,
    0x00, 0x00, 0x00, 0x00, 0x00, 0x00, 0x00, 0x00, 0x00, 0x00, 0x00, 0x00, 0x00, 0x00, 0x00, 0x00,
    0x00, 0x00, 0x00, 0x00, 0x01, 0x00, 0xff, 0xff, 0x00, 0xff, 0xd0, 0x00, 0x00, 0x00, 0x00, 0x00,
    0x00, 0x00, 0x00, 0x00, 0x46, 0x00, 0xff, 0xff, 0x00, 0xff, 0xff, 0x00, 0x00, 0x00, 0x00, 0x00,
    0x00, 0x00, 0x00, 0x00, 0x00, 0x00, 0x00, 0x00, 0x00, 0x00, 0x00, 0x00, 0x00, 0x00, 0x00, 0x00,
    0x00, 0x00, 0x00, 0x37, 0xff, 0x00, 0xff, 0xff, 0x00, 0xff, 0xff, 0x00, 0x39, 0x00, 0x00, 0x00,
    0x00, 0x00, 0x00, 0xae, 0xff, 0x00, 0xff, 0xff, 0x00, 0xff, 0xff, 0x00, 0xb0, 0x00, 0x00, 0x00,
    0x00, 0x00, 0x00, 0x00, 0x00, 0x00, 0x00, 0x00, 0x00, 0x00, 0x00, 0x00, 0x00, 0x00, 0x00, 0x00,
    0x00, 0x00, 0x00, 0xff, 0xff, 0x00, 0xff, 0xff, 0x00, 0xff, 0xff, 0x00, 0xff, 0xa0, 0x00, 0x00,
    0x00, 0x1d, 0x00, 0xff, 0xff, 0x00, 0xff, 0xff, 0x00, 0xff, 0xff, 0x00, 0xff, 0xfa, 0x00, 0x00,
    0x00, 0x00, 0x00, 0x00, 0x00, 0x00, 0x00, 0x00, 0x00, 0x00, 0x00, 0x00, 0x00, 0x00, 0x00, 0x00,
    0x13, 0xf3, 0x00, 0xff, 0xff, 0x00, 0xff, 0xff, 0x00, 0xff, 0xff, 0x00, 0xff, 0xff, 0x00, 0x14,
    0x30, 0x80, 0x00, 0x80, 0x80, 0x00, 0x80, 0x80, 0x00, 0x80, 0x80, 0x00, 0x80, 0x80, 0x00, 0x31,
};
static const lv_image_dsc_t melt_img_102 = {
    .header.magic = LV_IMAGE_HEADER_MAGIC,
    .header.cf = LV_COLOR_FORMAT_A8,
    .header.flags = 0,
    .header.w = 16,
    .header.h = 17,
    .header.stride = 16,
    .data_size = sizeof melt_img_102_px,
    .data = melt_img_102_px,
};

static const uint8_t melt_img_103_px[] __attribute__((aligned(4))) = {
    0x30, 0x80, 0x00, 0x80, 0x80, 0x00, 0x80, 0x80, 0x00, 0x80, 0x80, 0x00, 0x80, 0x80, 0x00, 0x31,
    0x13, 0xf3, 0x00, 0xff, 0xff, 0x00, 0xff, 0xff, 0x00, 0xff, 0xff, 0x00, 0xff, 0xff, 0x00, 0x14,
    0x00, 0x00, 0x00, 0x00, 0x00, 0x00, 0x00, 0x00, 0x00, 0x00, 0x00, 0x00, 0x00, 0x00, 0x00, 0x00,
    0x00, 0x1d, 0x00, 0xff, 0xff, 0x00, 0xff, 0xff, 0x00, 0xff, 0xff, 0x00, 0xff, 0xfa, 0x00, 0x00,
    0x00, 0x00, 0x00, 0xff, 0xff, 0x00, 0xff, 0xff, 0x00, 0xff, 0xff, 0x00, 0xff, 0xa0, 0x00, 0x00,
    0x00, 0x00, 0x00, 0x00, 0x00, 0x00, 0x00, 0x00, 0x00, 0x00, 0x00, 0x00, 0x00, 0x00, 0x00, 0x00,
    0x00, 0x00, 0x00, 0xae, 0xff, 0x00, 0xff, 0xff, 0x00, 0xff, 0xff, 0x00, 0xb0, 0x00, 0x00, 0x00,
    0x00, 0x00, 0x00, 0x37, 0xff, 0x00, 0xff, 0xff, 0x00, 0xff, 0xff, 0x00, 0x39, 0x00, 0x00, 0x00,
    0x00, 0x00, 0x00, 0x00, 0x00, 0x00, 0x00, 0x00, 0x00, 0x00, 0x00, 0x00, 0x00, 0x00, 0x00, 0x00,
    0x00, 0x00, 0x00, 0x00, 0x46, 0x00, 0xff, 0xff, 0x00, 0xff, 0xff, 0x00, 0x00, 0x00, 0x00, 0x00,
    0x00, 0x00, 0x00, 0x00, 0x01, 0x00, 0xff, 0xff, 0x00, 0xff, 0xd0, 0x00, 0x00, 0x00, 0x00, 0x00,
    0x00, 0x00, 0x00, 0x00, 0x00, 0x00, 0x00, 0x00, 0x00, 0x00, 0x00, 0x00, 0x00, 0x00, 0x00, 0x00,
    0x00, 0x00, 0x00, 0x00, 0x00, 0x00, 0xdb, 0xff, 0x00, 0xdd, 0x04, 0x00, 0x00, 0x00, 0x00, 0x00,
    0x00, 0x00, 0x00, 0x00, 0x00, 0x00, 0x67, 0xff, 0x00, 0x68, 0x00, 0x00, 0x00, 0x00, 0x00, 0x00,
    0x00, 0x00, 0x00, 0x00, 0x00, 0x00, 0x00, 0x00, 0x00, 0x00, 0x00, 0x00, 0x00, 0x00, 0x00, 0x00,
    0x00, 0x00, 0x00, 0x00, 0x00, 0x00, 0x00, 0x76, 0x00, 0x00, 0x00, 0x00, 0x00, 0x00, 0x00, 0x00,
    0x00, 0x00, 0x00, 0x00, 0x00, 0x00, 0x00, 0x0f, 0x00, 0x00, 0x00, 0x00, 0x00, 0x00, 0x00, 0x00,
};
static const lv_image_dsc_t melt_img_103 = {
    .header.magic = LV_IMAGE_HEADER_MAGIC,
    .header.cf = LV_COLOR_FORMAT_A8,
    .header.flags = 0,
    .header.w = 16,
    .header.h = 17,
    .header.stride = 16,
    .data_size = sizeof melt_img_103_px,
    .data = melt_img_103_px,
};

const uint8_t melt_fill_lg_px[] __attribute__((aligned(4))) = {
    0x00, 0x00, 0xff, 0xff, 0x1e, 0xff, 0xff, 0xff, 0xff, 0x1e, 0xff, 0xff, 0xff, 0xff, 0x1e, 0xff,
    0xff, 0xff, 0xff, 0x1e, 0xff, 0xff, 0xff, 0xff, 0x00, 0x00, 0x00, 0x00, 0xff, 0xff, 0x1e, 0xff,
    0xff, 0xff, 0xff, 0x1e, 0xff, 0xff, 0xff, 0xff, 0x1e, 0xff, 0xff, 0xff, 0xff, 0x1e, 0xff, 0xff,
    0xff, 0xff, 0x00, 0x00, 0xff, 0xff, 0xff, 0xff, 0x1e, 0xff, 0xff, 0xff, 0xff, 0x1e, 0xff, 0xff,
    0xff, 0xff, 0x1e, 0xff, 0xff, 0xff, 0xff, 0x1e, 0xff, 0xff, 0xff, 0xff, 0x1e, 0xff, 0xff, 0xff,
    0xff, 0xff, 0x1e, 0xff, 0xff, 0xff, 0xff, 0x1e, 0xff, 0xff, 0xff, 0xff, 0x1e, 0xff, 0xff, 0xff,
    0xff, 0x1e, 0xff, 0xff, 0xff, 0xff, 0x1e, 0xff, 0x1e, 0x1e, 0x1e, 0x1e, 0x1e, 0x1e, 0x1e, 0x1e,
    0x1e, 0x1e, 0x1e, 0x1e, 0x1e, 0x1e, 0x1e, 0x1e, 0x1e, 0x1e, 0x1e, 0x1e, 0x1e, 0x1e, 0x1e, 0x1e,
    0x1e, 0x1e, 0xff, 0xff, 0xff, 0xff, 0x1e, 0xff, 0xff, 0xff, 0xff, 0x1e, 0xff, 0xff, 0xff, 0xff,
    0x1e, 0xff, 0xff, 0xff, 0xff, 0x1e, 0xff, 0xff, 0xff, 0xff, 0x1e, 0xff, 0xff, 0xff, 0xff, 0xff,
    0x1e, 0xff, 0xff, 0xff, 0xff, 0x1e, 0xff, 0xff, 0xff, 0xff, 0x1e, 0xff, 0xff, 0xff, 0xff, 0x1e,
    0xff, 0xff, 0xff, 0xff, 0x1e, 0xff, 0xff, 0xff, 0xff, 0xff, 0x1e, 0xff, 0xff, 0xff, 0xff, 0x1e,
    0xff, 0xff, 0xff, 0xff, 0x1e, 0xff, 0xff, 0xff, 0xff, 0x1e, 0xff, 0xff, 0xff, 0xff, 0x1e, 0xff,
    0xff, 0xff, 0xff, 0xff, 0x1e, 0xff, 0xff, 0xff, 0xff, 0x1e, 0xff, 0xff, 0xff, 0xff, 0x1e, 0xff,
    0xff, 0xff, 0xff, 0x1e, 0xff, 0xff, 0xff, 0xff, 0x1e, 0xff, 0x1e, 0x1e, 0x1e, 0x1e, 0x1e, 0x1e,
    0x1e, 0x1e, 0x1e, 0x1e, 0x1e, 0x1e, 0x1e, 0x1e, 0x1e, 0x1e, 0x1e, 0x1e, 0x1e, 0x1e, 0x1e, 0x1e,
    0x1e, 0x1e, 0x1e, 0x1e, 0xff, 0xff, 0xff, 0xff, 0x1e, 0xff, 0xff, 0xff, 0xff, 0x1e, 0xff, 0xff,
    0xff, 0xff, 0x1e, 0xff, 0xff, 0xff, 0xff, 0x1e, 0xff, 0xff, 0xff, 0xff, 0x1e, 0xff, 0xff, 0xff,
    0xff, 0xff, 0x1e, 0xff, 0xff, 0xff, 0xff, 0x1e, 0xff, 0xff, 0xff, 0xff, 0x1e, 0xff, 0xff, 0xff,
    0xff, 0x1e, 0xff, 0xff, 0xff, 0xff, 0x1e, 0xff, 0xff, 0xff, 0xff, 0xff, 0x1e, 0xff, 0xff, 0xff,
    0xff, 0x1e, 0xff, 0xff, 0xff, 0xff, 0x1e, 0xff, 0xff, 0xff, 0xff, 0x1e, 0xff, 0xff, 0xff, 0xff,
    0x1e, 0xff, 0xff, 0xff, 0xff, 0xff, 0x1e, 0xff, 0xff, 0xff, 0xff, 0x1e, 0xff, 0xff, 0xff, 0xff,
    0x1e, 0xff, 0xff, 0xff, 0xff, 0x1e, 0xff, 0xff, 0xff, 0xff, 0x1e, 0xff, 0x1e, 0x1e, 0x1e, 0x1e,
    0x1e, 0x1e, 0x1e, 0x1e, 0x1e, 0x1e, 0x1e, 0x1e, 0x1e, 0x1e, 0x1e, 0x1e, 0x1e, 0x1e, 0x1e, 0x1e,
    0x1e, 0x1e, 0x1e, 0x1e, 0x1e, 0x1e, 0xff, 0xff, 0xff, 0xff, 0x1e, 0xff, 0xff, 0xff, 0xff, 0x1e,
    0xff, 0xff, 0xff, 0xff, 0x1e, 0xff, 0xff, 0xff, 0xff, 0x1e, 0xff, 0xff, 0xff, 0xff, 0x1e, 0xff,
    0xff, 0xff, 0xff, 0xff, 0x1e, 0xff, 0xff, 0xff, 0xff, 0x1e, 0xff, 0xff, 0xff, 0xff, 0x1e, 0xff,
    0xff, 0xff, 0xff, 0x1e, 0xff, 0xff, 0xff, 0xff, 0x1e, 0xff, 0xff, 0xff, 0xff, 0xff, 0x1e, 0xff,
    0xff, 0xff, 0xff, 0x1e, 0xff, 0xff, 0xff, 0xff, 0x1e, 0xff, 0xff, 0xff, 0xff, 0x1e, 0xff, 0xff,
    0xff, 0xff, 0x1e, 0xff, 0xff, 0xff, 0xff, 0xff, 0x1e, 0xff, 0xff, 0xff, 0xff, 0x1e, 0xff, 0xff,
    0xff, 0xff, 0x1e, 0xff, 0xff, 0xff, 0xff, 0x1e, 0xff, 0xff, 0xff, 0xff, 0x1e, 0xff, 0x1e, 0x1e,
    0x1e, 0x1e, 0x1e, 0x1e, 0x1e, 0x1e, 0x1e, 0x1e, 0x1e, 0x1e, 0x1e, 0x1e, 0x1e, 0x1e, 0x1e, 0x1e,
    0x1e, 0x1e, 0x1e, 0x1e, 0x1e, 0x1e, 0x1e, 0x1e, 0xff, 0xff, 0xff, 0xff, 0x1e, 0xff, 0xff, 0xff,
    0xff, 0x1e, 0xff, 0xff, 0xff, 0xff, 0x1e, 0xff, 0xff, 0xff, 0xff, 0x1e, 0xff, 0xff, 0xff, 0xff,
    0x1e, 0xff, 0xff, 0xff, 0xff, 0xff, 0x1e, 0xff, 0xff, 0xff, 0xff, 0x1e, 0xff, 0xff, 0xff, 0xff,
    0x1e, 0xff, 0xff, 0xff, 0xff, 0x1e, 0xff, 0xff, 0xff, 0xff, 0x1e, 0xff, 0xff, 0xff, 0xff, 0xff,
    0x1e, 0xff, 0xff, 0xff, 0xff, 0x1e, 0xff, 0xff, 0xff, 0xff, 0x1e, 0xff, 0xff, 0xff, 0xff, 0x1e,
    0xff, 0xff, 0xff, 0xff, 0x1e, 0xff, 0xff, 0xff, 0xff, 0xff, 0x1e, 0xff, 0xff, 0xff, 0xff, 0x1e,
    0xff, 0xff, 0xff, 0xff, 0x1e, 0xff, 0xff, 0xff, 0xff, 0x1e, 0xff, 0xff, 0xff, 0xff, 0x1e, 0xff,
    0x00, 0x00, 0x1e, 0x1e, 0x1e, 0x1e, 0x1e, 0x1e, 0x1e, 0x1e, 0x1e, 0x1e, 0x1e, 0x1e, 0x1e, 0x1e,
    0x1e, 0x1e, 0x1e, 0x1e, 0x1e, 0x1e, 0x1e, 0x1e, 0x00, 0x00, 0x00, 0x00, 0xff, 0xff, 0x1e, 0xff,
    0xff, 0xff, 0xff, 0x1e, 0xff, 0xff, 0xff, 0xff, 0x1e, 0xff, 0xff, 0xff, 0xff, 0x1e, 0xff, 0xff,
    0xff, 0xff, 0x00, 0x00,
};
const lv_image_dsc_t melt_fill_lg = {
    .header.magic = LV_IMAGE_HEADER_MAGIC,
    .header.cf = LV_COLOR_FORMAT_A8,
    .header.flags = 0,
    .header.w = 26,
    .header.h = 26,
    .header.stride = 26,
    .data_size = sizeof melt_fill_lg_px,
    .data = melt_fill_lg_px,
};

const uint8_t melt_fill_sm_px[] __attribute__((aligned(4))) = {
    0x00, 0x00, 0xff, 0xff, 0x1e, 0xff, 0xff, 0xff, 0xff, 0x1e, 0xff, 0xff, 0xff, 0xff, 0x1e, 0xff,
    0xff, 0xff, 0xff, 0x1e, 0x00, 0x00, 0x00, 0x00, 0xff, 0xff, 0x1e, 0xff, 0xff, 0xff, 0xff, 0x1e,
    0xff, 0xff, 0xff, 0xff, 0x1e, 0xff, 0xff, 0xff, 0xff, 0x1e, 0x00, 0x00, 0xff, 0xff, 0xff, 0xff,
    0x1e, 0xff, 0xff, 0xff, 0xff, 0x1e, 0xff, 0xff, 0xff, 0xff, 0x1e, 0xff, 0xff, 0xff, 0xff, 0x1e,
    0xff, 0xff, 0xff, 0xff, 0xff, 0xff, 0x1e, 0xff, 0xff, 0xff, 0xff, 0x1e, 0xff, 0xff, 0xff, 0xff,
    0x1e, 0xff, 0xff, 0xff, 0xff, 0x1e, 0xff, 0xff, 0x1e, 0x1e, 0x1e, 0x1e, 0x1e, 0x1e, 0x1e, 0x1e,
    0x1e, 0x1e, 0x1e, 0x1e, 0x1e, 0x1e, 0x1e, 0x1e, 0x1e, 0x1e, 0x1e, 0x1e, 0x1e, 0x1e, 0xff, 0xff,
    0xff, 0xff, 0x1e, 0xff, 0xff, 0xff, 0xff, 0x1e, 0xff, 0xff, 0xff, 0xff, 0x1e, 0xff, 0xff, 0xff,
    0xff, 0x1e, 0xff, 0xff, 0xff, 0xff, 0xff, 0xff, 0x1e, 0xff, 0xff, 0xff, 0xff, 0x1e, 0xff, 0xff,
    0xff, 0xff, 0x1e, 0xff, 0xff, 0xff, 0xff, 0x1e, 0xff, 0xff, 0xff, 0xff, 0xff, 0xff, 0x1e, 0xff,
    0xff, 0xff, 0xff, 0x1e, 0xff, 0xff, 0xff, 0xff, 0x1e, 0xff, 0xff, 0xff, 0xff, 0x1e, 0xff, 0xff,
    0xff, 0xff, 0xff, 0xff, 0x1e, 0xff, 0xff, 0xff, 0xff, 0x1e, 0xff, 0xff, 0xff, 0xff, 0x1e, 0xff,
    0xff, 0xff, 0xff, 0x1e, 0xff, 0xff, 0x1e, 0x1e, 0x1e, 0x1e, 0x1e, 0x1e, 0x1e, 0x1e, 0x1e, 0x1e,
    0x1e, 0x1e, 0x1e, 0x1e, 0x1e, 0x1e, 0x1e, 0x1e, 0x1e, 0x1e, 0x1e, 0x1e, 0xff, 0xff, 0xff, 0xff,
    0x1e, 0xff, 0xff, 0xff, 0xff, 0x1e, 0xff, 0xff, 0xff, 0xff, 0x1e, 0xff, 0xff, 0xff, 0xff, 0x1e,
    0xff, 0xff, 0xff, 0xff, 0xff, 0xff, 0x1e, 0xff, 0xff, 0xff, 0xff, 0x1e, 0xff, 0xff, 0xff, 0xff,
    0x1e, 0xff, 0xff, 0xff, 0xff, 0x1e, 0xff, 0xff, 0xff, 0xff, 0xff, 0xff, 0x1e, 0xff, 0xff, 0xff,
    0xff, 0x1e, 0xff, 0xff, 0xff, 0xff, 0x1e, 0xff, 0xff, 0xff, 0xff, 0x1e, 0xff, 0xff, 0xff, 0xff,
    0xff, 0xff, 0x1e, 0xff, 0xff, 0xff, 0xff, 0x1e, 0xff, 0xff, 0xff, 0xff, 0x1e, 0xff, 0xff, 0xff,
    0xff, 0x1e, 0xff, 0xff, 0x1e, 0x1e, 0x1e, 0x1e, 0x1e, 0x1e, 0x1e, 0x1e, 0x1e, 0x1e, 0x1e, 0x1e,
    0x1e, 0x1e, 0x1e, 0x1e, 0x1e, 0x1e, 0x1e, 0x1e, 0x1e, 0x1e, 0xff, 0xff, 0xff, 0xff, 0x1e, 0xff,
    0xff, 0xff, 0xff, 0x1e, 0xff, 0xff, 0xff, 0xff, 0x1e, 0xff, 0xff, 0xff, 0xff, 0x1e, 0xff, 0xff,
    0xff, 0xff, 0xff, 0xff, 0x1e, 0xff, 0xff, 0xff, 0xff, 0x1e, 0xff, 0xff, 0xff, 0xff, 0x1e, 0xff,
    0xff, 0xff, 0xff, 0x1e, 0xff, 0xff, 0xff, 0xff, 0xff, 0xff, 0x1e, 0xff, 0xff, 0xff, 0xff, 0x1e,
    0xff, 0xff, 0xff, 0xff, 0x1e, 0xff, 0xff, 0xff, 0xff, 0x1e, 0xff, 0xff, 0xff, 0xff, 0xff, 0xff,
    0x1e, 0xff, 0xff, 0xff, 0xff, 0x1e, 0xff, 0xff, 0xff, 0xff, 0x1e, 0xff, 0xff, 0xff, 0xff, 0x1e,
    0xff, 0xff, 0x1e, 0x1e, 0x1e, 0x1e, 0x1e, 0x1e, 0x1e, 0x1e, 0x1e, 0x1e, 0x1e, 0x1e, 0x1e, 0x1e,
    0x1e, 0x1e, 0x1e, 0x1e, 0x1e, 0x1e, 0x1e, 0x1e, 0x00, 0x00, 0xff, 0xff, 0x1e, 0xff, 0xff, 0xff,
    0xff, 0x1e, 0xff, 0xff, 0xff, 0xff, 0x1e, 0xff, 0xff, 0xff, 0xff, 0x1e, 0x00, 0x00, 0x00, 0x00,
    0xff, 0xff, 0x1e, 0xff, 0xff, 0xff, 0xff, 0x1e, 0xff, 0xff, 0xff, 0xff, 0x1e, 0xff, 0xff, 0xff,
    0xff, 0x1e, 0x00, 0x00,
};
const lv_image_dsc_t melt_fill_sm = {
    .header.magic = LV_IMAGE_HEADER_MAGIC,
    .header.cf = LV_COLOR_FORMAT_A8,
    .header.flags = 0,
    .header.w = 22,
    .header.h = 22,
    .header.stride = 22,
    .data_size = sizeof melt_fill_sm_px,
    .data = melt_fill_sm_px,
};

const uint8_t melt_ring_lg_px[] __attribute__((aligned(4))) = {
    0x00, 0x00, 0xd2, 0x46, 0xd2, 0xd2, 0x46, 0xd2, 0xd2, 0x46, 0xd2, 0xd2, 0x46, 0xd2, 0xd2, 0x46,
    0xd2, 0xd2, 0x46, 0xd2, 0xd2, 0x46, 0xd2, 0xd2, 0x00, 0x00, 0x00, 0x00, 0x00, 0x00, 0x00, 0x00,
    0x00, 0x00, 0x00, 0x00, 0x00, 0x00, 0x00, 0x00, 0x00, 0x00, 0x00, 0x00, 0x00, 0x00, 0x00, 0x00,
    0x00, 0x00, 0x00, 0x00, 0xd2, 0x00, 0x00, 0x00, 0x00, 0x00, 0x00, 0x00, 0x00, 0x00, 0x00, 0x00,
    0x00, 0x00, 0x00, 0x00, 0x00, 0x00, 0x00, 0x00, 0x00, 0x00, 0x00, 0x00, 0x00, 0x46, 0x46, 0x00,
    0x00, 0x00, 0x00, 0x00, 0x00, 0x00, 0x00, 0x00, 0x00, 0x00, 0x00, 0x00, 0x00, 0x00, 0x00, 0x00,
    0x00, 0x00, 0x00, 0x00, 0x00, 0x00, 0x00, 0xd2, 0xd2, 0x00, 0x00, 0x00, 0x00, 0x00, 0x00, 0x00,
    0x00, 0x00, 0x00, 0x00, 0x00, 0x00, 0x00, 0x00, 0x00, 0x00, 0x00, 0x00, 0x00, 0x00, 0x00, 0x00,
    0x00, 0xd2, 0xd2, 0x00, 0x00, 0x00, 0x00, 0x00, 0x00, 0x00, 0x00, 0x00, 0x00, 0x00, 0x00, 0x00,
    0x00, 0x00, 0x00, 0x00, 0x00, 0x00, 0x00, 0x00, 0x00, 0x00, 0x00, 0x46, 0x46, 0x00, 0x00, 0x00,
    0x00, 0x00, 0x00, 0x00, 0x00, 0x00, 0x00, 0x00, 0x00, 0x00, 0x00, 0x00, 0x00, 0x00, 0x00, 0x00,
    0x00, 0x00, 0x00, 0x00, 0x00, 0xd2, 0xd2, 0x00, 0x00, 0x00, 0x00, 0x00, 0x00, 0x00, 0x00, 0x00,
    0x00, 0x00, 0x00, 0x00, 0x00, 0x00, 0x00, 0x00, 0x00, 0x00, 0x00, 0x00, 0x00, 0x00, 0x00, 0xd2,
    0xd2, 0x00, 0x00, 0x00, 0x00, 0x00, 0x00, 0x00, 0x00, 0x00, 0x00, 0x00, 0x00, 0x00, 0x00, 0x00,
    0x00, 0x00, 0x00, 0x00, 0x00, 0x00, 0x00, 0x00, 0x00, 0x46, 0x46, 0x00, 0x00, 0x00, 0x00, 0x00,
    0x00, 0x00, 0x00, 0x00, 0x00, 0x00, 0x00, 0x00, 0x00, 0x00, 0x00, 0x00, 0x00, 0x00, 0x00, 0x00,
    0x00, 0x00, 0x00, 0xd2, 0xd2, 0x00, 0x00, 0x00, 0x00, 0x00, 0x00, 0x00, 0x00, 0x00, 0x00, 0x00,
    0x00, 0x00, 0x00, 0x00, 0x00, 0x00, 0x00, 0x00, 0x00, 0x00, 0x00, 0x00, 0x00, 0xd2, 0xd2, 0x00,
    0x00, 0x00, 0x00, 0x00, 0x00, 0x00, 0x00, 0x00, 0x00, 0x00, 0x00, 0x00, 0x00, 0x00, 0x00, 0x00,
    0x00, 0x00, 0x00, 0x00, 0x00, 0x00, 0x00, 0x46, 0x46, 0x00, 0x00, 0x00, 0x00, 0x00, 0x00, 0x00,
    0x00, 0x00, 0x00, 0x00, 0x00, 0x00, 0x00, 0x00, 0x00, 0x00, 0x00, 0x00, 0x00, 0x00, 0x00, 0x00,
    0x00, 0xd2, 0xd2, 0x00, 0x00, 0x00, 0x00, 0x00, 0x00, 0x00, 0x00, 0x00, 0x00, 0x00, 0x00, 0x00,
    0x00, 0x00, 0x00, 0x00, 0x00, 0x00, 0x00, 0x00, 0x00, 0x00, 0x00, 0xd2, 0xd2, 0x00, 0x00, 0x00,
    0x00, 0x00, 0x00, 0x00, 0x00, 0x00, 0x00, 0x00, 0x00, 0x00, 0x00, 0x00, 0x00, 0x00, 0x00, 0x00,
    0x00, 0x00, 0x00, 0x00, 0x00, 0x46, 0x46, 0x00, 0x00, 0x00, 0x00, 0x00, 0x00, 0x00, 0x00, 0x00,
    0x00, 0x00, 0x00, 0x00, 0x00, 0x00, 0x00, 0x00, 0x00, 0x00, 0x00, 0x00, 0x00, 0x00, 0x00, 0xd2,
    0xd2, 0x00, 0x00, 0x00, 0x00, 0x00, 0x00, 0x00, 0x00, 0x00, 0x00, 0x00, 0x00, 0x00, 0x00, 0x00,
    0x00, 0x00, 0x00, 0x00, 0x00, 0x00, 0x00, 0x00, 0x00, 0xd2, 0xd2, 0x00, 0x00, 0x00, 0x00, 0x00,
    0x00, 0x00, 0x00, 0x00, 0x00, 0x00, 0x00, 0x00, 0x00, 0x00, 0x00, 0x00, 0x00, 0x00, 0x00, 0x00,
    0x00, 0x00, 0x00, 0x46, 0x46, 0x00, 0x00, 0x00, 0x00, 0x00, 0x00, 0x00, 0x00, 0x00, 0x00, 0x00,
    0x00, 0x00, 0x00, 0x00, 0x00, 0x00, 0x00, 0x00, 0x00, 0x00, 0x00, 0x00, 0x00, 0xd2, 0xd2, 0x00,
    0x00, 0x00, 0x00, 0x00, 0x00, 0x00, 0x00, 0x00, 0x00, 0x00, 0x00, 0x00, 0x00, 0x00, 0x00, 0x00,
    0x00, 0x00, 0x00, 0x00, 0x00, 0x00, 0x00, 0xd2, 0xd2, 0x00, 0x00, 0x00, 0x00, 0x00, 0x00, 0x00,
    0x00, 0x00, 0x00, 0x00, 0x00, 0x00, 0x00, 0x00, 0x00, 0x00, 0x00, 0x00, 0x00, 0x00, 0x00, 0x00,
    0x00, 0x46, 0x46, 0x00, 0x00, 0x00, 0x00, 0x00, 0x00, 0x00, 0x00, 0x00, 0x00, 0x00, 0x00, 0x00,
    0x00, 0x00, 0x00, 0x00, 0x00, 0x00, 0x00, 0x00, 0x00, 0x00, 0x00, 0xd2, 0xd2, 0x00, 0x00, 0x00,
    0x00, 0x00, 0x00, 0x00, 0x00, 0x00, 0x00, 0x00, 0x00, 0x00, 0x00, 0x00, 0x00, 0x00, 0x00, 0x00,
    0x00, 0x00, 0x00, 0x00, 0x00, 0xd2, 0xd2, 0x00, 0x00, 0x00, 0x00, 0x00, 0x00, 0x00, 0x00, 0x00,
    0x00, 0x00, 0x00, 0x00, 0x00, 0x00, 0x00, 0x00, 0x00, 0x00, 0x00, 0x00, 0x00, 0x00, 0x00, 0x46,
    0x00, 0x00, 0x00, 0x00, 0x00, 0x00, 0x00, 0x00, 0x00, 0x00, 0x00, 0x00, 0x00, 0x00, 0x00, 0x00,
    0x00, 0x00, 0x00, 0x00, 0x00, 0x00, 0x00, 0x00, 0x00, 0x00, 0x00, 0x00, 0x46, 0xd2, 0xd2, 0x46,
    0xd2, 0xd2, 0x46, 0xd2, 0xd2, 0x46, 0xd2, 0xd2, 0x46, 0xd2, 0xd2, 0x46, 0xd2, 0xd2, 0x46, 0xd2,
    0xd2, 0x46, 0x00, 0x00,
};
const lv_image_dsc_t melt_ring_lg = {
    .header.magic = LV_IMAGE_HEADER_MAGIC,
    .header.cf = LV_COLOR_FORMAT_A8,
    .header.flags = 0,
    .header.w = 26,
    .header.h = 26,
    .header.stride = 26,
    .data_size = sizeof melt_ring_lg_px,
    .data = melt_ring_lg_px,
};

const uint8_t melt_ring_sm_px[] __attribute__((aligned(4))) = {
    0x00, 0x00, 0xd2, 0x46, 0xd2, 0xd2, 0x46, 0xd2, 0xd2, 0x46, 0xd2, 0xd2, 0x46, 0xd2, 0xd2, 0x46,
    0xd2, 0xd2, 0x46, 0xd2, 0x00, 0x00, 0x00, 0x00, 0x00, 0x00, 0x00, 0x00, 0x00, 0x00, 0x00, 0x00,
    0x00, 0x00, 0x00, 0x00, 0x00, 0x00, 0x00, 0x00, 0x00, 0x00, 0x00, 0x00, 0xd2, 0x00, 0x00, 0x00,
    0x00, 0x00, 0x00, 0x00, 0x00, 0x00, 0x00, 0x00, 0x00, 0x00, 0x00, 0x00, 0x00, 0x00, 0x00, 0x00,
    0x00, 0xd2, 0x46, 0x00, 0x00, 0x00, 0x00, 0x00, 0x00, 0x00, 0x00, 0x00, 0x00, 0x00, 0x00, 0x00,
    0x00, 0x00, 0x00, 0x00, 0x00, 0x00, 0x00, 0x46, 0xd2, 0x00, 0x00, 0x00, 0x00, 0x00, 0x00, 0x00,
    0x00, 0x00, 0x00, 0x00, 0x00, 0x00, 0x00, 0x00, 0x00, 0x00, 0x00, 0x00, 0x00, 0xd2, 0xd2, 0x00,
    0x00, 0x00, 0x00, 0x00, 0x00, 0x00, 0x00, 0x00, 0x00, 0x00, 0x00, 0x00, 0x00, 0x00, 0x00, 0x00,
    0x00, 0x00, 0x00, 0xd2, 0x46, 0x00, 0x00, 0x00, 0x00, 0x00, 0x00, 0x00, 0x00, 0x00, 0x00, 0x00,
    0x00, 0x00, 0x00, 0x00, 0x00, 0x00, 0x00, 0x00, 0x00, 0x46, 0xd2, 0x00, 0x00, 0x00, 0x00, 0x00,
    0x00, 0x00, 0x00, 0x00, 0x00, 0x00, 0x00, 0x00, 0x00, 0x00, 0x00, 0x00, 0x00, 0x00, 0x00, 0xd2,
    0xd2, 0x00, 0x00, 0x00, 0x00, 0x00, 0x00, 0x00, 0x00, 0x00, 0x00, 0x00, 0x00, 0x00, 0x00, 0x00,
    0x00, 0x00, 0x00, 0x00, 0x00, 0xd2, 0x46, 0x00, 0x00, 0x00, 0x00, 0x00, 0x00, 0x00, 0x00, 0x00,
    0x00, 0x00, 0x00, 0x00, 0x00, 0x00, 0x00, 0x00, 0x00, 0x00, 0x00, 0x46, 0xd2, 0x00, 0x00, 0x00,
    0x00, 0x00, 0x00, 0x00, 0x00, 0x00, 0x00, 0x00, 0x00, 0x00, 0x00, 0x00, 0x00, 0x00, 0x00, 0x00,
    0x00, 0xd2, 0xd2, 0x00, 0x00, 0x00, 0x00, 0x00, 0x00, 0x00, 0x00, 0x00, 0x00, 0x00, 0x00, 0x00,
    0x00, 0x00, 0x00, 0x00, 0x00, 0x00, 0x00, 0xd2, 0x46, 0x00, 0x00, 0x00, 0x00, 0x00, 0x00, 0x00,
    0x00, 0x00, 0x00, 0x00, 0x00, 0x00, 0x00, 0x00, 0x00, 0x00, 0x00, 0x00, 0x00, 0x46, 0xd2, 0x00,
    0x00, 0x00, 0x00, 0x00, 0x00, 0x00, 0x00, 0x00, 0x00, 0x00, 0x00, 0x00, 0x00, 0x00, 0x00, 0x00,
    0x00, 0x00, 0x00, 0xd2, 0xd2, 0x00, 0x00, 0x00, 0x00, 0x00, 0x00, 0x00, 0x00, 0x00, 0x00, 0x00,
    0x00, 0x00, 0x00, 0x00, 0x00, 0x00, 0x00, 0x00, 0x00, 0xd2, 0x46, 0x00, 0x00, 0x00, 0x00, 0x00,
    0x00, 0x00, 0x00, 0x00, 0x00, 0x00, 0x00, 0x00, 0x00, 0x00, 0x00, 0x00, 0x00, 0x00, 0x00, 0x46,
    0xd2, 0x00, 0x00, 0x00, 0x00, 0x00, 0x00, 0x00, 0x00, 0x00, 0x00, 0x00, 0x00, 0x00, 0x00, 0x00,
    0x00, 0x00, 0x00, 0x00, 0x00, 0xd2, 0xd2, 0x00, 0x00, 0x00, 0x00, 0x00, 0x00, 0x00, 0x00, 0x00,
    0x00, 0x00, 0x00, 0x00, 0x00, 0x00, 0x00, 0x00, 0x00, 0x00, 0x00, 0xd2, 0x46, 0x00, 0x00, 0x00,
    0x00, 0x00, 0x00, 0x00, 0x00, 0x00, 0x00, 0x00, 0x00, 0x00, 0x00, 0x00, 0x00, 0x00, 0x00, 0x00,
    0x00, 0x46, 0xd2, 0x00, 0x00, 0x00, 0x00, 0x00, 0x00, 0x00, 0x00, 0x00, 0x00, 0x00, 0x00, 0x00,
    0x00, 0x00, 0x00, 0x00, 0x00, 0x00, 0x00, 0xd2, 0x00, 0x00, 0x00, 0x00, 0x00, 0x00, 0x00, 0x00,
    0x00, 0x00, 0x00, 0x00, 0x00, 0x00, 0x00, 0x00, 0x00, 0x00, 0x00, 0x00, 0x00, 0x00, 0x00, 0x00,
    0xd2, 0x46, 0xd2, 0xd2, 0x46, 0xd2, 0xd2, 0x46, 0xd2, 0xd2, 0x46, 0xd2, 0xd2, 0x46, 0xd2, 0xd2,
    0x46, 0xd2, 0x00, 0x00,
};
const lv_image_dsc_t melt_ring_sm = {
    .header.magic = LV_IMAGE_HEADER_MAGIC,
    .header.cf = LV_COLOR_FORMAT_A8,
    .header.flags = 0,
    .header.w = 22,
    .header.h = 22,
    .header.stride = 22,
    .data_size = sizeof melt_ring_sm_px,
    .data = melt_ring_sm_px,
};

static const melt_phrase_t melt_phrases[] = {
    {"icon:speaker", &melt_img_62, 213, 16},
    {"icon:slash", &melt_img_63, 213, 16},
    {"icon:mute-key", &melt_img_64, 27, 248},
    {"长按切换", &melt_img_65, 61, 250},
    {"静音", &melt_img_66, 121, 250},
    {"统计", &melt_img_67, 159, 16},
    {"icon:stats", &melt_img_68, 139, 16},
    {"数据统计", &melt_img_69, 89, 59},
    {"记下这一刻, 继续向前", &melt_img_70, 66, 276},
    {"今日崩溃", &melt_img_71, 89, 59},
    {"日期未确认", &melt_img_72, 82, 59},
    {"日期回拨", &melt_img_73, 90, 59},
    {"未归档", &melt_img_74, 97, 59},
    {"次", &melt_img_75, 206, 184},
    {"本周", &melt_img_76, 36, 104},
    {"较昨日", &melt_img_77, 36, 210},
    {"icon:ok", &melt_img_78, 27, 218},
    {"icon:down", &melt_img_79, 179, 296},
    {"崩溃时按一下", &melt_img_80, 61, 219},
    {"记入今日", &melt_img_81, 42, 296},
    {"本月", &melt_img_82, 198, 296},
    {"保持分开", &melt_img_83, 176, 296},
    {"icon:up", &melt_img_84, 87, 296},
    {"icon:stats-back", &melt_img_85, 87, 296},
    {"返回今日", &melt_img_86, 105, 296},
    {"03 / 03", &melt_img_87, 147, 17},
    {"周一", &melt_img_88, 8, 48},
    {"周二", &melt_img_89, 8, 48},
    {"周三", &melt_img_90, 8, 48},
    {"周四", &melt_img_91, 8, 48},
    {"周五", &melt_img_92, 8, 48},
    {"周六", &melt_img_93, 8, 48},
    {"周日", &melt_img_94, 8, 48},
    {"蓝牙配网", &melt_img_95, 93, 176},
    {"正在校时", &melt_img_96, 93, 176},
    {"校时失败", &melt_img_97, 93, 176},
    {"请打开小程序", &melt_img_98, 79, 176},
    {"记入今日, 保持分开", &melt_img_99, 68, 176},
    {"写入失败", &melt_img_100, 128, 205},
    {"未归档 ", &melt_img_101, 16, 205},
    {"icon:tri-up", &melt_img_102, 36, 253},
    {"icon:tri-down", &melt_img_103, 36, 253},
};

static const melt_glyph_t melt_glyphs[3][128] = {
    [0] = {
        [32] = {NULL, 8},
        [45] = {&melt_img_37, 8},
        [46] = {&melt_img_36, 8},
        [47] = {&melt_img_38, 8},
        [48] = {&melt_img_0, 8},
        [49] = {&melt_img_1, 8},
        [50] = {&melt_img_2, 8},
        [51] = {&melt_img_3, 8},
        [52] = {&melt_img_4, 8},
        [53] = {&melt_img_5, 8},
        [54] = {&melt_img_6, 8},
        [55] = {&melt_img_7, 8},
        [56] = {&melt_img_8, 8},
        [57] = {&melt_img_9, 8},
        [65] = {&melt_img_10, 8},
        [66] = {&melt_img_11, 8},
        [67] = {&melt_img_12, 8},
        [68] = {&melt_img_13, 8},
        [69] = {&melt_img_14, 8},
        [70] = {&melt_img_15, 8},
        [71] = {&melt_img_16, 8},
        [72] = {&melt_img_17, 8},
        [73] = {&melt_img_18, 8},
        [74] = {&melt_img_19, 8},
        [75] = {&melt_img_20, 8},
        [76] = {&melt_img_21, 8},
        [77] = {&melt_img_22, 8},
        [78] = {&melt_img_23, 8},
        [79] = {&melt_img_24, 8},
        [80] = {&melt_img_25, 8},
        [81] = {&melt_img_26, 8},
        [82] = {&melt_img_27, 8},
        [83] = {&melt_img_28, 8},
        [84] = {&melt_img_29, 8},
        [85] = {&melt_img_30, 8},
        [86] = {&melt_img_31, 8},
        [87] = {&melt_img_32, 8},
        [88] = {&melt_img_33, 8},
        [89] = {&melt_img_34, 8},
        [90] = {&melt_img_35, 8},
    },
    [1] = {
        [43] = {&melt_img_49, 115},
        [48] = {&melt_img_39, 74},
        [49] = {&melt_img_40, 56},
        [50] = {&melt_img_41, 71},
        [51] = {&melt_img_42, 72},
        [52] = {&melt_img_43, 78},
        [53] = {&melt_img_44, 72},
        [54] = {&melt_img_45, 75},
        [55] = {&melt_img_46, 69},
        [56] = {&melt_img_47, 73},
        [57] = {&melt_img_48, 76},
    },
    [2] = {
        [32] = {NULL, 5},
        [43] = {&melt_img_60, 21},
        [45] = {&melt_img_61, 32},
        [48] = {&melt_img_50, 20},
        [49] = {&melt_img_51, 15},
        [50] = {&melt_img_52, 19},
        [51] = {&melt_img_53, 19},
        [52] = {&melt_img_54, 21},
        [53] = {&melt_img_55, 19},
        [54] = {&melt_img_56, 20},
        [55] = {&melt_img_57, 19},
        [56] = {&melt_img_58, 20},
        [57] = {&melt_img_59, 20},
    },
};

const melt_phrase_t *melt_dots_phrase(const char *text)
{
    if (!text) return NULL;
    for (size_t i = 0; i < sizeof melt_phrases / sizeof melt_phrases[0]; i++) {
        if (strcmp(melt_phrases[i].text, text) == 0) return &melt_phrases[i];
    }
    return NULL;
}

const melt_glyph_t *melt_dots_glyph(int face, char ascii)
{
    const unsigned char code = (unsigned char)ascii;
    if (face < 0 || face > 2 || code > 127) return NULL;
    const melt_glyph_t *glyph = &melt_glyphs[face][code];
    if (!glyph->image && glyph->advance == 0) return NULL;
    return glyph;
}
